the	23135851162
of	13151942776
and	12997637966
to	12136980858
in	8469404971
for	5933321709
is	4705743816
on	3750423199
that	3400031103
by	3350048871
this	3228469771
with	3183110675
you	2996181025
it	2813163874
not	2633487141
or	2590739907
be	2398724162
are	2393614870
from	2275595356
at	2272272772
as	2247431740
your	2062066547
all	2022459848
have	1564202750
new	1551258643
more	1544771673
an	1518266684
was	1483428678
we	1390661912
will	1356293641
home	1276852170
can	1242323499
us	1229112622
about	1226734006
if	1134987907
page	1082121730
my	1059793441
has	1046319984
search	1024093118
free	1014107316
but	999899654
our	998757982
one	993536631
other	978481319
do	950751722
no	937112320
information	932594387
time	908705570
they	883223816
site	844310242
he	842847219
up	829969374
may	827822032
what	812395582
which	810514085
their	782849411
news	755424983
out	741601852
use	719980257
any	710741293
there	701170205
see	681410380
only	661844114
so	661809559
his	660177731
when	650621178
contact	645824184
here	639711198
business	637134177
who	630927278
web	619571575
also	616829742
now	611387736
help	611054034
get	605984508
pm	604577485
view	602279334
online	601317059
first	578161543
am	576436203
been	575019382
would	572644147
how	571848080
were	570699558
me	566617666
services	562206804
some	548829454
these	541003982
click	536746424
its	525627757
like	520585287
service	519537222
than	502609275
find	502043038
price	501651226
date	488967374
back	488024109
top	484213771
people	480303376
had	480232730
list	472590641
name	464532702
just	462836169
over	459222855
state	453104133
year	451092583
day	446236148
into	445315294
email	443949646
two	441398439
health	440416431
world	431934249
re	430847564
next	425903347
used	421438139
go	421086358
work	419483948
last	417601616
most	416210411
products	414377632
music	414028837
buy	410780176
data	406908328
make	405084642
them	403000411
should	402028056
product	399116355
system	396975018
post	392956436
her	391961061
city	390564835
add	387231739
policy	384401868
number	383787805
such	380725892
please	380046348
available	379644437
copyright	373906735
support	373512569
message	373081242
after	372948094
best	371852748
software	370517038
then	369928941
jan	366436194
good	365796396
video	365410017
well	362082755
where	360468339
info	352363058
rights	352051342
public	349286123
books	347710184
high	345413157
school	343057316
through	342373303
each	340892856
links	339926541
she	339171382
review	339067778
years	337841309
order	336631187
very	334923368
privacy	333272427
book	330959949
items	330505325
company	324272258
read	322331766
group	321842984
need	319376932
many	318966441
user	316446229
said	315595259
de	314593284
does	314018806
set	313469591
under	313296421
general	311757793
research	311538382
university	311373936
january	310345867
mail	310337185
full	309929179
map	309676581
reviews	307684103
program	306686983
life	306559205
know	306100813
games	305930896
way	305515604
days	305147791
management	304201237
part	302729303
could	302311431
great	301487430
united	299280163
hotel	297974790
real	297674493
item	296534935
international	295639201
center	294319118
must	292774716
store	291308910
travel	287719294
comments	287558448
made	287353021
development	286291411
report	286237372
off	284035693
member	283858893
details	280827841
line	280009597
terms	277705910
before	277546019
hotels	275510917
did	275369513
send	274103587
right	273620358
type	272336859
because	271323986
local	270742935
those	270014141
using	269448880
results	268180843
office	266789622
education	266738068
national	266376620
car	264720374
design	264448339
take	264349801
posted	263851272
internet	263777245
address	261872866
community	261839117
within	261390908
states	260937015
area	259871557
want	258690345
phone	256643812
shipping	256521328
reserved	256443074
subject	256217838
between	255436698
forum	254478181
family	254164055
long	252519588
based	252405204
code	250245121
show	247541986
even	245697701
black	244690155
check	244491090
special	244311841
prices	243435728
index	242826246
being	242783091
women	242520455
much	242326300
sign	242290578
file	241864251
link	240402653
open	239670331
today	239271204
technology	238674296
south	238581133
case	235563000
project	235262594
same	234822585
pages	234001114
version	232445953
section	232251956
own	232011723
found	232005894
sports	231864260
house	231310420
related	231127472
security	230014019
both	228648541
county	227567373
american	227534978
photo	227125249
game	227111505
members	226656153
power	226596368
while	226194991
care	225326739
network	225218991
down	224915894
computer	224177047
systems	223555915
three	223417394
total	222649459
place	220970235
end	220812328
following	220709925
download	220626128
him	219516023
without	219190105
per	218945655
access	217986984
think	217856550
north	217809513
resources	217268632
current	216987137
posts	216822128
big	216690546
media	216432510
law	216122487
control	215560453
water	215178488
history	215000515
pictures	214997918
size	214844153
art	214702696
personal	214671907
since	214302926
including	214195457
guide	213378807
shop	212793848
directory	212478717
board	212361059
location	211243333
change	210601244
white	209863729
text	208780080
small	208371878
rating	207858692
rate	207634179
government	206582673
children	206538107
during	206364495
usa	206211773
return	205629763
students	204801202
shopping	204104275
account	203611349
times	202950880
sites	202755734
level	202563642
digital	202346767
profile	201854745
previous	201692678
form	201395192
events	201235454
love	201063526
old	199694226
john	199642644
main	199616754
call	199608869
hours	198242904
image	197874283
department	197293325
title	196676017
description	196301245
non	196109547
insurance	193271293
another	192535750
why	192000672
shall	191963867
property	191783393
class	191087771
cd	190859046
still	190433487
money	190205072
quality	189509533
every	189325890
listing	188985252
content	188880495
country	188691168
private	187885878
little	187142519
visit	187062316
save	186091095
tools	185555874
low	184815478
reply	184777992
customer	184406888
december	183237239
compare	183202885
movies	182739567
include	182579275
college	182545426
value	182061247
article	181969355
york	181556155
man	181445531
card	181387042
jobs	181075605
provide	181040994
food	180144029
source	179963886
author	179813446
different	179794224
press	179652730
learn	179428286
sale	179224570
around	178810033
print	178250872
course	177976652
job	177706929
canada	177153952
process	176829177
teen	176301486
room	176299905
stock	176295589
training	176129154
too	176093255
credit	175916536
point	175527859
join	174297802
science	174232809
men	174058407
categories	173839008
advanced	173422161
west	173346868
sales	173244220
look	173043002
english	172371546
left	171752631
team	171687825
estate	169256248
box	169231297
conditions	168957006
select	168673045
windows	168532149
photos	167827453
gay	167587791
thread	167518537
week	167202060
category	166811948
note	166657334
live	166005029
large	165863763
gallery	165671626
table	165341452
register	164834442
however	163957176
june	163951797
october	163363054
november	163308383
market	162390150
library	162076395
really	162033390
action	162023431
start	161913408
series	161518557
model	161205740
features	160961088
air	160850401
industry	160812623
plan	160746244
human	160573748
provided	159785849
tv	159603914
yes	159595214
required	159478972
second	159343399
hot	159287179
accessories	158982297
cost	158887256
movie	158421100
forums	158410645
march	158281269
la	157960401
september	157182255
better	157079378
say	156845267
questions	156703712
july	156667525
yahoo	155733641
going	155284081
medical	155254497
test	154999587
friend	154527125
come	154326119
dec	154301106
server	153788544
pc	153460135
study	152978354
application	152776595
cart	152155277
staff	151553180
articles	151531225
san	151350397
feedback	151008079
again	150781416
play	150748333
looking	150610176
issues	150106274
april	149976767
never	149556758
users	149320234
complete	149312237
street	149130754
topic	149001702
comment	148628729
financial	148330257
things	147969893
working	147675944
against	147259825
standard	147177212
tax	146906651
person	146749448
below	145701629
mobile	145490029
less	145430147
got	145057782
party	144707500
payment	144646164
equipment	144298238
login	144200144
student	143590165
let	143062438
programs	142498232
offers	142087909
legal	142048771
above	141894620
recent	141765729
park	141548802
stores	141210433
side	141155373
act	141076205
problem	141012024
red	140799532
give	140688602
memory	140479833
performance	139710600
social	139566375
august	139459917
quote	139242226
language	138517992
story	138433809
sell	137696613
options	137679195
experience	137134662
rates	137089538
create	137071122
key	136862835
body	136560842
young	136341684
america	136214727
important	136103455
field	135289140
few	135132664
east	135037085
paper	134939426
single	134754203
ii	133102742
age	132725767
activities	132685190
club	132428495
example	132369252
girls	132325396
additional	132187702
password	132141721
latest	131952173
something	131836210
road	131800620
gift	131417909
question	130644510
changes	130570251
night	130531484
ca	130326009
hard	130054708
texas	129399241
oct	129301730
pay	129198530
four	129167110
poker	129054826
status	128994593
browse	128740445
issue	128427156
range	128314924
building	128251365
seller	127768853
court	127719981
february	127704851
always	127634767
result	127425045
audio	127014703
light	126699632
write	126645151
war	126517399
nov	126461152
offer	126228968
blue	126160941
groups	125814267
al	125787543
easy	125548527
given	125542966
files	125524478
event	125515260
release	125340846
analysis	124949540
request	124620318
fax	124500817
china	124472054
making	124198695
picture	124116581
needs	123595776
possible	123311561
might	123196001
professional	123162607
yet	123160529
month	123027963
major	122592252
star	122498186
areas	121986327
future	121844371
space	121505269
committee	121345834
hand	121296661
sun	121218500
cards	121094522
problems	121087620
london	121079315
washington	120978063
meeting	120814306
become	120495036
interest	120272948
id	119974321
child	119747393
keep	119602514
enter	119394206
california	119376975
share	119294241
similar	119150817
garden	119014988
schools	118978625
million	118818608
added	118410414
reference	118127636
companies	118106080
listed	117951402
baby	117696064
learning	117672845
energy	117451031
run	117213565
delivery	117119498
net	116883588
popular	116495721
term	116282824
film	116097842
stories	115504667
put	115205090
computers	115168234
journal	114532201
reports	114515959
co	114452742
try	114384208
welcome	114025350
central	113841948
images	113788074
president	113756376
notice	113691786
god	113624357
original	113453183
head	113316224
radio	113285624
until	113090086
cell	113067567
color	112965658
self	112902176
council	112893718
away	112837472
includes	112466751
track	112385243
australia	112197265
discussion	111973466
archive	111971865
once	111882023
others	111397714
entertainment	111394818
agreement	111356320
format	111279626
least	111229798
society	111199035
months	111192257
log	111170350
safety	111064464
friends	110732827
sure	110528740
faq	110323671
trade	110086585
edition	110051463
cars	109717836
messages	109697600
marketing	109596213
tell	109553730
further	109528141
updated	109504766
association	109416386
able	109389038
having	109360096
provides	109213691
david	109067044
fun	108389630
already	108324565
green	108287905
studies	108024858
close	107853068
common	107839275
drive	107799371
specific	107785779
several	107589584
gold	107497778
living	107215961
sep	107145206
collection	107121885
called	106978150
short	106755242
arts	106466033
lot	106405208
ask	106400213
display	106342539
limited	106154969
powered	106119933
solutions	106103720
means	105946662
director	105891641
daily	105837757
beach	105642682
past	105625616
natural	105101771
whether	105014961
due	104908310
et	104251062
electronics	104230315
five	104165769
upon	103921220
period	103906182
planning	103878661
database	103731642
says	103697915
official	103521037
weather	103331913
mar	103203080
land	103132933
average	102837602
done	102812628
technical	102792861
window	102711715
france	102698139
pro	102580860
region	102552342
island	102316998
record	102234743
direct	102234090
conference	101987691
environment	101959294
records	101771329
st	101338951
district	101325723
calendar	101303808
costs	101090970
style	101024266
front	100886343
statement	100868970
update	100765188
parts	100637505
aug	100502612
ever	100264634
downloads	100237452
early	100013194
miles	100012522
sound	100010833
resource	99964083
present	99420744
applications	99324182
either	99143011
ago	98839705
document	98703772
word	98671341
works	98581698
material	98528318
bill	98494166
apr	98081439
written	98056850
talk	97850837
federal	97837595
hosting	97747750
rules	97658641
final	97649084
adult	97583096
tickets	97561755
thing	97451660
centre	97258243
requirements	97233632
via	97167128
cheap	97049762
kids	96602880
finance	96554164
true	96269550
minutes	96242209
else	96020036
mark	95606752
third	95489240
rock	95488543
gifts	95412416
europe	95373445
reading	95289449
topics	95132338
bad	95096787
individual	94815082
tips	94800899
plus	94730251
auto	94700371
cover	94501729
usually	94477370
edit	94159529
together	94113765
videos	94069113
percent	94036312
fast	93941472
function	93878887
fact	93807963
unit	93714361
getting	93483319
global	93450595
tech	93401669
meet	93275872
far	93061804
economic	93044306
en	92803600
player	92709785
projects	92603476
lyrics	92579731
often	92551460
subscribe	92456246
submit	92431559
germany	92151641
amount	92039679
watch	92006970
included	92002729
feel	91924001
though	91905891
bank	91559349
risk	91486135
thanks	91398411
everything	91388083
deals	91189968
various	91156139
words	90910143
production	90612739
commercial	90554932
james	90535679
weight	90506560
town	90478880
heart	90249265
advertising	90210309
received	90037485
choose	90010174
treatment	90001988
newsletter	89828494
archives	89826560
points	89780234
knowledge	89749339
magazine	89744012
error	89396475
camera	89324930
jun	89154690
girl	89139125
currently	89075990
construction	88770071
toys	88712797
registered	88506935
clear	88447610
golf	88332962
receive	88328938
domain	88097391
methods	87897688
chapter	87882874
makes	87829598
protection	87824220
policies	87791839
loan	87785549
wide	87661475
beauty	87572240
manager	87441704
india	87391857
position	87139187
taken	87019836
sort	86985936
listings	86808185
models	86573186
michael	86527408
known	86395556
half	86290420
cases	86255673
step	86147277
engineering	85964618
florida	85775901
simple	85617922
quick	85584600
none	85523201
wireless	85333514
license	85326896
paul	85262640
friday	85245033
lake	85241485
whole	85202530
annual	85043687
published	84923632
later	84857974
basic	84840226
shows	84804638
corporate	84697675
church	84556943
method	84399520
purchase	84333183
customers	84317690
active	84084764
response	84065293
practice	84037810
hardware	84002445
figure	83949754
materials	83901920
fire	83845349
holiday	83671730
chat	83625620
enough	83592616
designed	83559486
along	83444756
among	83431590
death	83216831
writing	83166717
speed	83135749
countries	83082522
loss	83015916
face	82807978
brand	82807581
discount	82646962
higher	82515596
effects	82399410
created	82342853
remember	82222044
standards	82179578
oil	82178167
bit	82113875
yellow	82024459
political	82021775
increase	81983061
advertise	81965610
kingdom	81913366
base	81894680
near	81652767
environmental	81596309
thought	81561217
stuff	81444510
french	81396759
storage	81320471
oh	81258789
japan	81110725
doing	80821946
loans	80821333
shoes	80755612
entry	80717798
stay	80694073
nature	80659036
orders	80605361
availability	80583907
africa	80566883
summary	80526622
turn	80328029
mean	80312172
growth	79998480
notes	79958318
agency	79915539
king	79791224
monday	79697206
european	79665774
activity	79633609
copy	79615682
although	79579407
drug	79424420
pics	79323162
western	79255339
income	79240506
force	79199815
cash	79172952
employment	79105156
overall	78992643
bay	78967124
river	78843808
commission	78817488
ad	78774169
package	78421168
contents	78365831
seen	78365291
players	78292986
engine	78078059
port	78051775
album	77914316
regional	77752808
stop	77749471
supplies	77574804
started	77515342
administration	77515175
bar	77375075
institute	77353032
views	77333335
plans	77295630
double	77287578
dog	77271631
build	77203075
screen	77183863
exchange	77079447
types	77070740
soon	77038135
sponsored	76855129
lines	76806341
electronic	76707502
continue	76659163
across	76597151
benefits	76580951
needed	76528079
season	76445684
apply	76341478
someone	76212141
held	76100888
ny	75993177
anything	75985266
printer	75976795
condition	75963033
effective	75960822
believe	75918053
organization	75604082
effect	75594829
asked	75532722
mind	75393868
sunday	75287070
selection	75196717
casino	74796251
lost	74748656
tour	74702459
menu	74359141
volume	74283471
cross	74230978
anyone	74170036
mortgage	74160962
hope	74145758
silver	74073467
corporation	74073375
wish	74043644
inside	74026748
solution	74000589
mature	73877124
role	73689002
rather	73664932
weeks	73571749
addition	73434482
came	73286694
supply	73220509
nothing	73183983
certain	73108213
executive	73010727
running	72879426
lower	72606927
necessary	72604405
union	72603888
jewelry	72576719
according	72553085
dc	72528782
clothing	72455943
mon	72427611
com	72285198
particular	72056920
fine	71972425
names	71918906
robert	71829013
hour	71765763
gas	71518871
skills	71383598
six	71366336
bush	71289039
islands	71269325
advice	71268723
career	71248807
military	71229404
rental	71013577
decision	71006471
leave	70957750
british	70912501
teens	70859771
pre	70832130
huge	70639535
sat	70639358
woman	70613606
facilities	70595127
zip	70551270
bid	70427114
kind	70420316
sellers	70277573
middle	70164946
move	70113140
cable	70082598
opportunities	70033623
taking	69997427
values	69946284
division	69921273
coming	69889118
tuesday	69843013
object	69819261
lesbian	69734771
appropriate	69671201
machine	69665958
logo	69529976
length	69469598
actually	69444655
nice	69395609
score	69315004
statistics	69194446
client	69189527
ok	69066566
returns	69062618
capital	68991999
follow	68982994
sample	68957421
investment	68891129
sent	68854520
shown	68755779
saturday	68687814
christmas	68648778
england	68620426
culture	68606429
band	68569061
flash	68391647
ms	68359455
lead	68325439
george	68261971
choice	68222335
went	68130142
starting	68080206
registration	68025615
thursday	67751544
courses	67731716
consumer	67665809
hi	67566273
airport	67473261
foreign	67443436
artist	67421654
outside	67415846
furniture	67398005
levels	67360843
channel	67352673
letter	67339854
mode	67315364
phones	67311992
ideas	67309657
wednesday	67213031
structure	67191517
fund	67128807
summer	67102388
allow	67052567
degree	67029686
contract	66895933
button	66811153
releases	66809477
wed	66796198
homes	66753480
super	66703287
male	66638842
matter	66632805
custom	66594716
virginia	66581052
almost	66395121
took	66297175
located	66249627
multiple	66171358
asian	66078353
distribution	66074142
editor	66014490
inn	66007529
industrial	65921648
cause	65904680
potential	65835469
song	65832126
hp	65635495
focus	65626732
late	65574606
fall	65501110
featured	65473127
idea	65459222
rooms	65453403
female	65407567
responsible	65319659
inc	65312988
communications	65305536
win	65264239
associated	65218530
thomas	65173823
primary	65139325
cancer	65078084
numbers	65077140
reason	65066679
tool	65009731
browser	64824987
spring	64814116
foundation	64753514
answer	64649558
voice	64600528
eg	64596001
friendly	64542291
schedule	64504515
documents	64437323
communication	64378554
purpose	64314952
feature	64288914
bed	64262881
comes	64256803
police	64198152
everyone	64197954
independent	64169624
approach	64158347
cameras	64153502
brown	64112042
physical	64090052
operating	64046921
hill	64008398
maps	63947745
medicine	63831932
deal	63828244
hold	63777575
ratings	63776951
chicago	63754684
forms	63561604
glass	63559754
happy	63471922
tue	63387982
smith	63357901
wanted	63301836
developed	63250401
thank	63234550
safe	63168116
unique	63116899
survey	62994830
prior	62949059
telephone	62896274
sport	62683851
ready	62667516
feed	62663785
animal	62566660
sources	62557801
mexico	62544255
population	62452044
pa	62377151
regular	62308697
secure	62287766
navigation	62202958
operations	62143782
therefore	62082477
simply	62012991
evidence	62012277
station	61892291
christian	61873074
round	61836702
favorite	61781016
understand	61719969
option	61717435
master	61704297
valley	61694845
recently	61635402
probably	61626696
rentals	61539280
sea	61532852
built	61502894
publications	61502285
blood	61348302
cut	61337417
worldwide	61319870
improve	61305614
connection	61302455
publisher	61290306
hall	61265768
larger	61265757
anti	61227238
networks	61073308
earth	61059905
parents	61036269
impact	61017528
transfer	61011470
introduction	61004175
kitchen	60975784
strong	60969207
tel	60827708
carolina	60817800
wedding	60758332
properties	60747209
hospital	60720801
ground	60679179
overview	60666200
ship	60649546
accommodation	60589803
owners	60580709
disease	60540973
tx	60436467
excellent	60316327
paid	60294928
italy	60280461
perfect	60179071
hair	60054650
opportunity	60033252
kit	59963349
classic	59957722
basis	59901425
command	59870370
cities	59809444
william	59804374
express	59797675
award	59652161
distance	59651113
tree	59622952
peter	59541743
assessment	59513100
ensure	59507606
thus	59447388
wall	59430375
ie	59425745
involved	59408103
el	59377718
extra	59377307
especially	59336380
interface	59307904
partners	59137995
budget	59106421
rated	59102029
guides	59094266
success	58986603
maximum	58933430
ma	58908038
operation	58855769
existing	58803077
quite	58777731
selected	58668257
boy	58664244
amazon	58657636
patients	58656286
restaurants	58579604
beautiful	58503804
warning	58498692
wine	58491725
locations	58470987
horse	58453720
vote	58387028
forward	58382492
flowers	58374976
stars	58352743
significant	58338630
lists	58249254
technologies	58222418
owner	58189056
retail	58185466
animals	58178554
useful	58144584
directly	58144287
manufacturer	58125159
ways	58114465
est	58112143
son	58094311
providing	57957650
rule	57912422
mac	57875961
housing	57790060
takes	57784233
iii	57697189
bring	57608074
catalog	57567413
searches	57491372
max	57481472
trying	57462639
mother	57432704
authority	57403313
considered	57378298
told	57248600
traffic	57241247
programme	57212448
joined	57202778
input	57191675
strategy	57170155
feet	57146840
agent	57103658
valid	57094711
bin	57076312
modern	57030009
senior	56934903
ireland	56804611
teaching	56677377
door	56638839
grand	56599468
testing	56564005
trial	56547673
charge	56542418
units	56512308
instead	56499843
canadian	56492789
cool	56471180
normal	56442762
wrote	56421594
enterprise	56414984
ships	56365355
entire	56284017
educational	56282937
md	56253287
leading	56201501
metal	56181783
positive	56132270
fl	56095954
fitness	56063953
chinese	56057597
opinion	56038634
mb	56034110
asia	55979169
football	55972678
abstract	55951880
uses	55842334
output	55819696
funds	55721876
mr	55692230
greater	55673859
likely	55669441
develop	55611036
employees	55523958
artists	55504730
alternative	55502123
processing	55486868
responsibility	55448425
resolution	55429399
java	55360149
guest	55293215
seems	55276661
publication	55199085
pass	55189682
relations	55180611
trust	55157142
van	55147325
contains	55145932
session	55143498
multi	55131463
photography	55083965
republic	55051644
fees	54965019
components	54964736
vacation	54946412
century	54929645
academic	54886061
assistance	54831021
completed	54810628
skin	54789622
graphics	54781266
indian	54646045
prev	54576595
ads	54513834
mary	54418499
il	54379896
expected	54346724
ring	54342432
grade	54275130
dating	54274405
pacific	54257643
mountain	54170529
organizations	54146984
pop	54140138
filter	54106694
mailing	54096391
vehicle	54079229
longer	54063969
consider	54062139
int	54000221
northern	53876176
behind	53824933
panel	53784382
floor	53759851
german	53710784
buying	53534781
match	53532481
proposed	53512775
default	53511683
require	53495303
iraq	53491312
boys	53464587
outdoor	53462150
deep	53447410
morning	53444032
otherwise	53406486
allows	53352976
rest	53312008
protein	53253798
plant	53247607
reported	53189294
hit	53171478
transportation	53122840
mm	53083729
pool	53046994
mini	53025248
politics	53007762
partner	52979810
disclaimer	52917604
authors	52891750
boards	52877471
faculty	52815755
parties	52799552
fish	52756224
membership	52738089
mission	52716319
eye	52688696
string	52681344
sense	52629633
modified	52557860
pack	52556205
released	52546300
stage	52518330
internal	52515245
goods	52507183
recommended	52496488
born	52452012
unless	52436419
richard	52423381
detailed	52396856
japanese	52320953
race	52297214
approved	52215969
background	52214134
target	52199865
except	52183597
character	52028227
maintenance	52006621
ability	52004289
maybe	51895609
functions	51816428
ed	51788932
moving	51765877
brands	51697361
places	51696304
pretty	51621090
trademarks	51590807
spain	51553238
southern	51536707
yourself	51531914
etc	51525815
winter	51483174
battery	51449559
youth	51426255
pressure	51407261
submitted	51387515
boston	51387258
debt	51349877
keywords	51331999
medium	51330557
television	51304347
interested	51282170
core	51244541
break	51242970
purposes	51223290
throughout	51160616
sets	51156220
dance	51147967
wood	51130555
itself	51076716
defined	51033173
papers	51024682
playing	51019438
awards	50973666
fee	50931988
studio	50913495
reader	50887864
virtual	50843671
device	50819909
established	50818165
answers	50800782
rent	50767076
las	50701997
remote	50683428
dark	50669807
programming	50630393
external	50604732
apple	50551171
le	50474760
regarding	50409715
instructions	50405472
min	50389892
offered	50347350
theory	50276653
enjoy	50141455
remove	50036200
aid	50022454
surface	50022259
minimum	50001652
visual	49969150
host	49918570
variety	49844591
teachers	49832283
martin	49699093
manual	49698346
block	49694725
subjects	49574004
agents	49551303
increased	49547349
repair	49513286
fair	49510931
civil	49495349
steel	49452604
understanding	49391366
songs	49272598
fixed	49215402
wrong	49156828
beginning	49148844
hands	49087727
associates	49020998
finally	48999091
az	48985772
updates	48858672
desktop	48850257
classes	48836974
paris	48831449
ohio	48812305
gets	48807490
sector	48746882
capacity	48726947
requires	48668931
jersey	48658750
un	48651550
fat	48646296
fully	48616832
father	48580528
electric	48562078
saw	48544776
instruments	48492757
quotes	48490497
officer	48483165
driver	48463463
businesses	48419913
dead	48384167
respect	48329678
unknown	48325930
specified	48284665
restaurant	48255033
mike	48202721
trip	48175593
pst	48137341
worth	48075237
mi	48073394
procedures	48063184
poor	48053008
teacher	48002944
eyes	47975295
relationship	47959756
workers	47954144
farm	47934860
georgia	47898290
peace	47856201
traditional	47847595
campus	47827531
tom	47775300
showing	47745287
creative	47737474
coast	47716394
benefit	47703520
progress	47674782
funding	47661725
devices	47613452
lord	47612536
grant	47609624
sub	47588521
agree	47500911
fiction	47449450
hear	47426506
sometimes	47402973
watches	47364531
careers	47344388
beyond	47315243
goes	47278206
families	47251104
led	47211631
museum	47195123
themselves	47176048
fan	47045446
transport	47041301
interesting	46983244
wife	46946408
evaluation	46929581
accepted	46922000
former	46917563
implementation	46914652
ten	46907473
hits	46901429
zone	46897368
complex	46865979
th	46857152
cat	46839855
galleries	46800115
references	46748380
die	46745446
presented	46729648
jack	46728329
flat	46688059
flow	46684251
agencies	46610382
literature	46607011
respective	46528775
parent	46516265
spanish	46482449
michigan	46437105
columbia	46367780
setting	46347305
dr	46346026
scale	46307526
stand	46292709
economy	46236766
highest	46234721
helpful	46208737
monthly	46198876
critical	46136062
frame	46079991
musical	46057216
definition	46017042
secretary	46013973
angeles	45983826
networking	45918427
path	45905830
australian	45733685
employee	45719822
chief	45699591
gives	45649146
kb	45638167
bottom	45598411
magazines	45575150
packages	45541515
detail	45494334
francisco	45480506
laws	45454173
changed	45453557
pet	45445524
heard	45436523
begin	45434902
individuals	45432300
colorado	45410185
royal	45407189
clean	45381752
switch	45332755
russian	45322858
largest	45314848
african	45314350
guy	45286019
titles	45271886
relevant	45242119
guidelines	45207269
justice	45145293
connect	45133501
bible	45080741
dev	45047619
cup	45032014
basket	45023597
applied	44960208
weekly	44953365
vol	44946800
installation	44936390
described	44905064
demand	44858110
pp	44854981
suite	44829675
vegas	44810653
na	44784650
square	44784448
chris	44754518
attention	44752502
advance	44738913
skip	44681366
diet	44674077
army	44670729
auction	44619724
gear	44569745
lee	44561701
os	44556124
difference	44546845
allowed	44526131
correct	44467948
charles	44466066
nation	44429644
selling	44375770
lots	44361090
piece	44298807
sheet	44295187
firm	44244364
seven	44224906
older	44222089
illinois	44214414
regulations	44201358
elements	44180185
species	44159268
jump	44137441
cells	44128080
module	44127294
resort	44118980
facility	44049643
random	44038489
pricing	44026683
certificate	43972925
minister	43931892
motion	43927084
looks	43897035
fashion	43883676
directions	43874498
visitors	43872888
documentation	43872031
monitor	43848202
trading	43706094
forest	43667070
calls	43661633
whose	43634263
coverage	43621558
couple	43578199
giving	43506778
chance	43461638
vision	43425570
ball	43399906
ending	43310674
clients	43278784
actions	43258456
listen	43252527
discuss	43208309
accept	43171429
automotive	43128760
naked	43110969
goal	43074829
successful	43041696
sold	42979181
wind	42974876
communities	42969195
clinical	42951421
situation	42880250
sciences	42871860
markets	42867375
lowest	42865965
highly	42857273
publishing	42809196
appear	42801104
emergency	42770237
developing	42769271
lives	42750046
currency	42720398
leather	42714053
determine	42707469
temperature	42645254
palm	42631203
announcements	42578510
patient	42560499
actual	42552937
historical	42501329
stone	42494931
bob	42494016
commerce	42459641
perhaps	42450144
persons	42436349
difficult	42436311
scientific	42415451
satellite	42379243
fit	42342802
tests	42336117
village	42335952
accounts	42330284
amateur	42265916
ex	42259849
met	42223443
pain	42182798
particularly	42160203
factors	42106512
coffee	42086828
settings	42062854
buyer	42024703
cultural	42022443
steve	41997245
easily	41949287
oral	41947093
ford	41922237
poster	41893537
edge	41869418
functional	41862937
root	41835168
fi	41812484
closed	41782645
holidays	41730382
ice	41706145
pink	41704519
zealand	41677373
balance	41651718
monitoring	41647453
graduate	41645267
replies	41628442
shot	41614412
architecture	41474428
initial	41372877
label	41359857
thinking	41333371
scott	41326573
sec	41177555
recommend	41146831
canon	41144763
league	41109010
waste	41089558
minute	41061449
bus	41043865
provider	40976633
optional	40839022
dictionary	40838300
cold	40833613
accounting	40819336
manufacturing	40781457
sections	40770979
chair	40764005
fishing	40730311
effort	40728131
phase	40722940
fields	40697933
bag	40671821
fantasy	40666152
po	40656645
letters	40638766
motor	40615655
va	40591806
professor	40572636
context	40568409
install	40502273
shirt	40501964
apparel	40498015
generally	40435813
continued	40414263
foot	40401241
mass	40364941
crime	40361756
count	40345803
breast	40334099
techniques	40278251
ibm	40259661
rd	40231948
johnson	40200521
sc	40185182
quickly	40161558
dollars	40136550
religion	40095362
claim	40085342
driving	40033859
permission	40032805
surgery	40026119
patch	39999745
heat	39971542
wild	39937252
measures	39937049
generation	39912229
kansas	39910915
miss	39897915
chemical	39891285
doctor	39845710
task	39832721
reduce	39830748
brought	39794764
himself	39757666
nor	39753116
component	39752354
enable	39733007
exercise	39699360
bug	39672754
santa	39664896
mid	39610476
guarantee	39603838
leader	39591949
diamond	39573067
israel	39512059
se	39483236
processes	39450440
soft	39440877
servers	39329759
alone	39326417
meetings	39307643
seconds	39304731
jones	39297134
arizona	39283012
keyword	39244593
interests	39238403
flight	39229938
congress	39186605
fuel	39148291
walk	39129365
produced	39030637
italian	39017017
paperback	39015275
wait	39001376
supported	38989028
pocket	38931224
saint	38929141
rose	38911531
freedom	38909717
argument	38902162
competition	38886455
creating	38863806
jim	38854380
drugs	38827156
joint	38827057
premium	38793313
providers	38787600
fresh	38781893
characters	38778931
attorney	38778191
upgrade	38777600
di	38771183
factor	38740174
growing	38729323
thousands	38611137
km	38605173
stream	38592422
apartments	38568257
pick	38542153
hearing	38521552
eastern	38506956
auctions	38496936
therapy	38458400
entries	38442247
dates	38442243
generated	38437769
signed	38369963
upper	38341510
administrative	38339299
serious	38316678
prime	38308402
limit	38290292
began	38269468
louis	38259201
steps	38254292
errors	38243352
shops	38241315
del	38223775
efforts	38222553
informed	38207430
ga	38185755
ac	38166598
thoughts	38162958
creek	38159464
ft	38133521
worked	38128226
quantity	38123233
urban	38087999
practices	38010732
sorted	38002278
reporting	37995481
essential	37987474
myself	37983649
tours	37957036
platform	37930473
load	37896224
affiliate	37877419
labor	37866418
immediately	37857880
admin	37835381
nursing	37822746
defense	37819618
machines	37786251
designated	37777117
tags	37732409
heavy	37668153
covered	37662109
recovery	37644829
joe	37642746
guys	37603892
integrated	37600088
configuration	37589833
merchant	37569902
comprehensive	37544399
expert	37537204
universal	37493474
protect	37455957
drop	37433033
solid	37426444
presentation	37387206
languages	37376019
became	37332761
orange	37316112
compliance	37305612
vehicles	37254344
prevent	37247684
theme	37219937
rich	37200952
im	37166923
campaign	37150011
marine	37143112
improvement	37133738
vs	37115369
guitar	37106331
finding	37102510
pennsylvania	37039579
examples	37025517
saying	36981573
spirit	36971683
ar	36946912
claims	36942635
challenge	36918321
acceptance	36864919
strategies	36860865
mo	36853656
seem	36852843
affairs	36831853
touch	36831035
intended	36830419
towards	36798662
sa	36769721
goals	36766773
hire	36743717
election	36728229
suggest	36726336
branch	36712083
charges	36710704
serve	36697856
affiliates	36686155
reasons	36685859
magic	36676771
mount	36648260
smart	36636558
talking	36617848
gave	36576222
ones	36558085
latin	36548259
multimedia	36522534
avoid	36508203
certified	36493381
manage	36439435
corner	36419737
rank	36408196
computing	36381081
oregon	36353838
element	36306394
birth	36286070
virus	36286003
abuse	36269685
interactive	36253355
requests	36239839
separate	36138447
quarter	36134893
procedure	36129804
leadership	36108608
tables	36089541
define	36087006
racing	36079737
religious	36046200
facts	36041603
breakfast	35991312
kong	35989160
column	35986621
plants	35937825
faith	35936559
chain	35928367
developer	35890230
identify	35854119
avenue	35847733
missing	35813046
died	35803272
approximately	35797333
domestic	35724637
recommendations	35722416
moved	35713495
houston	35697100
reach	35687918
comparison	35683256
mental	35674270
viewed	35666896
moment	35660913
extended	35651592
sequence	35643482
inch	35629597
attack	35599513
sorry	35595812
centers	35590976
opening	35538225
damage	35529909
lab	35525966
reserve	35516087
recipes	35473417
gamma	35426622
plastic	35421202
produce	35383071
snow	35358852
placed	35347899
truth	35345925
counter	35345740
failure	35343900
follows	35327869
eu	35326689
weekend	35287380
dollar	35275336
camp	35255018
ontario	35233760
automatically	35225937
des	35219152
minnesota	35206660
films	35200065
bridge	35180146
native	35160636
fill	35148024
williams	35123723
movement	35105385
printing	35080589
baseball	35068361
owned	35050234
approval	35046541
draft	35033621
chart	35027490
played	34970056
contacts	34965494
cc	34944653
jesus	34929061
readers	34912487
clubs	34881779
lcd	34879794
wa	34865016
jackson	34861007
equal	34832354
adventure	34807033
matching	34803404
offering	34799901
shirts	34764071
profit	34753530
leaders	34742050
posters	34729596
institutions	34727059
assistant	34719060
variable	34715780
ave	34706502
dj	34689225
advertisement	34681267
expect	34675677
parking	34672915
headlines	34646214
yesterday	34639311
compared	34638205
determined	34600925
wholesale	34597350
workshop	34531832
russia	34513420
gone	34511028
codes	34503537
kinds	34482138
extension	34464199
seattle	34427671
statements	34416902
golden	34416555
completely	34385075
teams	34383288
fort	34358210
cm	34312385
wi	34305144
lighting	34304870
senate	34302775
forces	34300503
funny	34281806
brother	34273892
gene	34266155
turned	34215128
portable	34207743
tried	34201786
electrical	34176498
applicable	34173309
disc	34140094
returned	34138333
pattern	34124878
ct	34123861
boat	34104031
named	34099544
theatre	34095301
laser	34080740
earlier	34079706
manufacturers	34073462
sponsor	33988132
classical	33957503
icon	33955393
warranty	33921186
dedicated	33916569
indiana	33897228
direction	33868571
harry	33867934
basketball	33848810
objects	33845165
ends	33798717
delete	33766846
evening	33705304
assembly	33704254
nuclear	33689967
taxes	33674672
mouse	33667003
signal	33648212
criminal	33646918
issued	33644425
brain	33612784
wisconsin	33592434
powerful	33538932
dream	33518573
obtained	33486258
false	33476460
da	33450232
cast	33395024
flower	33364539
felt	33321821
personnel	33277887
passed	33242084
supplied	33239429
identified	33222080
falls	33213513
pic	33210991
soul	33173763
aids	33155753
opinions	33135354
promote	33113081
stated	33100777
stats	33096627
hawaii	33075697
professionals	33070733
appears	33068735
carry	33056477
flag	33050354
decided	33030803
nj	33014240
covers	32972573
hr	32969615
em	32964905
advantage	32963469
hello	32960381
designs	32955678
maintain	32942067
tourism	32925132
priority	32917021
newsletters	32868357
adults	32847475
clips	32846497
savings	32817684
iv	32807831
graphic	32780694
atom	32776867
payments	32757146
estimated	32731518
binding	32603649
brief	32599674
ended	32588866
winning	32570914
eight	32567724
anonymous	32563033
iron	32552371
straight	32551647
script	32549924
served	32541796
wants	32538214
miscellaneous	32502581
prepared	32502271
void	32491126
dining	32489479
alert	32472727
integration	32462658
atlanta	32440124
dakota	32437534
tag	32432108
interview	32430752
mix	32428241
framework	32421841
disk	32375647
installed	32372686
queen	32366847
credits	32341959
clearly	32338676
fix	32334055
handle	32318665
sweet	32311923
desk	32311444
criteria	32302695
dave	32281596
massachusetts	32270027
diego	32238555
hong	32225582
vice	32220446
associate	32217516
ne	32142023
truck	32136249
behavior	32128221
enlarge	32120976
ray	32113994
frequently	32113462
revenue	32088216
measure	32083783
changing	32076618
votes	32059663
du	32025637
duty	32011339
looked	31988351
discussions	31985694
bear	31981362
gain	31980198
festival	31964569
laboratory	31956885
ocean	31928741
flights	31927886
experts	31923825
signs	31899467
lack	31881925
depth	31879926
iowa	31875822
whatever	31869767
logged	31869263
laptop	31851245
vintage	31830831
train	31816971
exactly	31759653
dry	31744277
explore	31740200
maryland	31715238
spa	31714574
concept	31681353
nearly	31677743
eligible	31666767
checkout	31649089
reality	31626554
forgot	31626338
handling	31623717
origin	31602843
knew	31598395
gaming	31594394
feeds	31593736
billion	31586983
destination	31563774
scotland	31551032
faster	31541236
intelligence	31533328
dallas	31528739
bought	31501377
con	31452344
ups	31451966
nations	31449713
route	31439231
followed	31437587
specifications	31435888
broken	31399439
frank	31392284
alaska	31388580
zoom	31373629
blow	31344495
battle	31344458
residential	31337029
anime	31334688
speak	31324712
decisions	31321172
industries	31316683
protocol	31296886
query	31284313
clip	31264432
partnership	31235192
editorial	31234178
nt	31198810
expression	31179707
es	31169475
equity	31158626
provisions	31126350
speech	31119662
wire	31113149
principles	31050339
suggestions	31029622
rural	30998929
shared	30988860
sounds	30987278
replacement	30981707
tape	30941382
strategic	30930763
judge	30905832
spam	30881361
economics	30869591
acid	30867887
bytes	30848384
cent	30836935
forced	30835043
compatible	30811666
fight	30784313
apartment	30771172
height	30745406
null	30739157
zero	30735412
speaker	30732820
filed	30718907
netherlands	30672254
obtain	30672052
consulting	30662624
recreation	30662263
offices	30646750
designer	30641959
remain	30630717
managed	30602103
pr	30599220
failed	30596963
marriage	30592140
roll	30590349
korea	30582894
banks	30582183
fr	30563000
participants	30557763
secret	30542047
bath	30537308
aa	30523331
kelly	30510238
leads	30507300
negative	30504487
austin	30477225
favorites	30465854
toronto	30462849
theater	30446816
springs	30429116
missouri	30419845
andrew	30403300
var	30384128
perform	30378944
healthy	30360623
translation	30346495
estimates	30336472
font	30327965
assets	30302586
injury	30291773
mt	30286047
joseph	30285903
ministry	30275714
drivers	30258628
lawyer	30253229
figures	30231772
married	30202662
protected	30198768
proposal	30189304
sharing	30181027
philadelphia	30179898
portal	30171660
waiting	30170505
birthday	30169763
beta	30160524
fail	30145364
gratis	30144426
banking	30095341
officials	30068859
brian	30060564
toward	30024561
won	29998103
slightly	29994840
assist	29963782
conduct	29955541
contained	29955043
lingerie	29949923
legislation	29932251
calling	29923380
parameters	29922419
jazz	29920842
serving	29916558
bags	29910659
profiles	29909230
miami	29904805
comics	29900765
matters	29896961
houses	29896478
doc	29867704
postal	29859679
relationships	29850322
tennessee	29848404
wear	29846762
controls	29841307
breaking	29841004
combined	29840482
ultimate	29825206
wales	29821525
representative	29810467
frequency	29808486
introduced	29783908
minor	29782623
finish	29769825
departments	29768415
residents	29765553
noted	29754565
displayed	29751963
mom	29736214
reduced	29726540
physics	29724803
rare	29722959
spent	29719451
performed	29714621
extreme	29694906
samples	29689694
davis	29689352
daniel	29680403
bars	29674439
reviewed	29665969
row	29649598
oz	29644419
forecast	29637380
removed	29610178
helps	29607993
singles	29594915
administrator	29589707
cycle	29585286
amounts	29584436
contain	29552509
accuracy	29536020
dual	29535368
rise	29535295
sleep	29491537
mg	29456015
bird	29437150
pharmacy	29392223
brazil	29390369
creation	29390035
static	29389905
scene	29372413
hunter	29368718
addresses	29368459
lady	29348297
crystal	29344419
famous	29332023
writer	29320566
chairman	29312635
violence	29309829
fans	29290170
oklahoma	29277458
speakers	29266983
drink	29254937
academy	29252165
dynamic	29251538
gender	29248973
eat	29237400
permanent	29217998
agriculture	29217130
dell	29215534
cleaning	29202463
constitutes	29158454
portfolio	29149729
practical	29138914
delivered	29130416
collectibles	29127157
infrastructure	29090274
exclusive	29069478
seat	29066336
concerns	29065609
colour	29049269
vendor	29029083
originally	29016923
intel	28995654
utilities	28965893
philosophy	28960643
regulation	28958148
officers	28955126
reduction	28954254
aim	28951240
bids	28933427
referred	28919199
supports	28913894
nutrition	28890368
recording	28875301
regions	28864370
junior	28857539
toll	28852223
les	28848836
cape	28846176
ann	28832058
rings	28827859
meaning	28821231
tip	28810209
secondary	28805149
wonderful	28796607
mine	28795477
ladies	28781917
henry	28769085
ticket	28767435
announced	28744210
guess	28743465
agreed	28717540
prevention	28681929
whom	28678568
ski	28663800
soccer	28647229
math	28631905
import	28629840
posting	28612921
presence	28603257
instant	28599930
mentioned	28566238
automatic	28551016
healthcare	28529648
viewing	28507347
maintained	28492421
ch	28470221
increasing	28456941
majority	28456588
connected	28448231
christ	28404515
dan	28401202
dogs	28400362
sd	28394298
directors	28389161
aspects	28377709
austria	28377245
ahead	28375319
moon	28374261
participation	28366095
scheme	28309089
utility	28301196
preview	28294286
fly	28279478
manner	28268864
matrix	28268147
containing	28254166
combination	28247444
devel	28152649
amendment	28151500
despite	28148989
strength	28148438
guaranteed	28133582
turkey	28112986
libraries	28103816
proper	28099582
distributed	28094905
degrees	28091266
singapore	28089227
enterprises	28076874
delta	28051872
fear	28042145
seeking	28023068
inches	28018680
phoenix	28018518
rs	28000422
convention	27972282
shares	27971096
principal	27964123
daughter	27936967
standing	27936222
comfort	27920566
colors	27911017
wars	27898180
cisco	27894293
ordering	27856930
kept	27838368
alpha	27832836
appeal	27829479
cruise	27827938
bonus	27819488
certification	27708503
previously	27698634
hey	27665343
bookmark	27665146
buildings	27623076
specials	27620523
beat	27616668
disney	27557762
household	27556777
batteries	27541890
adobe	27538755
smoking	27526627
becomes	27462477
drives	27442926
arms	27432921
alabama	27418375
tea	27406794
improved	27397478
trees	27378116
avg	27370055
achieve	27332769
positions	27322185
dress	27318959
subscription	27310399
dealer	27299846
contemporary	27284246
sky	27281333
utah	27270743
nearby	27263100
rom	27234302
carried	27222494
happen	27207887
exposure	27204624
hide	27157035
signature	27140993
gambling	27118635
refer	27099706
miller	27092856
provision	27091944
outdoors	27060521
clothes	27037465
caused	27036899
luxury	27020617
babes	27016030
frames	27007332
certainly	26984060
indeed	26943016
newspaper	26933746
toy	26924831
circuit	26917865
layer	26912270
printed	26887551
slow	26870240
removal	26864040
easier	26857423
liability	26837967
trademark	26835205
hip	26826008
printers	26821453
nine	26807668
adding	26797775
kentucky	26783017
mostly	26774406
eric	26767316
spot	26750929
taylor	26736684
prints	26721934
spend	26713310
factory	26708317
interior	26708143
revised	26702355
grow	26701492
americans	26666908
optical	26665491
promotion	26651461
relative	26646324
amazing	26630190
clock	26624872
dot	26590624
identity	26573512
suites	26558524
conversion	26551803
feeling	26546473
hidden	26526402
reasonable	26526175
victoria	26515985
serial	26488381
relief	26483302
revision	26482328
broadband	26476075
influence	26460675
ratio	26457942
importance	26451992
rain	26419979
onto	26411439
planet	26405032
copies	26369992
recipe	26355769
permit	26339544
seeing	26322092
proof	26305059
diff	26283641
tennis	26272328
bass	26249677
prescription	26233858
bedroom	26229848
empty	26206017
instance	26204516
hole	26199070
pets	26153751
ride	26153004
licensed	26151610
orlando	26117729
specifically	26114063
tim	26111466
bureau	26110155
maine	26049821
represent	26038983
conservation	26038344
pair	26036703
ideal	26036289
specs	26029159
recorded	26018548
don	26003672
pieces	26000545
finished	25994841
parks	25974927
dinner	25974858
lawyers	25959552
sydney	25945245
stress	25899885
cream	25898758
ss	25895791
runs	25881512
trends	25879894
yeah	25858426
discover	25852541
ap	25843002
patterns	25809816
boxes	25787744
louisiana	25779604
hills	25770218
fourth	25763406
nm	25750788
advisor	25719984
mn	25715757
marketplace	25710584
nd	25707693
evil	25704669
aware	25700328
wilson	25698434
shape	25675227
evolution	25667092
irish	25658075
certificates	25635619
objectives	25630605
stations	25600569
suggested	25574902
gps	25572809
op	25572791
remains	25560925
acc	25554700
greatest	25547808
firms	25497302
concerned	25490395
euro	25474573
operator	25471127
structures	25465091
generic	25464768
encyclopedia	25451297
usage	25440406
cap	25436218
ink	25435469
charts	25433147
continuing	25429464
mixed	25395056
census	25385152
interracial	25379892
peak	25379630
tn	25378331
competitive	25352330
exist	25349128
wheel	25342937
transit	25331545
suppliers	25324458
salt	25320518
compact	25317344
poetry	25311298
lights	25301005
tracking	25294352
angel	25294123
bell	25283918
keeping	25280309
preparation	25268975
attempt	25251906
receiving	25243472
matches	25196889
accordance	25194680
width	25182453
noise	25171520
engines	25166589
forget	25162411
array	25150016
discussed	25146245
accurate	25144477
stephen	25139312
elizabeth	25128258
climate	25096136
reservations	25091131
pin	25080458
alcohol	25061615
greek	25059132
instruction	25055716
managing	25054421
annotation	25046812
sister	25039506
raw	25014172
differences	25000614
walking	24986228
explain	24983915
smaller	24982548
newest	24970551
establish	24965292
gnu	24956702
happened	24951096
expressed	24944268
jeff	24923108
extent	24917355
sharp	24904199
lesbians	24903277
ben	24884330
lane	24880931
paragraph	24855495
kill	24850951
mathematics	24809371
compensation	24789716
ce	24775497
export	24762260
managers	24756816
aircraft	24745739
modules	24737533
sweden	24717337
conflict	24709103
conducted	24705091
versions	24705033
employer	24681017
occur	24679212
percentage	24669212
knows	24640096
mississippi	24629063
describe	24616555
concern	24611878
backup	24603738
requested	24572908
citizens	24566687
connecticut	24561468
heritage	24558644
personals	24544854
immediate	24530419
holding	24523968
trouble	24521102
spread	24520573
coach	24514961
kevin	24511652
agricultural	24509113
expand	24483262
supporting	24481347
audience	24472658
assigned	24443469
jordan	24441266
collections	24438396
ages	24435858
participate	24430552
plug	24429832
specialist	24419338
cook	24412080
affect	24406141
virgin	24406134
experienced	24404214
investigation	24399851
raised	24397948
hat	24383742
institution	24373421
directed	24347062
dealers	24342319
searching	24320613
sporting	24320042
helping	24319316
affected	24301370
lib	24291030
bike	24286396
totally	24276857
plate	24275560
expenses	24251012
indicate	24232402
blonde	24231993
ab	24218038
proceedings	24214333
favourite	24206461
transmission	24204527
anderson	24194712
characteristics	24168882
der	24152797
lose	24136984
organic	24136036
seek	24135344
experiences	24128488
albums	24121031
cheats	24106832
extremely	24102186
contracts	24095623
guests	24082514
hosted	24074706
diseases	24063325
concerning	24060603
developers	24060421
equivalent	24050668
chemistry	24049713
tony	24047635
neighborhood	24047400
nevada	24043648
kits	24034484
thailand	24031935
variables	24020805
agenda	24005891
anyway	24005157
continues	24003655
tracks	24002303
advisory	24000526
cam	23995601
curriculum	23992488
logic	23989892
template	23980628
prince	23975036
circle	23962760
soil	23949346
grants	23947774
anywhere	23947583
psychology	23936050
responses	23920387
atlantic	23920018
wet	23918294
circumstances	23915696
edward	23900979
investor	23891261
identification	23879859
ram	23864106
leaving	23848479
wildlife	23847419
appliances	23847029
matt	23843367
elementary	23834221
cooking	23831058
speaking	23813045
sponsors	23800242
fox	23795336
unlimited	23794930
respond	23761645
sizes	23751367
plain	23747230
exit	23738883
entered	23727218
iran	23724874
arm	23724057
keys	23716024
launch	23714910
wave	23713001
checking	23708784
costa	23702154
belgium	23698217
printable	23688775
holy	23688276
acts	23687645
guidance	23681851
mesh	23650447
trail	23648838
enforcement	23638612
symbol	23631465
crafts	23627152
highway	23623260
buddy	23611087
hardcover	23596258
observed	23595635
dean	23583773
setup	23534848
poll	23522790
booking	23522206
glossary	23506998
fiscal	23506040
celebrity	23500942
styles	23491617
denver	23464662
unix	23461474
filled	23448324
bond	23448169
channels	23426176
appendix	23395734
notify	23388787
blues	23387172
chocolate	23379199
pub	23372365
portion	23356612
scope	23349420
hampshire	23342329
supplier	23337437
cables	23311631
cotton	23279423
controlled	23265403
requirement	23258004
authorities	23252750
biology	23245252
dental	23240707
killed	23240536
border	23234399
ancient	23226415
debate	23211499
representatives	23187953
starts	23163739
pregnancy	23152490
causes	23150385
arkansas	23135882
biography	23134870
leisure	23133305
attractions	23129051
learned	23121323
transactions	23104294
notebook	23102539
explorer	23095103
historic	23081656
attached	23079894
opened	23076347
tm	23069293
husband	23064889
disabled	23056120
authorized	23045176
crazy	23032837
upcoming	23031383
britain	23030983
concert	23023737
retirement	23018726
scores	23018016
financing	23013544
efficiency	23005937
sp	23003713
comedy	22993280
adopted	22972983
efficient	22963685
linear	22944812
commitment	22937360
specialty	22932109
bears	22926868
jean	22925412
hop	22924925
carrier	22919197
edited	22917163
constant	22910883
visa	22903835
mouth	22880351
jewish	22875236
meter	22874915
linked	22873620
portland	22846763
interviews	22841603
concepts	22840348
gun	22834049
reflect	22829406
pure	22826920
deliver	22807066
wonder	22806353
hell	22791884
lessons	22779035
fruit	22767191
begins	22759868
qualified	22754976
reform	22751438
lens	22737367
alerts	22720439
treated	22718161
discovery	22709821
draw	22705371
classified	22697689
relating	22696778
assume	22679395
confidence	22674777
alliance	22666723
fm	22665700
confirm	22651501
warm	22645772
neither	22640226
lewis	22640158
howard	22626828
offline	22617007
leaves	22612463
engineer	22607580
lifestyle	22607485
consistent	22600601
replace	22592560
clearance	22591565
connections	22575698
inventory	22559583
converter	22543742
organisation	22507728
babe	22489791
checks	22488512
reached	22485293
becoming	22483164
safari	22479030
objective	22472623
indicated	22471844
sugar	22450333
crew	22443877
legs	22424518
sam	22410798
stick	22399126
securities	22397133
allen	22368068
relation	22355933
enabled	22345126
genre	22344091
slide	22339084
montana	22338359
volunteer	22336881
tested	22323205
rear	22323038
democratic	22316965
enhance	22310420
switzerland	22307018
exact	22304937
bound	22303643
parameter	22300838
adapter	22290799
processor	22289617
node	22285922
formal	22274656
dimensions	22257949
contribute	22255117
lock	22253866
hockey	22252453
storm	22242164
micro	22219932
colleges	22202424
mile	22178748
showed	22170303
challenges	22164268
editors	22144072
mens	22136843
threads	22123285
bowl	22118861
supreme	22106270
brothers	22101521
recognition	22092586
presents	22092519
ref	22087203
tank	22070512
submission	22066279
dolls	22065047
estimate	22033576
encourage	22019763
navy	22018379
kid	22011943
regulatory	22011107
inspection	21999457
consumers	21993010
cancel	21985503
limits	21977149
territory	21963698
transaction	21962815
manchester	21943382
weapons	21937267
paint	21926890
delay	21911190
pilot	21909830
outlet	21890990
contributions	21879064
continuous	21872964
db	21860146
czech	21849930
resulting	21843487
cambridge	21835781
initiative	21828838
novel	21821189
pan	21810838
execution	21809656
disability	21802396
increases	21799357
ultra	21795075
winner	21794180
idaho	21791957
contractor	21783415
ph	21776313
episode	21772999
examination	21771412
potter	21763070
dish	21755859
plays	21753930
bulletin	21741926
ia	21735285
pt	21722139
indicates	21718552
modify	21716962
oxford	21694927
adam	21694386
truly	21693553
painting	21673638
committed	21662572
extensive	21654082
affordable	21650006
universe	21643935
candidate	21635540
databases	21617803
patent	21612969
slot	21602762
outstanding	21578895
ha	21577216
eating	21565444
perspective	21553761
planned	21546767
watching	21543474
lodge	21541130
messenger	21540177
mirror	21539161
tournament	21538542
consideration	21533734
ds	21532272
discounts	21528542
sterling	21518500
sessions	21505885
kernel	21477662
stocks	21451319
buyers	21450595
journals	21443275
gray	21424658
catalogue	21424300
ea	21419982
jennifer	21402386
antonio	21388530
charged	21377577
broad	21370126
taiwan	21364111
chosen	21345654
demo	21344258
greece	21329720
lg	21327926
swiss	21324437
sarah	21321998
clark	21305891
labour	21288089
hate	21274675
terminal	21273172
publishers	21264743
nights	21258662
behalf	21247820
caribbean	21245213
liquid	21222253
rice	21184648
nebraska	21172763
loop	21172360
salary	21156261
reservation	21150948
foods	21150689
gourmet	21148895
guard	21137924
properly	21137573
orleans	21126048
saving	21120835
remaining	21111544
empire	21111416
resume	21107737
twenty	21104413
newly	21102330
raise	21099943
prepare	21088422
avatar	21069571
gary	21068408
depending	21054967
illegal	21046606
expansion	21036273
vary	21031266
hundreds	21028505
rome	21023186
arab	21018675
lincoln	21010742
helped	21000656
premier	20990322
tomorrow	20976724
purchased	20961092
milk	20955909
decide	20950675
consent	20943616
drama	20939845
visiting	20913930
performing	20907433
downtown	20904189
keyboard	20886053
contest	20857011
collected	20848162
bands	20842378
boot	20824944
suitable	20824374
ff	20816662
absolutely	20816571
millions	20807908
lunch	20807419
audit	20786243
push	20775147
chamber	20769668
guinea	20757599
findings	20757470
muscle	20752802
featuring	20737262
iso	20728145
implement	20723680
clicking	20719323
scheduled	20699522
polls	20694349
typical	20693008
tower	20686918
yours	20672809
sum	20672326
misc	20667432
calculator	20664690
significantly	20660846
chicken	20655046
temporary	20652475
attend	20639654
shower	20638340
alan	20629981
sending	20622624
jason	20616747
tonight	20612955
dear	20608432
sufficient	20605030
shell	20599318
province	20587924
catholic	20578959
oak	20577693
vat	20551018
awareness	20531095
vancouver	20501421
governor	20494068
beer	20486707
seemed	20472519
contribution	20468734
measurement	20463095
swimming	20456063
formula	20434177
constitution	20433489
packaging	20427866
solar	20423792
jose	20422802
catch	20400979
jane	20400852
pakistan	20374059
ps	20356304
reliable	20351804
consultation	20345250
northwest	20337289
sir	20336105
doubt	20311261
earn	20305486
finder	20303313
unable	20295595
periods	20292357
classroom	20274797
tasks	20273373
democracy	20255935
attacks	20251567
kim	20251249
wallpaper	20243780
merchandise	20241873
const	20236664
resistance	20233262
doors	20229491
symptoms	20222172
resorts	20217144
biggest	20195396
memorial	20161664
visitor	20158930
twin	20149771
forth	20149609
insert	20140772
baltimore	20128328
gateway	20123135
ky	20104754
dont	20071832
alumni	20070485
drawing	20067264
candidates	20063868
charlotte	20061169
ordered	20046781
biological	20043500
fighting	20036994
transition	20032306
happens	20031363
preferences	20025318
spy	20024908
romance	20020088
instrument	20003254
bruce	19999866
split	19998411
themes	19974388
powers	19973868
heaven	19969634
br	19967415
bits	19947239
pregnant	19945624
twice	19945569
classification	19930633
focused	19929357
egypt	19926686
physician	19926088
hollywood	19919000
bargain	19912730
cellular	19906433
norway	19902766
vermont	19895227
asking	19887691
blocks	19884255
normally	19883839
lo	19862252
spiritual	19850597
hunting	19830577
diabetes	19825438
suit	19820586
ml	19814809
shift	19811555
chip	19810772
res	19797705
sit	19797379
bodies	19791471
photographs	19786316
cutting	19780364
wow	19778779
simon	19757457
writers	19752033
marks	19747824
flexible	19729430
loved	19719299
mapping	19709941
numerous	19705123
relatively	19693917
birds	19693729
satisfaction	19684544
represents	19682589
char	19673918
indexed	19672520
superior	19647999
preferred	19640247
saved	19635976
paying	19621495
cartoon	19615945
shots	19611119
intellectual	19591717
moore	19585613
granted	19576234
choices	19552069
carbon	19551891
spending	19521910
comfortable	19520487
magnetic	19516958
interaction	19515376
listening	19511935
effectively	19507811
registry	19501434
crisis	19470970
outlook	19458910
massive	19454740
denmark	19454118
employed	19450139
bright	19446368
treat	19442315
header	19439961
cs	19432573
poverty	19430836
formed	19429976
piano	19419956
echo	19410462
que	19386477
grid	19386406
sheets	19384447
patrick	19384046
experimental	19364822
puerto	19353145
revolution	19349788
consolidation	19338827
displays	19333113
plasma	19332271
allowing	19319626
earnings	19286666
mystery	19280044
landscape	19271452
dependent	19261238
mechanical	19250300
journey	19236081
delaware	19226311
bidding	19223538
consultants	19217318
risks	19205769
banner	19200368
applicant	19198316
charter	19192148
fig	19191343
barbara	19188215
cooperation	19182847
counties	19178768
acquisition	19174010
ports	19171802
implemented	19164127
sf	19162406
directories	19152522
recognized	19142613
dreams	19138612
notification	19120218
kg	19097420
licensing	19094731
stands	19090611
teach	19079783
occurred	19073806
textbooks	19071639
rapid	19070672
pull	19061871
hairy	19060619
diversity	19048481
cleveland	19041185
ut	19039754
reverse	19032783
deposit	19026524
seminar	19021971
investments	19015441
nasa	19009670
wheels	19006976
specify	19002536
accessibility	19002278
dutch	19000979
sensitive	18984710
templates	18984357
formats	18983382
tab	18977951
depends	18969978
boots	18968708
holds	18963546
router	18959289
concrete	18948140
si	18944942
editing	18942899
poland	18942734
folder	18941479
completion	18906369
upload	18904189
pulse	18893735
universities	18884161
technique	18830686
contractors	18830680
voting	18802108
courts	18791699
notices	18780271
subscriptions	18779200
calculate	18767840
mc	18760182
detroit	18751733
alexander	18751215
broadcast	18743293
converted	18738701
metro	18738665
anniversary	18734145
improvements	18727612
strip	18711440
specification	18707636
pearl	18707334
accident	18699760
nick	18698980
accessible	18695403
accessory	18694578
resident	18689929
plot	18683404
qty	18679423
possibly	18672516
airline	18665709
typically	18662924
representation	18650172
regard	18645277
pump	18643932
exists	18638064
arrangements	18634535
smooth	18633567
conferences	18624807
strike	18621050
consumption	18620599
birmingham	18611752
flashing	18595842
lp	18590726
narrow	18584380
afternoon	18564567
threat	18546277
surveys	18525332
sitting	18524885
putting	18519708
consultant	18517590
controller	18513560
ownership	18509572
committees	18497349
legislative	18476534
researchers	18470404
vietnam	18468046
trailer	18462738
anne	18459430
castle	18456906
gardens	18454805
missed	18451052
malaysia	18443192
antique	18430306
labels	18427423
willing	18418634
bio	18409348
molecular	18409158
acting	18407646
heads	18400524
stored	18391852
exam	18367837
logos	18366230
residence	18363183
attorneys	18359626
antiques	18348484
density	18346206
hundred	18339491
operators	18330183
strange	18322738
sustainable	18313216
philippines	18310463
statistical	18306995
beds	18301294
breasts	18292455
mention	18291476
innovation	18281662
employers	18278335
grey	18276942
parallel	18272352
honda	18261029
amended	18250351
operate	18249982
bills	18248816
bold	18244416
bathroom	18235238
stable	18225829
opera	18225169
definitions	18216711
von	18214911
doctors	18212611
lesson	18181371
cinema	18179389
asset	18178753
ag	18177532
scan	18173060
elections	18166926
drinking	18160233
blowjobs	18154882
reaction	18153532
blank	18150537
enhanced	18142340
entitled	18140595
severe	18137877
generate	18137492
stainless	18133474
newspapers	18120268
hospitals	18114421
vi	18087881
deluxe	18085596
humor	18085495
aged	18057587
monitors	18056760
exception	18051815
lived	18050710
duration	18048878
bulk	18029501
successfully	18026184
indonesia	18010087
pursuant	18004879
sci	17997395
fabric	17992206
visits	17988054
primarily	17984549
tight	17981854
domains	17981289
capabilities	17973932
contrast	17955786
recommendation	17950913
flying	17948471
recruitment	17941595
sin	17939608
berlin	17932276
cute	17912721
organized	17902700
ba	17893080
para	17864371
siemens	17861664
adoption	17860735
improving	17855962
cr	17854445
expensive	17840023
meant	17832930
capture	17822857
pounds	17822372
buffalo	17808542
plane	17799728
pg	17796113
explained	17793559
seed	17788166
programmes	17785167
desire	17783181
expertise	17781054
mechanism	17771611
camping	17770402
ee	17763784
jewellery	17763741
meets	17760399
welfare	17755487
peer	17754444
caught	17749748
eventually	17731742
marked	17723745
driven	17723706
measured	17721173
bottle	17716382
agreements	17708817
considering	17699280
innovative	17689336
marshall	17684438
massage	17684309
rubber	17684157
conclusion	17670602
closing	17657510
tampa	17654589
thousand	17654340
meat	17652296
legend	17650063
grace	17642126
susan	17638870
ing	17637606
adams	17620255
python	17610578
monster	17605148
alex	17604510
bang	17596497
villa	17587586
bone	17581312
columns	17578802
disorders	17576543
bugs	17572986
collaboration	17567373
hamilton	17563405
detection	17559678
cookies	17553631
inner	17552078
formation	17548170
tutorial	17531144
med	17531004
engineers	17524896
entity	17518021
cruises	17517416
gate	17501142
holder	17489966
proposals	17489014
moderator	17488245
sw	17482224
tutorials	17479295
settlement	17476171
portugal	17468888
lawrence	17458216
roman	17431193
duties	17430678
valuable	17430646
tone	17397122
collectables	17382903
ethics	17382309
forever	17381863
dragon	17377430
busy	17376500
captain	17372103
fantastic	17371421
imagine	17364670
brings	17364336
heating	17363382
leg	17356748
neck	17354931
hd	17350024
wing	17347644
governments	17347302
purchasing	17338242
scripts	17336418
abc	17320550
stereo	17319174
appointed	17314729
taste	17311343
dealing	17303748
commit	17298630
tiny	17298541
operational	17293992
rail	17293553
airlines	17293401
liberal	17293223
jay	17285391
trips	17273017
gap	17269901
sides	17269191
tube	17268711
turns	17261850
corresponding	17260560
descriptions	17257437
cache	17250923
belt	17247395
jacket	17246004
determination	17237730
animation	17219873
oracle	17214156
er	17212593
matthew	17191978
lease	17180592
productions	17176271
aviation	17175256
hobbies	17174265
proud	17167504
excess	17149887
disaster	17140948
console	17121643
commands	17119887
jr	17113662
telecommunications	17107864
instructor	17098932
giant	17098874
achieved	17086330
injuries	17080287
shipped	17079988
seats	17070818
approaches	17069146
biz	17067959
alarm	17059844
voltage	17055596
anthony	17055578
usual	17044981
loading	17040941
stamps	17036451
appeared	17034917
franklin	17034376
angle	17016075
rob	17016018
vinyl	17009819
highlights	17000297
mining	16995862
designers	16990742
melbourne	16989252
ongoing	16983414
worst	16975343
imaging	16960525
betting	16959164
scientists	16955155
liberty	16946409
wyoming	16943168
blackjack	16938386
argentina	16936066
era	16930615
convert	16927032
possibility	16926005
analyst	16918240
commissioner	16917046
dangerous	16909821
garage	16906398
exciting	16900145
reliability	16899024
thongs	16877259
unfortunately	16863887
respectively	16844502
volunteers	16839779
attachment	16827338
finland	16811299
morgan	16806411
derived	16804532
pleasure	16798232
honor	16787246
asp	16785885
oriented	16785804
eagle	16785232
pants	16774383
columbus	16772509
nurse	16772151
prayer	16762869
appointment	16761764
workshops	16759938
hurricane	16757015
quiet	16746894
luck	16734573
postage	16732135
producer	16730305
represented	16721698
mortgages	16715270
dial	16714262
responsibilities	16707292
cheese	16704436
comic	16695850
carefully	16675728
jet	16673750
productivity	16669964
investors	16666503
crown	16651038
par	16646884
underground	16642137
diagnosis	16638749
maker	16635947
crack	16633701
principle	16633530
picks	16627992
vacations	16623634
gang	16615190
semester	16610313
calculated	16609500
fetish	16596412
applies	16585215
casinos	16580634
appearance	16574606
smoke	16567733
apache	16553370
filters	16541561
incorporated	16533500
nv	16528965
craft	16528294
cake	16526639
notebooks	16520640
apart	16507181
fellow	16497466
blind	16485480
lounge	16473584
mad	16468434
algorithm	16455284
semi	16450653
coins	16449733
andy	16447205
gross	16440590
strongly	16433047
cafe	16432897
valentine	16424029
ken	16418119
proteins	16404833
horror	16402727
su	16399691
exp	16394663
familiar	16390724
capable	16380415
douglas	16379501
till	16376756
involving	16376298
pen	16371249
investing	16370898
christopher	16359030
admission	16356727
shoe	16342426
elected	16330663
carrying	16328349
victory	16328207
sand	16327687
madison	16320930
terrorism	16319906
joy	16317856
editions	16310699
cpu	16304338
mainly	16297110
ethnic	16295682
ran	16291429
parliament	16290285
actor	16282891
finds	16280898
seal	16274039
situations	16270907
fifth	16255266
allocated	16246437
citizen	16245917
vertical	16229818
corrections	16226542
structural	16226259
municipal	16208818
describes	16206006
prize	16204739
sr	16203551
occurs	16200452
jon	16198666
absolute	16198563
disabilities	16198516
consists	16197547
anytime	16192486
substance	16186870
prohibited	16185593
addressed	16180738
lies	16180314
pipe	16178319
soldiers	16175690
nr	16167942
guardian	16167871
lecture	16166157
simulation	16164825
layout	16159559
initiatives	16147630
ill	16143967
concentration	16134918
classics	16132917
lbs	16128161
lay	16122690
interpretation	16105115
horses	16104943
dirty	16101662
deck	16091024
wayne	16090093
donate	16088860
taught	16082512
bankruptcy	16075117
mp	16074367
worker	16072941
optimization	16067890
alive	16064787
temple	16052337
substances	16048111
prove	16046788
discovered	16046554
wings	16044458
breaks	16043012
genetic	16036749
restrictions	16033947
participating	16019942
waters	16019652
promise	16019259
thin	16007743
exhibition	16007404
prefer	16005656
ridge	15993437
cabinet	15989585
modem	15984492
harris	15977621
mph	15975134
bringing	15970507
sick	15965297
dose	15959187
evaluate	15957355
tiffany	15947875
tropical	15944693
collect	15943314
bet	15943118
composition	15940860
toyota	15937777
streets	15936448
nationwide	15932624
vector	15924418
definitely	15922257
shaved	15913301
turning	15907811
buffer	15904074
purple	15903838
existence	15903650
commentary	15903623
larry	15900632
limousines	15896017
developments	15890766
def	15888408
immigration	15879176
destinations	15877446
lets	15876825
mutual	15870882
pipeline	15869328
necessarily	15867816
syntax	15843797
li	15843713
attribute	15839012
prison	15837188
skill	15835076
chairs	15833070
nl	15830230
everyday	15820001
apparently	15815805
surrounding	15800079
mountains	15790868
moves	15789001
popularity	15785972
inquiry	15783409
ethernet	15783362
checked	15762226
exhibit	15756535
throw	15751985
trend	15747018
sierra	15742544
visible	15741542
cats	15735084
desert	15732752
ya	15718531
oldest	15717579
coordinator	15702834
obviously	15702193
mercury	15697468
steven	15696875
handbook	15687517
greg	15681408
navigate	15678579
worse	15677739
summit	15676832
victims	15672487
epa	15664730
spaces	15660073
fundamental	15644603
burning	15637551
escape	15631531
coupons	15627914
somewhat	15620893
receiver	15617699
substantial	15617578
tr	15614045
progressive	15612754
bb	15607299
boats	15600762
glance	15569554
scottish	15566389
championship	15559558
arcade	15549676
richmond	15546998
sacramento	15546396
impossible	15545255
ron	15544519
russell	15535983
tells	15534490
obvious	15533662
fiber	15530318
depression	15527836
graph	15526746
covering	15524533
platinum	15499095
judgment	15494434
bedrooms	15492873
talks	15484166
filing	15480156
foster	15478056
modeling	15474514
passing	15467267
awarded	15460775
testimonials	15457627
trials	15454182
tissue	15448105
memorabilia	15439034
clinton	15436647
masters	15434147
bonds	15431252
cartridge	15408708
alberta	15407660
explanation	15397428
folk	15396094
org	15392460
commons	15387811
cincinnati	15387448
subsection	15382965
fraud	15378751
electricity	15377549
permitted	15372818
spectrum	15371128
arrival	15370734
okay	15368116
pottery	15362084
emphasis	15360894
roger	15353411
aspect	15351221
workplace	15350829
awesome	15350104
mexican	15347885
confirmed	15335457
counts	15329536
priced	15326748
wallpapers	15310025
hist	15307332
crash	15302627
lift	15291571
desired	15283698
inter	15269346
closer	15247535
assumes	15233889
heights	15226748
shadow	15221952
riding	15211063
infection	15208640
lisa	15203868
expense	15193823
grove	15189493
eligibility	15188396
venture	15188265
clinic	15187443
korean	15184402
healing	15173541
princess	15173384
mall	15173142
entering	15167200
packet	15160863
spray	15148133
studios	15144063
involvement	15140824
dad	15136055
buttons	15130468
placement	15123965
observations	15118474
funded	15102739
thompson	15101054
winners	15099775
extend	15096022
roads	15093621
subsequent	15092940
pat	15087654
dublin	15086138
rolling	15086116
fell	15084108
motorcycle	15081508
yard	15075593
disclosure	15072865
establishment	15070667
memories	15062682
nelson	15060628
te	15057406
arrived	15056872
creates	15051571
faces	15050854
tourist	15046652
av	15036355
mayor	15030847
murder	15030656
sean	15027031
adequate	15023940
senator	15023107
yield	15022494
presentations	15018777
grades	15013830
cartoons	15005504
pour	15002685
digest	14996313
reg	14995986
lodging	14995901
dust	14993121
hence	14992334
entirely	14990474
replaced	14987637
radar	14982375
rescue	14978200
undergraduate	14975214
losses	14973062
combat	14971773
reducing	14963215
stopped	14956865
occupation	14955527
lakes	14947463
donations	14935399
associations	14933216
closely	14927179
radiation	14922980
diary	14922472
seriously	14915797
kings	14914273
shooting	14891626
kent	14887797
adds	14883328
ear	14872850
flags	14870655
pci	14864704
baker	14862470
launched	14862050
elsewhere	14853167
pollution	14853076
conservative	14852075
shock	14850388
effectiveness	14838707
walls	14837851
abroad	14837382
ebony	14831025
tie	14830885
ward	14828169
drawn	14827380
arthur	14825384
ian	14812893
visited	14810983
roof	14809282
walker	14808511
demonstrate	14807121
atmosphere	14803304
suggests	14802625
kiss	14790481
beast	14787561
ra	14786910
operated	14782108
experiment	14781439
targets	14774632
overseas	14773122
purchases	14768992
dodge	14768509
counsel	14767437
federation	14764881
pizza	14763787
invited	14757576
yards	14733347
assignment	14722710
chemicals	14709395
gordon	14699060
mod	14698596
farmers	14696457
rc	14693072
queries	14692020
rush	14684452
ukraine	14682465
absence	14681896
nearest	14677826
cluster	14673133
vendors	14669722
whereas	14663372
yoga	14660956
serves	14656807
woods	14647735
surprise	14644385
lamp	14643268
partial	14642158
shoppers	14642145
phil	14637522
everybody	14634773
couples	14630622
nashville	14630550
ranking	14624061
jokes	14622894
cst	14620842
simpson	14608954
sublime	14597663
counseling	14592664
palace	14592259
acceptable	14590887
satisfied	14589394
glad	14585030
wins	14584511
measurements	14571657
verify	14563766
globe	14554904
trusted	14554254
copper	14543941
milwaukee	14539988
rack	14533607
medication	14530555
warehouse	14530204
ec	14520396
rep	14515807
kerry	14514771
receipt	14513169
supposed	14497557
ordinary	14494084
nobody	14490265
ghost	14490042
violation	14467817
configure	14461355
stability	14458903
mit	14453361
applying	14440499
southwest	14437691
boss	14436477
pride	14428078
institutional	14424194
expectations	14423121
independence	14412277
knowing	14410719
reporter	14400125
metabolism	14391891
keith	14391094
champion	14388928
cloudy	14383882
linda	14380554
ross	14375120
personally	14373028
chile	14372798
anna	14372193
plenty	14364719
solo	14360216
sentence	14359872
throat	14353822
ignore	14353555
maria	14347893
uniform	14345220
excellence	14332723
wealth	14325239
tall	14323697
rm	14318442
somewhere	14317877
vacuum	14316397
dancing	14310606
attributes	14300116
recognize	14300000
brass	14298573
writes	14276954
plaza	14274314
outcomes	14265483
survival	14259073
quest	14258533
publish	14255645
sri	14252518
screening	14248830
toe	14248601
thumbnail	14245047
trans	14243681
jonathan	14235793
whenever	14234378
nova	14231374
lifetime	14229499
pioneer	14225288
booty	14218854
forgotten	14214206
acrobat	14213883
plates	14210099
acres	14208905
venue	14204074
athletic	14193383
thermal	14186960
essays	14183871
behaviour	14175567
vital	14166642
telling	14160780
fairly	14154477
coastal	14153912
cf	14145612
charity	14141658
intelligent	14136076
edinburgh	14135031
vt	14134539
excel	14133468
modes	14131325
obligation	14122636
campbell	14122054
wake	14120141
stupid	14118370
harbor	14117675
hungary	14113963
traveler	14109044
segment	14101910
realize	14098493
regardless	14096520
lan	14086211
enemy	14084182
puzzle	14083532
rising	14079219
aluminum	14077377
wells	14073676
opens	14070477
insight	14070057
restricted	14056761
republican	14056260
secrets	14054988
lucky	14053901
latter	14044005
merchants	14033655
thick	14030556
trailers	14029478
repeat	14024814
syndrome	14023758
attendance	14022851
penalty	14018500
drum	14015510
glasses	14009815
enables	14005681
iraqi	13999381
builder	13993483
vista	13991160
jessica	13985443
chips	13982676
terry	13981773
flood	13979267
ease	13974702
arguments	13971547
amsterdam	13969875
arena	13966572
adventures	13966085
pupils	13951572
stewart	13951321
announcement	13951272
tabs	13950657
outcome	13941550
appreciate	13938792
expanded	13932764
casual	13932521
grown	13931521
polish	13927858
lovely	13923904
extras	13923870
gm	13918451
centres	13910645
jerry	13908229
clause	13906621
smile	13893537
lands	13891179
troops	13879349
indoor	13871917
bulgaria	13868346
armed	13866785
broker	13865583
charger	13862324
regularly	13860363
believed	13851733
pine	13842664
cooling	13842002
tend	13840765
gulf	13830000
rt	13828683
rick	13822320
trucks	13809070
cp	13806456
mechanisms	13805561
divorce	13803408
laura	13801282
shopper	13798030
tokyo	13793165
partly	13790568
nikon	13789510
customize	13783519
tradition	13773517
candy	13772033
pills	13767091
tiger	13763074
donald	13761404
folks	13760930
sensor	13759334
exposed	13756477
hunt	13752874
angels	13747515
deputy	13747486
indicators	13737979
sealed	13733878
thai	13726171
emissions	13718311
physicians	13717814
loaded	13714028
fred	13703297
complaint	13703047
scenes	13691578
experiments	13690535
balls	13683840
afghanistan	13675892
dd	13675652
boost	13675076
spanking	13673436
scholarship	13667978
governance	13664006
mill	13658453
founded	13656662
supplements	13656530
chronic	13650397
icons	13649671
moral	13643598
den	13641144
catering	13638302
aud	13636055
finger	13628350
keeps	13624468
pound	13620117
locate	13616735
pl	13608193
trained	13608102
burn	13602754
implementing	13588118
roses	13584758
labs	13582203
ourselves	13581863
bread	13575360
tobacco	13574147
wooden	13564576
motors	13563719
tough	13560922
roberts	13553645
incident	13553458
gonna	13542156
dynamics	13534626
lie	13533542
rf	13530421
conversation	13527150
decrease	13523903
chest	13516414
pension	13515899
billy	13515249
revenues	13508713
emerging	13504049
worship	13502651
capability	13491067
ak	13486949
fe	13484286
craig	13480763
herself	13479005
producing	13472319
churches	13467005
precision	13465434
damages	13463452
reserves	13456639
contributed	13454831
solve	13452150
shorts	13446221
reproduction	13443395
minority	13436730
td	13432717
diverse	13432331
amp	13421855
ingredients	13418042
sb	13412944
ah	13406814
johnny	13404833
sole	13401764
franchise	13396527
recorder	13394033
complaints	13388225
facing	13385115
sm	13383491
nancy	13381057
promotions	13378320
tones	13373535
passion	13370569
rehabilitation	13370501
maintaining	13362778
sight	13360499
laid	13359320
clay	13357683
defence	13356231
patches	13354086
weak	13347842
refund	13340961
towns	13337599
environments	13331567
divided	13323175
blvd	13317989
reception	13317222
wise	13299902
cyprus	13285903
odds	13282573
correctly	13281872
insider	13275905
seminars	13272933
consequences	13267090
makers	13264592
hearts	13262019
geography	13258481
appearing	13254387
integrity	13247038
worry	13243591
ns	13239487
discrimination	13237807
eve	13237067
carter	13235755
legacy	13223921
marc	13217593
pleased	13215862
danger	13206765
vitamin	13204687
widely	13197312
processed	13192681
phrase	13191958
genuine	13191602
raising	13190308
implications	13188157
functionality	13187557
paradise	13186910
hybrid	13174794
reads	13174104
roles	13171507
intermediate	13162056
emotional	13160826
sons	13160458
leaf	13159307
pad	13159201
glory	13158826
platforms	13157939
ja	13156568
bigger	13152228
billing	13151677
diesel	13147963
versus	13147766
combine	13139084
overnight	13137405
geographic	13136286
exceed	13135673
bs	13125950
rod	13124744
saudi	13123149
fault	13112664
cuba	13111342
hrs	13110679
preliminary	13106833
districts	13106605
introduce	13104630
silk	13099161
promotional	13084826
kate	13076275
chevrolet	13074108
babies	13070103
bi	13070039
karen	13067717
compiled	13067154
romantic	13055842
revealed	13042465
specialists	13041955
generator	13041439
albert	13040324
examine	13030604
jimmy	13030009
graham	13026222
suspension	13025162
bristol	13022446
margaret	13021244
sad	13010129
correction	13009622
wolf	13001992
slowly	13000552
authentication	12998105
communicate	12992824
rugby	12992179
supplement	12988231
cal	12967326
portions	12963319
infant	12959639
promoting	12956304
sectors	12948547
samuel	12947907
fluid	12943336
grounds	12943233
fits	12942004
kick	12941649
regards	12939920
meal	12937343
ta	12936942
hurt	12936269
machinery	12936031
bandwidth	12935437
unlike	12933815
equation	12933641
baskets	12933398
probability	12929028
pot	12927383
dimension	12925504
wright	12925206
barry	12921548
proven	12920984
schedules	12917359
admissions	12907686
cached	12887996
warren	12887808
slip	12886015
studied	12881982
reviewer	12879631
involves	12878082
quarterly	12876640
rpm	12872296
profits	12872162
devil	12869511
grass	12868953
comply	12868396
marie	12862466
florist	12860636
illustrated	12858193
cherry	12855670
continental	12854435
alternate	12846709
achievement	12845656
limitations	12844407
kenya	12839981
cuts	12832156
funeral	12827388
earrings	12822060
enjoyed	12819458
automated	12816951
chapters	12814410
pee	12811886
charlie	12810984
quebec	12807746
passenger	12804602
convenient	12801318
dennis	12801087
mars	12792948
francis	12791715
sized	12775596
manga	12774174
noticed	12773325
socket	12770550
silent	12768385
literary	12767813
egg	12766528
mhz	12762988
signals	12760317
caps	12758083
orientation	12750803
pill	12749153
theft	12744763
childhood	12740200
swing	12734467
symbols	12733176
lat	12732598
meta	12731331
humans	12729034
analog	12726931
facial	12721452
choosing	12717377
talent	12712170
dated	12707511
flexibility	12700246
seeker	12696541
wisdom	12696160
shoot	12695618
boundary	12695163
mint	12694588
offset	12689932
payday	12682146
philip	12674163
elite	12673836
gi	12673643
spin	12671696
holders	12665447
believes	12663723
swedish	12662613
poems	12662561
deadline	12662277
jurisdiction	12657881
robot	12656312
displaying	12650318
witness	12643368
collins	12638925
equipped	12635856
stages	12632816
encouraged	12632676
sur	12632510
winds	12628386
powder	12627415
broadway	12620441
acquired	12619643
assess	12614289
wash	12612759
cartridges	12611549
stones	12611462
entrance	12610212
gnome	12609820
roots	12609370
declaration	12609210
losing	12607223
attempts	12606763
gadgets	12604953
noble	12604679
glasgow	12596942
automation	12592519
impacts	12585629
rev	12575365
gospel	12572666
advantages	12569204
shore	12568485
loves	12566621
induced	12566340
ll	12564191
knight	12563918
preparing	12556793
loose	12556710
aims	12555862
recipient	12555432
linking	12555304
extensions	12552534
appeals	12550346
cl	12549130
earned	12540187
illness	12539579
islamic	12539523
athletics	12534433
southeast	12520872
ieee	12520362
ho	12515925
alternatives	12512859
pending	12509596
parker	12509468
determining	12507793
lebanon	12503316
corp	12500878
personalized	12495791
kennedy	12494982
gt	12493779
sh	12493091
conditioning	12490899
teenage	12488595
soap	12485378
ae	12480269
triple	12478554
cooper	12476378
vincent	12468392
jam	12468316
secured	12463155
unusual	12459909
answered	12457330
partnerships	12453817
destruction	12453758
slots	12452126
increasingly	12442507
migration	12442426
disorder	12437958
routine	12437176
basically	12428283
rocks	12427428
conventional	12426348
titans	12408915
applicants	12408250
wearing	12401524
axis	12399723
sought	12398749
genes	12396954
mounted	12391977
habitat	12388574
firewall	12387228
median	12384523
guns	12383666
scanner	12375659
herein	12372347
occupational	12368358
animated	12365108
judicial	12363943
rio	12362288
hs	12344206
adjustment	12343670
hero	12343606
integer	12343092
treatments	12341268
bachelor	12335355
attitude	12331010
engaged	12325194
falling	12324340
basics	12316733
montreal	12310310
carpet	12309442
struct	12292326
lenses	12288564
binary	12286978
genetics	12285353
attended	12284886
difficulty	12282409
punk	12282363
collective	12276900
coalition	12274377
pi	12272978
dropped	12265666
enrollment	12253733
duke	12250071
walter	12248848
ai	12248842
pace	12247704
besides	12246405
wage	12243196
producers	12242166
ot	12234379
collector	12233823
arc	12229184
hosts	12228736
interfaces	12224161
advertisers	12223306
moments	12221536
atlas	12221120
strings	12221039
dawn	12219521
representing	12219202
observation	12217876
feels	12212683
torture	12209454
carl	12209059
deleted	12207876
coat	12207355
mitchell	12207212
mrs	12206596
restoration	12202668
convenience	12201623
returning	12197026
ralph	12190683
opposition	12183104
container	12181942
yr	12176279
defendant	12169689
warner	12165874
confirmation	12157725
app	12156802
embedded	12156057
supervisor	12154591
wizard	12151804
corps	12150135
actors	12149923
liver	12139363
peripherals	12137652
liable	12126852
brochure	12124414
morris	12122016
bestsellers	12121686
petition	12120487
recall	12118110
antenna	12115794
picked	12114899
assumed	12113023
departure	12111116
minneapolis	12111079
belief	12108114
killing	12106805
bikini	12105241
memphis	12103085
shoulder	12100130
decor	12098868
lookup	12096074
texts	12095723
harvard	12089345
brokers	12075458
roy	12074809
ion	12074177
diameter	12059691
ottawa	12050603
doll	12047864
ic	12040669
seasons	12035131
peru	12033152
interactions	12030927
refine	12027198
bidder	12023506
singer	12021075
evans	12020970
herald	12020777
literacy	12016141
fails	12015364
aging	12014007
nike	12009663
intervention	12006519
fed	12005354
attraction	11998068
diving	11997559
invite	11994795
modification	11994630
alice	11994061
suppose	11981451
customized	11979867
reed	11977359
involve	11976257
moderate	11975598
terror	11975502
younger	11971094
thirty	11969481
mice	11967727
opposite	11965213
understood	11962620
rapidly	11959135
ban	11940116
temp	11938391
intro	11938092
mercedes	11935820
assurance	11928914
clerk	11923960
happening	11920756
vast	11916770
mills	11910667
outline	11910319
amendments	11901949
holland	11897739
receives	11897613
jeans	11896655
metropolitan	11896215
compilation	11894545
verification	11890283
fonts	11884559
odd	11871958
wrap	11871928
refers	11869181
mood	11868381
favor	11867822
veterans	11867645
quiz	11866535
sigma	11864409
gr	11858655
attractive	11857523
occasion	11854911
recordings	11854099
jefferson	11851441
victim	11844825
demands	11843789
sleeping	11840656
careful	11836566
ext	11830447
beam	11827772
gardening	11823864
obligations	11820453
arrive	11812688
orchestra	11808109
sunset	11802197
tracked	11801246
moreover	11797770
minimal	11787905
polyphonic	11779964
lottery	11776450
tops	11771127
framed	11770634
aside	11768649
licence	11761605
adjustable	11757528
allocation	11756315
michelle	11752565
essay	11750312
discipline	11734967
amy	11734926
ts	11731220
demonstrated	11721030
dialogue	11720390
identifying	11718306
alphabetical	11717970
camps	11712039
declared	11707935
dispatched	11701771
aaron	11698784
trace	11697252
disposal	11693072
shut	11689186
florists	11684143
packs	11683277
ge	11678554
installing	11675871
switches	11673995
voluntary	11671298
thou	11669062
consult	11666011
greatly	11664471
mask	11654805
cycling	11653999
midnight	11650394
ng	11645846
commonly	11638541
pe	11638517
photographer	11637896
inform	11637681
turkish	11628585
coal	11625191
cry	11624610
messaging	11623632
quantum	11611352
murray	11607168
intent	11596706
zoo	11589578
largely	11587337
pleasant	11587208
announce	11583296
constructed	11581210
additions	11579566
requiring	11578075
spoke	11577917
aka	11570453
arrow	11563142
engagement	11562545
sampling	11558186
rough	11557184
weird	11556427
tee	11539905
refinance	11537028
lion	11531749
inspired	11531233
holes	11529280
weddings	11529020
blade	11527988
suddenly	11523262
oxygen	11522424
cookie	11517481
meals	11515834
canyon	11515517
goto	11503742
meters	11502899
merely	11492724
calendars	11488301
arrangement	11486779
conclusions	11484905
passes	11484329
bibliography	11483881
pointer	11475647
compatibility	11467191
stretch	11463625
durham	11463394
furthermore	11462067
permits	11453109
cooperative	11453108
muslim	11451583
neil	11446551
sleeve	11444961
cleaner	11442551
cricket	11442124
beef	11441469
feeding	11441465
stroke	11440396
township	11435976
rankings	11433277
measuring	11432076
cad	11431260
hats	11430056
robin	11423944
robinson	11422896
jacksonville	11419276
strap	11414669
headquarters	11414484
sharon	11410497
crowd	11409218
transfers	11403780
surf	11402999
olympic	11399795
transformation	11397689
remained	11392181
attachments	11392078
dir	11381802
entities	11373336
customs	11372432
administrators	11370681
personality	11361835
rainbow	11360882
hook	11359349
roulette	11359153
decline	11351898
gloves	11347457
israeli	11341552
medicare	11339790
cord	11338350
skiing	11337414
cloud	11337220
facilitate	11330977
subscriber	11326491
valve	11325360
val	11322492
explains	11317473
proceed	11314599
feelings	11299333
knife	11297715
jamaica	11293962
priorities	11288273
shelf	11287023
bookstore	11285387
timing	11283175
liked	11282738
parenting	11280195
adopt	11272339
denied	11268485
incredible	11261994
fucked	11254558
donation	11245208
outer	11245167
crop	11244764
deaths	11242764
rivers	11239247
commonwealth	11231405
pharmaceutical	11229705
manhattan	11228022
tales	11222332
katrina	11217436
workforce	11215929
islam	11214742
nodes	11208722
tu	11206203
fy	11203603
thumbs	11202045
seeds	11196921
cited	11195944
lite	11195840
hub	11188639
targeted	11188624
organizational	11188435
realized	11186108
twelve	11182087
founder	11180601
decade	11178625
dispute	11164678
portuguese	11160302
tired	11158233
adverse	11157534
everywhere	11153149
excerpt	11148686
eng	11144620
steam	11141309
discharge	11140169
ef	11139051
drinks	11137329
ace	11134733
voices	11129180
acute	11128841
halloween	11123946
climbing	11117590
stood	11116275
sing	11114001
tons	11109804
perfume	11109790
carol	11109404
honest	11109203
albany	11108457
hazardous	11095147
restore	11092761
stack	11090579
methodology	11090402
somebody	11089522
sue	11086374
ep	11086357
housewares	11081832
reputation	11081735
resistant	11080383
democrats	11080202
recycling	11079315
hang	11077672
curve	11071177
creator	11071006
amber	11065507
qualifications	11063651
museums	11059541
coding	11058393
tracker	11054208
variation	11043903
passage	11034796
transferred	11023998
trunk	11020361
hiking	11020291
lb	11017639
damn	11016467
pierre	11015591
headset	11014961
photograph	11014717
oakland	11011611
colombia	11011374
waves	11006010
camel	11005001
distributor	11002174
lamps	11000656
underlying	11000355
hood	10997944
wrestling	10996334
suicide	10996226
archived	10992630
chi	10981165
bt	10981096
arabia	10980809
gathering	10976378
projection	10975182
juice	10973425
chase	10971945
mathematical	10971768
logical	10970564
sauce	10968629
fame	10962456
extract	10962105
specialized	10955946
diagnostic	10955841
panama	10953110
indianapolis	10951797
af	10951514
payable	10948988
corporations	10945498
courtesy	10945291
criticism	10943753
automobile	10939225
confidential	10937497
statutory	10934584
accommodations	10932659
athens	10930110
northeast	10929164
downloaded	10920057
judges	10917393
sl	10916288
retired	10914144
remarks	10911869
detected	10911828
decades	10911127
paintings	10906609
walked	10905602
arising	10904371
bracelet	10887275
ins	10886378
eggs	10885514
juvenile	10884643
injection	10873254
yorkshire	10871783
populations	10869967
protective	10861679
afraid	10858793
acoustic	10857417
railway	10853755
cassette	10853321
initially	10849818
indicator	10846277
pointed	10845626
hb	10843806
causing	10841604
mistake	10841486
locked	10837051
eliminate	10836172
tc	10834933
fusion	10834718
mineral	10833061
sunglasses	10831524
ruby	10830824
steering	10826821
beads	10825324
fortune	10823100
preference	10821710
canvas	10820175
threshold	10820054
parish	10808608
claimed	10805425
screens	10799678
cemetery	10799517
planner	10798993
flows	10797166
stadium	10797095
venezuela	10796973
exploration	10796216
mins	10793604
fewer	10792786
sequences	10790922
coupon	10788016
nurses	10783304
stem	10775393
proxy	10773043
astronomy	10767054
opt	10763778
edwards	10761573
drew	10760463
contests	10760068
flu	10759905
translate	10756065
announces	10754974
costume	10749142
tagged	10748315
berkeley	10746947
voted	10746027
killer	10745688
bikes	10740880
gates	10734618
adjusted	10733092
rap	10729871
tune	10728129
bishop	10727838
pulled	10724879
corn	10723716
gp	10720137
shaped	10717999
compression	10712155
seasonal	10711168
establishing	10709113
farmer	10707897
counters	10706242
puts	10705170
constitutional	10699765
grew	10698645
perfectly	10698357
tin	10695557
slave	10692715
instantly	10691970
cultures	10690547
norfolk	10690400
coaching	10689595
examined	10689487
trek	10689116
encoding	10684685
litigation	10681417
submissions	10674606
heroes	10669219
painted	10666710
ir	10662317
broadcasting	10660304
horizontal	10655275
artwork	10654545
cosmetic	10651127
resulted	10647532
portrait	10647237
terrorist	10647080
informational	10645899
ethical	10644576
carriers	10644210
mobility	10643212
floral	10641202
builders	10639867
ties	10637546
struggle	10637472
schemes	10633782
suffering	10631848
neutral	10631835
fisher	10631475
rat	10626001
spears	10622346
prospective	10618399
dildos	10612318
bedding	10608944
ultimately	10608757
joining	10606585
heading	10604462
equally	10603542
artificial	10603435
bearing	10602853
spectacular	10602657
coordination	10601328
connector	10600313
brad	10595050
combo	10592758
seniors	10592234
worlds	10591522
guilty	10588260
affiliated	10583504
activation	10581402
naturally	10578629
haven	10569212
tablet	10568043
jury	10566974
dos	10564148
tail	10557843
subscribers	10557815
charm	10554644
lawn	10551602
violent	10551326
underwear	10546819
basin	10544774
soup	10543301
potentially	10541780
ranch	10539650
constraints	10529222
crossing	10528114
inclusive	10524594
dimensional	10522059
cottage	10520695
drunk	10519219
considerable	10518680
crimes	10515840
resolved	10512341
byte	10509871
toner	10508427
nose	10507356
latex	10502825
branches	10496749
anymore	10494227
delhi	10491603
holdings	10491229
alien	10490554
locator	10478335
selecting	10477348
processors	10468305
pantyhose	10466075
broke	10460811
nepal	10459583
zimbabwe	10459195
difficulties	10456103
juan	10447286
complexity	10446732
msg	10443091
constantly	10442685
browsing	10442630
resolve	10441751
barcelona	10433419
presidential	10430695
documentary	10429008
cod	10426143
territories	10425468
melissa	10423009
moscow	10419336
thesis	10415545
thru	10412942
jews	10410302
nylon	10410171
palestinian	10409985
discs	10404995
rocky	10404321
bargains	10403472
frequent	10400111
trim	10395161
nigeria	10392451
ceiling	10391461
pixels	10381558
ensuring	10381359
hispanic	10379937
cv	10378141
cb	10376380
legislature	10375803
hospitality	10373383
gen	10369037
anybody	10367449
procurement	10367032
diamonds	10366433
fleet	10364423
untitled	10362049
bunch	10355431
totals	10350962
singing	10349448
theoretical	10348868
afford	10348210
exercises	10346676
starring	10342756
referral	10341537
surveillance	10332765
optimal	10331534
quit	10324803
distinct	10323958
protocols	10321942
lung	10318643
highlight	10317486
substitute	10309868
inclusion	10305876
hopefully	10304848
brilliant	10302824
turner	10302792
sucking	10301698
cents	10301064
ti	10295313
fc	10294579
gel	10294568
todd	10291963
spoken	10290440
omega	10289113
evaluated	10288417
stayed	10286077
civic	10283668
assignments	10282466
fw	10281650
manuals	10278330
doug	10276664
sees	10274243
termination	10274046
watched	10266154
saver	10258158
thereof	10257549
grill	10254124
households	10251054
gs	10246889
redeem	10246248
rogers	10246146
grain	10244623
aaa	10243983
authentic	10235042
regime	10234937
wanna	10232302
wishes	10232199
bull	10231851
montgomery	10230206
architectural	10225722
louisville	10225533
depend	10224227
differ	10224024
macintosh	10220501
movements	10217824
ranging	10213057
monica	10210095
repairs	10209005
breath	10208731
amenities	10198635
virtually	10198413
cole	10196153
mart	10193683
candle	10193393
hanging	10190519
colored	10189750
authorization	10187414
tale	10186894
verified	10184772
lynn	10183306
formerly	10182974
projector	10182117
bp	10178173
situated	10177869
comparative	10177483
std	10176759
seeks	10174194
herbal	10173511
loving	10172381
strictly	10169150
routing	10169123
docs	10167452
stanley	10160132
psychological	10159161
surprised	10158243
retailer	10140662
vitamins	10139447
elegant	10137738
gains	10137566
renewal	10134639
genealogy	10127416
opposed	10126959
deemed	10124641
scoring	10124355
expenditure	10121277
brooklyn	10120132
liverpool	10118816
sisters	10116284
critics	10114264
connectivity	10113914
spots	10109662
algorithms	10105789
hacker	10105645
madrid	10103341
similarly	10101415
margin	10100139
coin	10095328
solely	10091700
fake	10088583
salon	10079006
collaborative	10064088
norman	10063272
excluding	10062992
turbo	10058686
headed	10058504
voters	10058315
cure	10046948
madonna	10044163
commander	10043511
arch	10040050
ni	10037404
murphy	10035536
thinks	10035159
thats	10034213
suggestion	10033796
soldier	10032017
aimed	10030370
justin	10029711
bomb	10028218
harm	10026586
interval	10026043
mirrors	10025204
spotlight	10022271
tricks	10022185
reset	10021033
brush	10018684
investigate	10018280
thy	10017433
panels	10016948
repeated	10015447
assault	10011305
connecting	10011002
spare	10009522
logistics	10008708
deer	10007644
kodak	10005470
tongue	10002563
bowling	9997649
tri	9995307
danish	9987098
pal	9987022
monkey	9983383
proportion	9983303
filename	9982265
skirt	9981485
florence	9981320
invest	9979906
honey	9978043
um	9977356
analyses	9976066
drawings	9975478
significance	9974078
scenario	9972760
ye	9972424
fs	9968457
lovers	9957546
atomic	9957374
approx	9954543
symposium	9954499
arabic	9954108
gauge	9952466
essentials	9949208
junction	9946903
protecting	9941975
faced	9938155
mat	9937738
rachel	9937223
solving	9935681
transmitted	9934463
weekends	9928005
produces	9926309
oven	9926264
ted	9926083
intensive	9923252
chains	9922983
kingston	9921225
sixth	9920054
engage	9919952
deviant	9917990
noon	9917780
switching	9915827
quoted	9915470
adapters	9914081
correspondence	9911984
farms	9908537
imports	9905359
supervision	9904839
cheat	9903572
bronze	9903268
expenditures	9900734
sandy	9897487
separation	9895531
testimony	9893472
suspect	9889728
celebrities	9887793
macro	9885853
sender	9885826
mandatory	9884397
boundaries	9884011
crucial	9880976
syndication	9873537
gym	9872500
celebration	9872199
adjacent	9869232
filtering	9862849
tuition	9860033
spouse	9858936
exotic	9858662
viewer	9858416
threats	9849639
luxembourg	9848763
puzzles	9847032
reaching	9832263
vb	9830530
damaged	9826789
cams	9824481
receptor	9823615
piss	9822831
laugh	9822471
joel	9814525
surgical	9811901
destroy	9811516
citation	9810893
pitch	9800556
autos	9798008
yo	9792810
premises	9787665
perry	9785838
proved	9782793
offensive	9781246
imperial	9776810
dozen	9776227
benjamin	9775193
deployment	9774331
teeth	9769437
cloth	9764137
studying	9763653
colleagues	9762059
stamp	9760468
lotus	9759485
salmon	9757346
olympus	9753199
separated	9752054
proc	9748737
cargo	9748668
tan	9747576
directive	9746031
salem	9735569
mate	9732445
dl	9731411
starter	9730619
upgrades	9728964
likes	9727733
butter	9727172
pepper	9725001
weapon	9724562
luggage	9723336
burden	9722173
chef	9722004
tapes	9719559
zones	9719114
races	9715279
isle	9714155
stylish	9708474
slim	9707476
maple	9704551
luke	9699611
grocery	9699375
offshore	9689804
governing	9689657
retailers	9688459
depot	9688338
kenneth	9685446
comp	9681817
alt	9681244
pie	9681219
blend	9680982
harrison	9680496
ls	9678683
julie	9674906
occasionally	9674433
attending	9672057
emission	9671794
pete	9671293
spec	9669417
finest	9668295
realty	9667732
janet	9666108
bow	9663748
recruiting	9662362
apparent	9650402
instructional	9650006
autumn	9649500
traveling	9647591
probe	9643801
midi	9642188
permissions	9632465
biotechnology	9631572
toilet	9622554
ranked	9621386
jackets	9619919
routes	9615627
packed	9614167
excited	9611150
outreach	9602202
helen	9600641
mounting	9600438
recover	9597891
tied	9593428
balanced	9592756
prescribed	9590926
catherine	9589100
timely	9583522
talked	9582713
debug	9581095
delayed	9579826
chuck	9574825
reproduced	9570000
hon	9569133
dale	9568925
explicit	9568886
calculation	9564034
villas	9561315
consolidated	9557816
exclude	9556992
peeing	9555730
occasions	9550945
brooks	9546939
equations	9545165
newton	9540561
oils	9540418
sept	9540361
exceptional	9539321
anxiety	9539030
bingo	9539002
whilst	9537785
spatial	9537716
respondents	9534943
unto	9533187
lt	9532069
ceramic	9531846
prompt	9531069
precious	9529904
minds	9529696
annually	9528962
considerations	9523594
scanners	9520219
atm	9510909
eq	9506593
pays	9505614
cox	9503104
fingers	9498899
sunny	9497382
delivers	9496295
necklace	9492391
musicians	9491482
leeds	9491065
composite	9490002
unavailable	9486162
cedar	9484993
arranged	9483767
lang	9483612
theaters	9481745
advocacy	9478772
stud	9477498
fold	9476623
essentially	9474655
designing	9473961
threaded	9473827
qualify	9469457
blair	9463587
hopes	9462715
assessments	9462624
mason	9461838
diagram	9460260
burns	9460104
pumps	9456489
footwear	9454184
sg	9452974
vic	9452560
peoples	9449074
victor	9448878
mario	9447559
pos	9445257
attach	9442716
licenses	9442167
removing	9439327
advised	9436986
brunswick	9436844
spider	9436277
phys	9433060
ranges	9432991
pairs	9432115
sensitivity	9431504
trails	9428983
preservation	9427816
hudson	9427258
isolated	9421703
calgary	9415992
interim	9415083
assisted	9413705
divine	9413498
streaming	9413174
approve	9410993
chose	9409845
compound	9406648
intensity	9405746
technological	9404975
syndicate	9403719
abortion	9397315
dialog	9396449
venues	9389442
blast	9387171
wellness	9382967
calcium	9382761
newport	9381857
antivirus	9381010
addressing	9378374
pole	9377429
discounted	9376380
indians	9375105
shield	9374574
harvest	9368863
membrane	9368378
prague	9367126
previews	9367114
bangladesh	9366062
constitute	9358523
locally	9356689
concluded	9354983
pickup	9354139
desperate	9350873
mothers	9349761
iceland	9348645
demonstration	9347680
governmental	9346318
manufactured	9345751
candles	9345477
graduation	9345222
bend	9342191
sailing	9341445
variations	9333993
moms	9332513
sacred	9331652
addiction	9331004
morocco	9330705
chrome	9329259
tommy	9327874
springfield	9324045
refused	9323160
brake	9321885
exterior	9319730
greeting	9318491
ecology	9315770
oliver	9312468
congo	9310976
glen	9308838
botswana	9305924
nav	9305379
delays	9301670
synthesis	9299369
olive	9298184
undefined	9295355
unemployment	9291396
cyber	9289150
scored	9286364
enhancement	9286231
newcastle	9284584
clone	9284578
dicks	9280692
velocity	9279532
lambda	9279528
relay	9275052
composed	9274507
tears	9274206
performances	9272429
oasis	9270498
baseline	9270123
cab	9268943
angry	9267505
fa	9265914
societies	9260047
silicon	9257759
brazilian	9253959
identical	9249252
petroleum	9246183
compete	9245630
ist	9244227
norwegian	9238765
lover	9234545
belong	9233597
honolulu	9232306
beatles	9231396
lips	9228435
retention	9226062
exchanges	9223640
pond	9223378
rolls	9220414
soundtrack	9215529
wondering	9214753
malta	9212218
daddy	9211193
lc	9209884
ferry	9208954
rabbit	9208689
profession	9208483
seating	9207831
dam	9204248
separately	9199179
physiology	9197243
collecting	9196546
das	9195872
exports	9195244
omaha	9193841
tire	9192117
participant	9190865
scholarships	9190488
recreational	9183129
dominican	9182019
chad	9176989
electron	9176181
loads	9175948
friendship	9175451
heather	9170875
passport	9170570
motel	9170238
unions	9167657
treasury	9167640
warrant	9167246
frozen	9165551
occupied	9165435
josh	9163898
royalty	9162860
scales	9162147
rally	9155530
observer	9155080
sunshine	9152357
strain	9151339
drag	9150581
ceremony	9150049
somehow	9149642
arrested	9147670
expanding	9147487
provincial	9144703
investigations	9139993
ripe	9136158
rely	9132658
medications	9128659
hebrew	9126538
gained	9124289
rochester	9124031
dying	9123557
laundry	9123546
stuck	9120620
solomon	9120064
placing	9118766
stops	9118589
homework	9116821
adjust	9115016
assessed	9112773
advertiser	9111848
enabling	9108041
encryption	9106010
filling	9103402
downloadable	9100404
sophisticated	9100034
imposed	9098534
silence	9096561
focuses	9095206
soviet	9095147
possession	9088454
cu	9087531
laboratories	9087221
treaty	9086189
vocal	9082826
trainer	9081168
organ	9077449
stronger	9076588
volumes	9076451
advances	9067771
vegetables	9067552
lemon	9066930
toxic	9065369
thumbnails	9064111
darkness	9058089
pty	9057527
ws	9055509
nuts	9053763
nail	9051805
vienna	9051157
implied	9050427
span	9047179
stanford	9047134
sox	9046134
stockings	9044052
joke	9043968
respondent	9040827
packing	9039257
statute	9035618
rejected	9035260
satisfy	9029773
destroyed	9026486
shelter	9025308
chapel	9025153
manufacture	9020752
layers	9018453
guided	9015660
vulnerability	9013560
accountability	9011124
celebrate	9010814
accredited	9006302
appliance	9005645
compressed	9004826
bahamas	9002602
mixture	8996041
bench	8992211
univ	8991617
tub	8990811
rider	8987802
scheduling	8986610
radius	8985161
perspectives	8983024
mortality	8978176
logging	8976964
christians	8974444
borders	8974127
therapeutic	8971499
pads	8971153
butts	8968856
inns	8968593
bobby	8964342
impressive	8963757
sheep	8962638
accordingly	8960086
architect	8954294
railroad	8948891
lectures	8946545
challenging	8944912
wines	8939582
nursery	8938613
harder	8937729
cups	8935485
ash	8934811
microwave	8934594
cheapest	8933030
accidents	8930846
relocation	8929354
stuart	8927715
contributors	8924784
salvador	8924572
salad	8923706
np	8922179
monroe	8922026
tender	8921535
violations	8918978
foam	8915164
temperatures	8913207
paste	8913055
clouds	8913052
competitions	8912029
discretion	8911298
tanzania	8910566
preserve	8910519
poem	8908949
unsigned	8901333
staying	8900981
cosmetics	8900972
easter	8899534
theories	8895360
repository	8892664
praise	8892149
jeremy	8892076
venice	8890952
jo	8889756
concentrations	8887519
vibrators	8887202
estonia	8886653
christianity	8886615
veteran	8886185
streams	8882706
landing	8882585
signing	8879976
executed	8879901
katie	8878399
negotiations	8877079
realistic	8874648
dt	8871681
showcase	8869023
integral	8867484
asks	8865097
relax	8856944
generating	8850249
christina	8849356
congressional	8848585
synopsis	8848268
hardly	8845763
prairie	8843835
reunion	8840817
composer	8839743
bean	8839308
sword	8835685
absent	8831540
photographic	8830744
sells	8827377
ecuador	8826169
hoping	8825881
accessed	8825205
spirits	8819959
modifications	8819107
coral	8818272
pixel	8813200
float	8808655
colin	8807299
bias	8807284
imported	8806670
paths	8806073
bubble	8806043
por	8804069
acquire	8803690
contrary	8799793
millennium	8798222
tribune	8797383
vessel	8794883
acids	8793940
focusing	8787624
viruses	8786573
cheaper	8786062
admitted	8784950
dairy	8781961
admit	8780656
mem	8778831
fancy	8777135
equality	8776326
samoa	8775146
achieving	8773550
tap	8770914
stickers	8766678
fisheries	8764667
exceptions	8761002
reactions	8756359
leasing	8753305
beliefs	8748050
companion	8745556
squad	8744772
analyze	8744719
scroll	8741548
relate	8740432
divisions	8740349
swim	8739102
wages	8737438
additionally	8737401
suffer	8733670
forests	8729343
fellowship	8728834
invalid	8718056
concerts	8711517
martial	8710009
males	8708016
victorian	8705544
retain	8703797
colours	8701943
execute	8698527
tunnel	8697960
genres	8694858
cambodia	8694511
patents	8694302
copyrights	8691928
yn	8691254
chaos	8690268
lithuania	8688361
wheat	8685589
chronicles	8685154
obtaining	8683426
beaver	8682215
updating	8678834
distribute	8678754
readings	8678675
decorative	8674671
confused	8673715
compiler	8666924
enlargement	8665117
eagles	8664871
bases	8663363
vii	8660788
accused	8659913
bee	8659734
campaigns	8659113
unity	8657709
loud	8653692
conjunction	8652516
bride	8650665
rats	8649718
defines	8645360
airports	8640814
instances	8636454
indigenous	8636449
begun	8636352
brunette	8635091
packets	8634757
anchor	8633382
socks	8632058
validation	8630880
parade	8629746
corruption	8628385
stat	8628104
trigger	8626739
incentives	8625429
cholesterol	8620700
gathered	8619411
essex	8617835
notified	8617516
differential	8617224
beaches	8617066
folders	8612253
dramatic	8612079
surfaces	8610304
terrible	8610277
routers	8604416
pendant	8603520
dresses	8602214
baptist	8600706
scientist	8600655
hiring	8600151
clocks	8598993
arthritis	8597099
bios	8597047
females	8595390
nevertheless	8587591
reflects	8586062
taxation	8584169
fever	8582665
cuisine	8575966
surely	8574112
practitioners	8572140
transcript	8571931
theorem	8569908
inflation	8567769
thee	8564377
nb	8563390
ruth	8563167
pray	8562732
stylus	8562046
compounds	8561772
pope	8560878
drums	8560748
contracting	8560554
arnold	8551232
structured	8549448
reasonably	8548385
jeep	8547455
chicks	8546991
bare	8546200
hung	8543618
cattle	8542988
radical	8540978
graduates	8538966
rover	8537021
recommends	8536378
controlling	8536013
treasure	8534047
reload	8533926
distributors	8531840
flame	8527495
tanks	8526525
assuming	8525795
monetary	8524903
elderly	8524071
pit	8523152
arlington	8522010
mono	8520822
particles	8520598
floating	8519508
extraordinary	8513936
tile	8509304
indicating	8506888
bolivia	8506635
spell	8506049
hottest	8505915
coordinate	8502942
kuwait	8500528
exclusively	8499379
emily	8497262
alleged	8495916
limitation	8494162
compile	8493391
squirting	8492512
webster	8490161
struck	8489716
illustration	8483700
plymouth	8478857
warnings	8477085
construct	8471574
inquiries	8466828
bridal	8466303
annex	8465905
mag	8461577
inspiration	8460625
tribal	8460247
curious	8460088
affecting	8458005
freight	8453128
rebate	8451915
eclipse	8448687
sudan	8447525
downloading	8445219
rec	8441122
shuttle	8440760
aggregate	8438852
stunning	8436751
cycles	8434209
affects	8433483
forecasts	8432832
detect	8431562
sluts	8430809
actively	8430340
ciao	8429222
knee	8426957
prep	8426130
complicated	8423441
chem	8419917
fastest	8417992
butler	8416381
injured	8412484
decorating	8411562
payroll	8410507
cookbook	8410461
expressions	8407890
ton	8405500
courier	8404855
uploaded	8400243
shakespeare	8394310
hints	8393784
collapse	8393063
americas	8389582
connectors	8388769
unlikely	8387131
oe	8386358
gif	8384163
pros	8379526
conflicts	8376606
beverage	8375242
tribute	8374010
wired	8371548
elvis	8369987
immune	8368663
latvia	8364713
travelers	8364541
forestry	8363344
barriers	8363320
cant	8363193
rarely	8361371
infected	8358326
offerings	8357699
martha	8355942
genesis	8354765
barrier	8353617
argue	8353605
incorrect	8353566
trains	8347103
metals	8345314
bicycle	8344882
furnishings	8344412
letting	8339922
arise	8337093
guatemala	8336537
celtic	8333967
thereby	8333948
jamie	8330541
particle	8328892
perception	8327495
minerals	8326767
advise	8325087
humidity	8321426
bottles	8320355
boxing	8319372
wy	8318770
dm	8318724
bangkok	8318647
renaissance	8317577
pathology	8314757
sara	8314336
bra	8310230
ordinance	8306901
hughes	8306299
photographers	8306260
infections	8296662
jeffrey	8295609
chess	8293823
operates	8291329
brisbane	8291276
configured	8289360
survive	8286260
oscar	8285553
festivals	8283573
menus	8283476
joan	8280137
possibilities	8279533
duck	8279189
reveal	8278392
canal	8278196
amino	8273641
phi	8273448
contributing	8273017
herbs	8271850
clinics	8270209
cow	8267976
manitoba	8266886
analytical	8266048
missions	8262839
watson	8262252
lying	8260845
costumes	8259187
strict	8256471
dive	8254655
circulation	8252534
drill	8248787
offense	8248745
bryan	8247764
protest	8243564
assumption	8239127
jerusalem	8238637
hobby	8237250
tries	8236889
invention	8227022
nickname	8226050
fiji	8219554
technician	8218658
inline	8218587
executives	8215657
enquiries	8215393
washing	8213049
staffing	8211954
cognitive	8211944
exploring	8210352
trick	8208473
enquiry	8208125
closure	8207909
raid	8207357
timber	8205739
volt	8204673
intense	8202396
div	8200687
registrar	8198909
showers	8198630
supporters	8197749
ruling	8196826
steady	8194131
dirt	8191960
statutes	8191031
withdrawal	8189026
drops	8187657
predicted	8187530
wider	8186703
saskatchewan	8186212
cancellation	8183513
enrolled	8182105
sensors	8181414
screw	8177263
ministers	8175323
publicly	8174368
hourly	8170909
blame	8170544
geneva	8169165
veterinary	8160775
acer	8160550
reseller	8159450
dist	8157317
handed	8150012
suffered	8148331
intake	8145321
informal	8143403
relevance	8143379
incentive	8142630
butterfly	8141617
tucson	8141001
mechanics	8138930
heavily	8136563
swingers	8133475
fifty	8133138
headers	8132869
mistakes	8132757
numerical	8132289
ons	8129510
geek	8129025
uncle	8127694
defining	8126054
counting	8122357
reflection	8121245
sink	8120590
accompanied	8119884
assure	8118473
invitation	8116098
devoted	8115627
princeton	8114227
jacob	8114034
sodium	8112246
randy	8110369
spirituality	8110292
hormone	8108338
meanwhile	8105294
proprietary	8104058
timothy	8103385
brick	8094369
grip	8094164
naval	8091649
medieval	8087116
porcelain	8086207
bridges	8083681
captured	8081642
watt	8078455
decent	8075752
casting	8071983
dayton	8068842
translated	8068739
shortly	8068497
columnists	8064506
pins	8062888
carlos	8062714
reno	8059568
donna	8058734
andreas	8058390
warrior	8058069
diploma	8052765
cabin	8052267
innocent	8051344
scanning	8049759
ide	8047346
consensus	8045198
polo	8044299
valium	8043979
copying	8043300
delivering	8042490
cordless	8042360
patricia	8042229
horn	8041908
eddie	8038567
uganda	8036029
fired	8031937
journalism	8029164
pd	8027301
trivia	8022961
frog	8019592
grammar	8019137
intention	8018304
syria	8013914
disagree	8010102
harvey	8007194
tires	8007166
logs	8004052
undertaken	8002746
hazard	8001020
retro	8000179
leo	7999564
statewide	7997430
semiconductor	7994769
gregory	7994610
episodes	7992878
boolean	7991813
circular	7991428
anger	7991036
mainland	7987678
illustrations	7987303
suits	7986526
chances	7980733
interact	7979075
snap	7978122
happiness	7976747
arg	7976318
substantially	7973137
bizarre	7965108
glenn	7963817
ur	7963413
auckland	7960929
olympics	7957969
fruits	7957429
identifier	7956303
geo	7952815
ribbon	7949592
calculations	7949423
doe	7946613
conducting	7945868
startup	7945485
suzuki	7943973
trinidad	7941269
ati	7939891
kissing	7939523
handy	7936655
swap	7936113
exempt	7935194
crops	7931319
reduces	7930754
accomplished	7928651
calculators	7928172
geometry	7926717
impression	7926329
abs	7925063
flip	7923655
guild	7923630
correlation	7923081
gorgeous	7921525
capitol	7917607
sim	7917540
dishes	7917224
barbados	7914154
chrysler	7909680
nervous	7908601
refuse	7906739
extends	7905326
fragrance	7904906
mcdonald	7904746
replica	7904448
plumbing	7903090
brussels	7894782
tribe	7890695
neighbors	7890643
trades	7889114
superb	7886083
buzz	7885592
transparent	7885356
nuke	7883128
rid	7877480
trinity	7877415
charleston	7875155
handled	7871280
legends	7869529
boom	7869145
calm	7867353
champions	7866751
floors	7863646
selections	7863046
projectors	7859378
inappropriate	7854984
exhaust	7853076
comparing	7852873
shanghai	7850915
speaks	7849940
burton	7849087
vocational	7847368
copied	7846786
scotia	7846014
farming	7844515
gibson	7843641
pharmacies	7840420
fork	7839872
troy	7839453
ln	7838721
roller	7835563
introducing	7835494
batch	7835050
organize	7833420
appreciated	7831655
alter	7831337
latino	7827064
ghana	7826979
edges	7826115
uc	7825094
mixing	7825076
handles	7823946
skilled	7822819
fitted	7821703
albuquerque	7820786
harmony	7820250
distinguished	7819407
asthma	7819180
projected	7817947
assumptions	7816824
shareholders	7816480
twins	7815027
developmental	7812620
rip	7811993
regulated	7811167
triangle	7808241
amend	7806844
anticipated	7805107
oriental	7801287
reward	7796577
windsor	7796269
zambia	7793214
completing	7792221
ld	7788065
hydrogen	7782756
sprint	7777576
comparable	7771705
chick	7771502
advocate	7767184
sims	7766711
confusion	7753690
copyrighted	7753345
tray	7752079
inputs	7750633
warranties	7750411
genome	7750168
escorts	7748900
documented	7748021
thong	7747699
medal	7747036
paperbacks	7745861
coaches	7744876
vessels	7744606
harbour	7744494
walks	7744070
sol	7742935
keyboards	7742684
sage	7739556
knives	7736647
eco	7736515
vulnerable	7731173
arrange	7727860
artistic	7725365
bat	7725300
honors	7724703
booth	7723310
reflected	7721386
unified	7718780
bones	7717501
breed	7716901
detector	7716106
ignored	7715815
polar	7715471
fallen	7714660
precise	7713353
sussex	7713059
respiratory	7712801
notifications	7712209
mainstream	7707583
invoice	7705574
evaluating	7703288
lip	7697283
subcommittee	7695207
sap	7694814
gather	7692892
maternity	7689807
backed	7688105
alfred	7683998
colonial	7681403
mf	7681143
carey	7679924
motels	7671328
forming	7671030
embassy	7669494
cave	7668883
journalists	7666080
danny	7664864
rebecca	7664761
slight	7664301
proceeds	7662697
indirect	7660350
amongst	7657732
wool	7657081
foundations	7656208
arrest	7653819
volleyball	7652654
mw	7651741
horizon	7648930
nu	7641650
deeply	7641115
toolbox	7639504
marina	7635596
liabilities	7633976
prizes	7632888
browsers	7628576
decreased	7628272
patio	7627536
dp	7627436
tolerance	7626816
surfing	7626574
creativity	7625520
lloyd	7624316
describing	7620342
optics	7616886
pursue	7615784
lightning	7615712
overcome	7615672
eyed	7613901
quotations	7612612
grab	7610506
inspector	7610238
attract	7608984
beans	7607524
bookmarks	7607172
disable	7606571
snake	7606395
succeed	7605605
leonard	7602783
lending	7600212
oops	7597549
reminder	7595207
xi	7589570
searched	7588455
behavioral	7585493
riverside	7585114
bathrooms	7584755
plains	7584638
ht	7582554
raymond	7580925
insights	7579690
abilities	7578665
initiated	7577787
za	7573829
midwest	7572172
karaoke	7568648
trap	7568482
lonely	7567701
fool	7567218
nonprofit	7563000
lancaster	7560021
suspended	7558542
hereby	7556876
observe	7556517
julia	7556335
containers	7553719
attitudes	7553476
karl	7553289
berry	7551906
collar	7551477
simultaneously	7550101
racial	7549723
integrate	7547193
bermuda	7545339
amanda	7541237
sociology	7541153
mobiles	7540824
exhibitions	7538148
confident	7537438
retrieved	7534050
exhibits	7533895
officially	7533785
consortium	7532771
dies	7532282
terrace	7531575
bacteria	7530969
pts	7529949
replied	7528347
seafood	7525177
novels	7525142
rh	7524738
recipients	7523934
ought	7523238
delicious	7521332
traditions	7520675
fg	7519837
jail	7515955
safely	7515572
finite	7514740
kidney	7514651
periodically	7513935
fixes	7513516
sends	7512707
durable	7510780
mazda	7509120
allied	7508812
throws	7506714
moisture	7505832
hungarian	7504915
roster	7503686
referring	7496798
spencer	7495460
wichita	7494430
uruguay	7491625
transform	7488924
timer	7488669
tablets	7485928
tuning	7480638
gotten	7480306
educators	7476133
tyler	7474964
futures	7472575
vegetable	7470219
verse	7469512
highs	7468394
humanities	7465314
independently	7464079
wanting	7463610
custody	7459454
scratch	7457515
launches	7455848
alignment	7454436
bk	7453778
britannica	7452694
comm	7452092
ellen	7450956
competitors	7449364
rocket	7447070
aye	7441890
bullet	7440918
towers	7438264
racks	7436380
lace	7436281
nasty	7434847
visibility	7434248
latitude	7432948
consciousness	7431877
tumor	7430480
ugly	7430462
deposits	7430333
beverly	7429063
mistress	7426613
encounter	7426608
trustees	7426417
watts	7423674
duncan	7423378
reprints	7418973
hart	7416862
bernard	7416113
resolutions	7415763
ment	7415216
accessing	7415131
forty	7415064
tubes	7413309
attempted	7412242
col	7402414
midlands	7402328
priest	7401793
floyd	7401451
ronald	7400733
analysts	7400631
queue	7398569
dx	7396278
sk	7392775
trance	7392026
locale	7391821
nicholas	7390870
biol	7390183
bundle	7382454
hammer	7382393
invasion	7381794
witnesses	7381231
runner	7381022
rows	7379744
administered	7379068
notion	7378935
sq	7371207
skins	7370612
mailed	7370075
oc	7369574
spelling	7368045
arctic	7366509
exams	7364984
rewards	7362798
beneath	7362453
strengthen	7362426
defend	7362127
frederick	7360731
medicaid	7356955
infrared	7353180
seventh	7351731
gods	7349181
welsh	7346867
belly	7346354
aggressive	7345918
tex	7342192
advertisements	7341945
quarters	7341914
stolen	7341424
cia	7338564
soonest	7335443
haiti	7332685
disturbed	7332357
determines	7331574
sculpture	7328010
poly	7326088
ears	7324193
dod	7322498
fist	7319405
naturals	7318729
neo	7316103
motivation	7315438
lenders	7315239
pharmacology	7313571
fitting	7313197
fixtures	7313034
mere	7312247
agrees	7311475
passengers	7309716
quantities	7308855
petersburg	7306746
consistently	7304456
cons	7299642
surplus	7299526
elder	7299470
sonic	7298920
obituaries	7294410
cheers	7293284
dig	7292787
taxi	7292568
punishment	7292386
appreciation	7290884
subsequently	7290235
om	7287650
nat	7285471
zoning	7285410
gravity	7285163
providence	7284693
thumb	7284386
restriction	7282015
incorporate	7280657
backgrounds	7280105
treasurer	7279010
guitars	7278585
essence	7275414
flooring	7275214
lightweight	7274935
ethiopia	7273849
tp	7269514
mighty	7268735
athletes	7268360
humanity	7267430
transcription	7265470
holmes	7262057
complications	7261846
scholars	7260315
scripting	7259780
gis	7259718
remembered	7259499
galaxy	7256361
chester	7255961
snapshot	7254276
caring	7253663
loc	7253484
worn	7252925
synthetic	7252923
shaw	7250288
vp	7249918
segments	7249885
testament	7246471
expo	7246083
dominant	7245256
twist	7240854
specifics	7239904
stomach	7234044
partially	7231835
buried	7228389
minimize	7223673
darwin	7222807
ranks	7222499
wilderness	7222440
debut	7220643
generations	7219639
tournaments	7217017
bradley	7214373
deny	7211272
anatomy	7210406
bali	7209040
judy	7208668
sponsorship	7207314
headphones	7203965
fraction	7201835
trio	7201758
proceeding	7201235
cube	7200844
defects	7197744
volkswagen	7193665
uncertainty	7193641
breakdown	7193446
milton	7192953
marker	7192496
reconstruction	7192366
subsidiary	7192144
strengths	7191478
clarity	7190446
rugs	7190103
sandra	7188116
adelaide	7187486
encouraging	7187031
furnished	7186113
monaco	7185303
settled	7183409
folding	7182520
emirates	7182004
terrorists	7179253
airfare	7179198
comparisons	7177121
beneficial	7174133
distributions	7172968
vaccine	7172504
crap	7169097
fate	7163528
promised	7162874
penny	7162062
robust	7162001
bookings	7160959
threatened	7160212
republicans	7158782
discusses	7157257
porter	7153875
gras	7152151
jungle	7151430
ver	7150746
rn	7150230
responded	7149431
rim	7148785
abstracts	7148233
zen	7146814
ivory	7146685
alpine	7144035
dis	7141885
prediction	7141450
pharmaceuticals	7139704
fabulous	7135769
remix	7132676
alias	7132147
thesaurus	7130215
individually	7129413
battlefield	7124495
literally	7123178
newer	7122879
kay	7122340
ecological	7120322
spice	7120274
oval	7119163
implies	7118895
cg	7118113
soma	7116175
ser	7114069
cooler	7113822
appraisal	7113257
consisting	7112172
maritime	7110338
periodic	7109279
submitting	7109263
overhead	7109005
ascii	7108409
prospect	7104679
shipment	7101837
breeding	7099543
citations	7098366
geographical	7097027
donor	7096675
mozambique	7096287
tension	7095608
trash	7092806
shapes	7092073
tier	7089353
fwd	7086252
earl	7084976
manor	7084688
envelope	7082265
diane	7081367
homeland	7078337
disclaimers	7074734
championships	7072912
excluded	7071343
andrea	7068627
breeds	7068459
rapids	7068412
disco	7067687
sheffield	7065072
bailey	7064210
aus	7063525
finishing	7061480
emotions	7060789
wellington	7059665
incoming	7058840
prospects	7058609
cleaners	7057391
bulgarian	7056806
hwy	7052767
eternal	7051757
cashiers	7050805
guam	7048764
cite	7045823
aboriginal	7042822
remarkable	7042042
rotation	7041716
nam	7037733
preventing	7037005
productive	7036132
boulevard	7036096
eugene	7035647
ix	7031195
pig	7028841
metric	7027911
compliant	7025769
minus	7025364
penalties	7023725
imagination	7019006
refurbished	7018259
joshua	7018211
armenia	7014638
varied	7013799
grande	7012300
closest	7011109
activated	7010205
actress	7010056
mess	7008727
conferencing	7008203
assign	7007787
armstrong	7006855
politicians	7005074
lit	7003064
accommodate	7002915
tigers	7001213
aurora	7000546
una	6999910
slides	6999875
milan	6999311
premiere	6998633
lender	6998474
villages	6997181
shade	6996835
chorus	6994116
christine	6993943
rhythm	6993833
digit	6991045
argued	6989831
dietary	6988904
symphony	6988846
clarke	6987535
sudden	6982423
accepting	6981678
precipitation	6980701
marilyn	6980500
lions	6980244
ada	6977809
pools	6977605
tb	6972398
lyric	6970278
claire	6965584
isolation	6964319
speeds	6959553
sustained	6959107
matched	6956828
approximate	6952889
rope	6947989
carroll	6946701
rational	6946029
programmer	6945578
fighters	6943528
chambers	6943275
dump	6942258
greetings	6940235
inherited	6938093
warming	6936723
incomplete	6935973
vocals	6935028
chronicle	6933665
fountain	6932099
chubby	6930695
grave	6929008
legitimate	6928802
biographies	6927628
burner	6925111
yrs	6924463
foo	6923081
investigator	6922557
plaintiff	6921228
finnish	6916250
gentle	6913935
bm	6912845
prisoners	6912118
deeper	6910132
muslims	6910095
hose	6909109
mediterranean	6908392
nightlife	6907863
footage	6907471
worthy	6907063
reveals	6905372
architects	6905009
saints	6904519
entrepreneur	6902698
carries	6902565
sig	6901508
freelance	6900216
duo	6898480
excessive	6897882
devon	6896016
helena	6893327
saves	6892635
regarded	6892622
valuation	6892298
unexpected	6891123
cigarette	6890707
fog	6889832
characteristic	6889575
marion	6889564
lobby	6887477
egyptian	6886505
tunisia	6884276
outlined	6879767
consequently	6878129
headline	6877614
treating	6876896
punch	6872844
appointments	6872540
str	6871657
gotta	6870320
cowboy	6868615
narrative	6865202
enormous	6863738
karma	6862407
consist	6861709
betty	6858121
queens	6857915
academics	6857856
pubs	6856583
quantitative	6856307
subdivision	6853615
tribes	6852777
vip	6851845
defeat	6851628
clicks	6850538
distinction	6847512
honduras	6846795
naughty	6845743
hazards	6844737
insured	6844376
harper	6843424
livestock	6843285
mardi	6842238
exemption	6842211
tenant	6841635
cabinets	6839944
tattoo	6839828
shake	6839319
algebra	6837784
shadows	6834963
holly	6834032
formatting	6833739
silly	6833654
nutritional	6832614
yea	6831773
mercy	6831149
hartford	6827422
freely	6826769
sunrise	6825721
wrapping	6825675
mild	6825099
fur	6824491
nicaragua	6823056
tar	6815687
belongs	6811798
readily	6800893
affiliation	6800211
soc	6796618
fence	6796605
nudist	6796558
infinite	6795427
diana	6795021
ensures	6794220
relatives	6790916
lindsay	6788857
clan	6788642
legally	6786936
shame	6785296
satisfactory	6785226
revolutionary	6784780
bracelets	6784037
sync	6783321
civilian	6782491
telephony	6781709
mesa	6780960
fatal	6779744
remedy	6779161
realtors	6779056
breathing	6778253
briefly	6777662
thickness	6777013
adjustments	6774522
graphical	6772818
genius	6770764
discussing	6770039
aerospace	6769942
fighter	6769666
meaningful	6768984
flesh	6768724
retreat	6768275
adapted	6767295
barely	6764292
wherever	6763200
estates	6762781
rug	6759009
democrat	6758314
borough	6757768
maintains	6757738
failing	6757353
shortcuts	6755251
ka	6754270
retained	6752745
pamela	6751640
marble	6745255
extending	6744759
jesse	6744751
specifies	6744015
hull	6744002
surrey	6743263
briefing	6737775
dem	6736082
accreditation	6733072
blackberry	6731784
highland	6731053
meditation	6729371
modular	6729139
microphone	6728403
macedonia	6727127
combining	6724712
brandon	6724445
instrumental	6724375
giants	6724177
organizing	6723300
shed	6720397
balloon	6719614
moderators	6714560
winston	6712262
memo	6710272
ham	6710254
solved	6710172
tide	6705696
hawaiian	6701194
standings	6701017
partition	6700658
invisible	6699963
consoles	6699804
funk	6697219
fbi	6697183
qatar	6695603
magnet	6694571
translations	6694010
cayman	6691441
jaguar	6687890
reel	6687134
sheer	6684477
commodity	6684471
posing	6683144
wang	6682155
kilometers	6677539
bind	6677053
thanksgiving	6676568
rand	6676222
urgent	6674221
guarantees	6674117
infants	6673177
gothic	6673024
cylinder	6672412
witch	6671560
buck	6669472
indication	6667902
eh	6667066
congratulations	6666777
cohen	6665722
sie	6665401
puppy	6662287
kathy	6661457
acre	6660361
graphs	6660200
surround	6660071
cigarettes	6658273
revenge	6655322
expires	6654690
enemies	6654467
lows	6654240
controllers	6652762
aqua	6650975
chen	6650939
emma	6649709
consultancy	6648252
finances	6647959
accepts	6647640
enjoying	6647058
conventions	6647013
eva	6646235
patrol	6645446
smell	6642666
pest	6638255
coordinates	6635126
fp	6634623
carnival	6633835
roughly	6633076
sticker	6632250
promises	6632069
responding	6629299
reef	6627185
physically	6626169
divide	6625143
consecutive	6620830
cornell	6620754
satin	6620674
bon	6619974
deserve	6619274
attempting	6618228
promo	6616863
representations	6615452
chan	6612938
worried	6610456
tunes	6610108
garbage	6609450
competing	6608747
combines	6606328
mas	6602100
beth	6597110
bradford	6596963
len	6596651
phrases	6596622
kai	6593897
peninsula	6592516
boring	6590871
dom	6590045
jill	6589607
accurately	6587832
speeches	6587170
reaches	6584676
schema	6584321
considers	6583467
sofa	6581358
catalogs	6580887
ministries	6578188
vacancies	6574616
quizzes	6574487
parliamentary	6572284
obj	6572150
prefix	6571204
lucia	6571033
savannah	6569355
barrel	6568339
typing	6567944
nerve	6567418
planets	6565548
deficit	6564569
boulder	6562262
pointing	6562181
renew	6561081
coupled	6560131
viii	6557928
harold	6554087
circuits	6553324
floppy	6552141
texture	6551718
handbags	6550555
jar	6549211
somerset	6547979
incurred	6547035
acknowledge	6546612
thoroughly	6545165
thunder	6542703
tent	6542394
caution	6542160
identifies	6540017
questionnaire	6539764
qualification	6537637
locks	6536771
modelling	6535752
namely	6534503
miniature	6534321
dept	6534300
hack	6533909
dare	6533855
euros	6533754
interstate	6531883
pirates	6531487
aerial	6531386
hawk	6529086
consequence	6528999
rebel	6527810
systematic	6527542
perceived	6527194
origins	6526476
hired	6526426
makeup	6525396
textile	6524569
lamb	6524456
madagascar	6524173
nathan	6523975
presenting	6521475
cos	6519725
troubleshooting	6519650
indexes	6516296
pac	6515935
centuries	6510767
gl	6510137
magnitude	6507232
ui	6506925
richardson	6506250
hindu	6505867
fragrances	6501326
vocabulary	6500785
licking	6499813
earthquake	6498726
fundraising	6497328
markers	6494071
weights	6493767
albania	6491835
geological	6489369
assessing	6488267
lasting	6487026
wicked	6486222
eds	6486176
introduces	6484370
kills	6484339
roommate	6484327
pushed	6482839
ro	6478647
computational	6475374
participated	6474500
junk	6474279
wax	6472822
lucy	6472814
answering	6472783
hans	6471170
impressed	6470043
slope	6469975
reggae	6467917
failures	6467553
poet	6466394
conspiracy	6464990
surname	6464687
theology	6464165
nails	6463889
evident	6462719
whats	6462263
rides	6461201
epic	6457720
saturn	6456206
organizer	6455968
nut	6455927
allergy	6453834
sake	6452394
twisted	6451973
combinations	6451955
preceding	6451360
merit	6450895
enzyme	6450842
cumulative	6449838
planes	6446290
tackle	6445389
disks	6445126
condo	6444848
amplifier	6444590
arbitrary	6442074
prominent	6441825
retrieve	6441254
vernon	6439809
sans	6439653
titanium	6437241
irs	6436696
fairy	6435300
builds	6432334
contacted	6431982
shaft	6431372
lean	6431362
bye	6427151
recorders	6424565
occasional	6424555
leslie	6423961
deutsche	6422601
ana	6422027
postings	6417777
innovations	6416376
kitty	6414935
postcards	6413643
dude	6412649
drain	6411642
monte	6411384
fires	6407259
algeria	6407167
blessed	6405474
luis	6405197
reviewing	6403305
cornwall	6402077
favors	6399252
potato	6397517
panic	6396440
explicitly	6393990
sticks	6393950
leone	6393163
transsexual	6392288
citizenship	6390878
excuse	6390272
reforms	6389308
basement	6386071
onion	6384730
strand	6383185
pf	6382635
sandwich	6382356
lawsuit	6381221
alto	6380149
informative	6379114
girlfriend	6379028
cheque	6377286
hierarchy	6376694
influenced	6376458
banners	6376393
reject	6375348
eau	6374072
abandoned	6371760
bd	6371664
circles	6369809
italic	6368489
beats	6367861
merry	6367037
mil	6366921
scuba	6366349
gore	6361800
complement	6360526
cult	6358930
dash	6357959
passive	6357851
valued	6356728
cage	6355861
checklist	6354694
requesting	6353012
courage	6352530
verde	6352373
lauderdale	6351956
scenarios	6349970
gazette	6349968
extraction	6349194
batman	6348582
elevation	6344864
hearings	6342388
hugh	6339596
lap	6338010
utilization	6337608
beverages	6337228
calibration	6336910
jake	6335873
eval	6334960
efficiently	6334769
anaheim	6334553
ping	6333297
textbook	6332509
dried	6331606
entertaining	6330073
prerequisite	6329988
luther	6328857
frontier	6327201
settle	6326394
stopping	6325995
refugees	6325438
knights	6324315
hypothesis	6323872
palmer	6323593
medicines	6321964
flux	6321668
derby	6319608
sao	6318816
peaceful	6318477
altered	6316108
pontiac	6314853
regression	6314300
doctrine	6312134
scenic	6312130
trainers	6312095
enhancements	6307063
renewable	6305969
intersection	6304801
passwords	6302572
sewing	6301885
consistency	6300897
collectors	6300613
conclude	6300601
recognised	6297911
munich	6297531
oman	6297262
celebs	6293895
propose	6292372
lighter	6287712
rage	6286645
uh	6281943
prix	6281426
astrology	6279280
advisors	6279269
pavilion	6278119
tactics	6277023
trusts	6275089
occurring	6273414
supplemental	6271983
travelling	6271787
talented	6268788
annie	6267924
pillow	6267773
induction	6267061
derek	6266654
precisely	6265488
shorter	6265445
spreading	6264419
provinces	6263860
relying	6262733
finals	6260305
paraguay	6257916
steal	6257493
parcel	6256814
refined	6256800
bo	6255729
fifteen	6252259
widespread	6250188
incidence	6249289
fears	6244239
predict	6242784
boutique	6242143
acrylic	6241613
rolled	6241330
tuner	6238319
incidents	6230779
rays	6225964
shannon	6225567
toddler	6223093
enhancing	6222606
flavor	6222543
alike	6220739
walt	6219614
homeless	6218611
horrible	6218089
hungry	6217455
metallic	6216751
acne	6215449
blocked	6214606
interference	6209872
warriors	6208650
palestine	6208235
libs	6202263
undo	6201919
cadillac	6200446
atmospheric	6200192
malawi	6199471
wm	6199142
pk	6197942
dana	6195188
halo	6194202
ppm	6193757
curtis	6192140
parental	6191119
referenced	6189204
strikes	6186772
lesser	6186413
publicity	6185967
marathon	6184918
ant	6182704
proposition	6182044
gays	6180881
pressing	6180129
gasoline	6179239
apt	6178351
dressed	6178034
scout	6176157
belfast	6176071
exec	6175969
dealt	6174968
niagara	6173308
inf	6171461
eos	6169309
warcraft	6168116
charms	6168055
catalyst	6166925
trader	6166016
bucks	6165133
allowance	6163760
denial	6157847
uri	6157239
designation	6156865
thrown	6153088
prepaid	6151760
raises	6150727
gem	6147908
duplicate	6146837
electro	6146299
criterion	6145788
badge	6145138
wrist	6143580
civilization	6143054
analyzed	6139654
vietnamese	6139248
heath	6139151
tremendous	6136813
ballot	6136404
varying	6133265
remedies	6133085
validity	6132692
trustee	6132688
weighted	6127410
angola	6127254
squirt	6126880
performs	6125810
plastics	6124848
realm	6122762
corrected	6122004
jenny	6118544
helmet	6117300
salaries	6117284
postcard	6117094
elephant	6116985
yemen	6111610
encountered	6108842
tsunami	6108023
scholar	6106465
nickel	6105089
internationally	6101687
surrounded	6101488
psi	6101411
buses	6101027
geology	6099879
pct	6099347
wb	6099072
creatures	6098952
coating	6098897
commented	6098391
wallet	6097891
cleared	6097495
accomplish	6091676
boating	6091365
drainage	6091287
corners	6087498
broader	6086711
vegetarian	6084997
rouge	6084449
yeast	6083904
yale	6083140
newfoundland	6082223
sn	6080096
pas	6077603
clearing	6077447
investigated	6077280
dk	6076460
ambassador	6071252
coated	6071039
intend	6069497
stephanie	6069137
contacting	6067411
vegetation	6067206
doom	6066610
louise	6065742
kenny	6065528
specially	6065220
owen	6063384
routines	6062898
hitting	6061673
yukon	6061476
beings	6059538
bite	6058201
aquatic	6056753
reliance	6056226
habits	6054045
striking	6053333
myth	6053018
infectious	6051038
singh	6049797
gig	6049004
gilbert	6048799
continuity	6045562
brook	6044943
fu	6044169
outputs	6043129
phenomenon	6041881
ensemble	6041105
insulin	6039475
assured	6038675
biblical	6038616
weed	6037596
conscious	6037028
accent	6036395
eleven	6033802
wives	6031432
ambient	6031360
utilize	6030953
mileage	6029552
prostate	6027360
adaptor	6027066
auburn	6026025
unlock	6026007
pledge	6025016
vampire	6024192
angela	6024003
relates	6023862
nitrogen	6022130
xerox	6022102
dice	6021831
merger	6021111
softball	6020491
referrals	6020422
quad	6017819
dock	6017754
differently	6017583
mods	6017018
framing	6016034
organised	6011975
musician	6011315
blocking	6008690
sorts	6005834
integrating	6005665
limiting	6004972
dispatch	6004425
revisions	6004256
papua	6002552
restored	6002392
hint	6001895
armor	6001844
riders	6001273
chargers	6000301
remark	5999841
dozens	5999337
varies	5999198
reasoning	5996840
liz	5991073
rendered	5990550
picking	5990492
charitable	5989558
guards	5989547
annotated	5988571
sv	5987934
convinced	5987616
openings	5987589
buys	5986960
burlington	5985020
replacing	5983876
researcher	5982544
watershed	5982111
councils	5981809
occupations	5980975
acknowledged	5979804
pockets	5975452
granny	5975081
pork	5973507
equilibrium	5971011
viral	5969493
inquire	5968138
pipes	5966191
characterized	5965898
laden	5964620
cottages	5964290
realtor	5962026
merge	5961585
privilege	5960038
edgar	5959034
develops	5958900
qualifying	5958210
chassis	5955012
estimation	5952184
barn	5952183
pushing	5952141
fleece	5950232
pediatric	5949762
boc	5949738
fare	5949355
dg	5949307
pierce	5946907
allan	5945293
dressing	5944875
sperm	5944531
vg	5944084
bald	5944017
craps	5943974
fuji	5943699
frost	5940685
leon	5939361
institutes	5938374
mold	5937161
dame	5935872
fo	5935254
sally	5933047
yacht	5932756
tracy	5931717
prefers	5931628
drilling	5931255
brochures	5931237
herb	5930548
ate	5929336
breach	5928795
whale	5928569
traveller	5928308
appropriations	5926818
suspected	5926215
tomatoes	5924980
benchmark	5924880
beginners	5924643
instructors	5924562
highlighted	5924450
bedford	5924396
stationery	5923389
idle	5921579
mustang	5920696
unauthorized	5918928
clusters	5918151
antibody	5917782
competent	5917697
momentum	5916698
fin	5916557
wiring	5915941
io	5915106
pastor	5915067
mud	5915017
calvin	5911132
uni	5909498
shark	5904454
contributor	5902799
demonstrates	5902304
phases	5901947
grateful	5901215
emerald	5900723
gradually	5900673
laughing	5900004
grows	5899321
cliff	5898886
desirable	5898611
tract	5897046
ballet	5896294
ol	5896093
journalist	5895302
abraham	5894747
js	5891426
bumper	5888291
afterwards	5887924
religions	5885745
garlic	5884664
hostels	5882823
shine	5881862
senegal	5881287
explosion	5877201
banned	5873696
wendy	5873301
briefs	5872333
signatures	5871903
cove	5868737
ozone	5865280
disciplines	5863597
casa	5862928
mu	5862273
daughters	5859931
conversations	5859623
radios	5858974
tariff	5858045
opponent	5857157
pasta	5855460
simplified	5855338
muscles	5855328
serum	5854942
wrapped	5852802
swift	5850031
motherboard	5848082
runtime	5846114
focal	5844761
bibliographic	5844300
eden	5843083
distant	5843044
incl	5842780
champagne	5842565
ala	5842094
decimal	5842077
hq	5840680
deviation	5840675
superintendent	5840171
dip	5839794
samba	5838327
hostel	5837147
housewives	5836649
employ	5836385
mongolia	5835847
penguin	5835109
magical	5834922
influences	5834542
inspections	5833062
irrigation	5830874
miracle	5829725
manually	5828485
reprint	5827192
reid	5827023
wt	5825769
hydraulic	5825729
centered	5823521
flex	5822075
yearly	5822036
penetration	5821758
wound	5820050
belle	5820002
rosa	5819587
conviction	5818769
hash	5816883
omissions	5816366
writings	5816200
hamburg	5815407
lazy	5813872
mv	5813191
mpg	5811089
retrieval	5809664
qualities	5809457
cindy	5809307
fathers	5808095
charging	5805957
marvel	5803188
lined	5802278
dow	5798818
prototype	5797559
importantly	5797467
petite	5796298
apparatus	5795626
terrain	5793822
dui	5793574
pens	5793328
explaining	5793125
yen	5792863
strips	5791691
gossip	5789586
rangers	5785364
nomination	5784301
empirical	5783958
mh	5783831
rotary	5782181
worm	5782079
dependence	5780801
discrete	5780056
beginner	5779949
boxed	5778226
lid	5776418
polyester	5775223
cubic	5774261
deaf	5774245
commitments	5773468
suggesting	5773290
sapphire	5772561
kinase	5772539
skirts	5771336
mats	5769854
remainder	5767514
labeled	5765620
privileges	5765198
televisions	5763445
specializing	5763389
marking	5763345
commodities	5761180
serbia	5759300
sheriff	5758797
declined	5758614
griffin	5758614
guyana	5758483
spies	5756937
blah	5755885
mime	5755769
neighbor	5753134
motorcycles	5749435
elect	5748899
highways	5745573
concentrate	5744544
intimate	5744011
reproductive	5743545
deadly	5740299
bunny	5730050
chevy	5729809
molecules	5729526
rounds	5728310
longest	5727593
refrigerator	5726901
intervals	5726477
sentences	5723424
dentists	5722434
exclusion	5721930
workstation	5720085
holocaust	5719888
keen	5719759
flyer	5718564
peas	5718446
dosage	5718176
receivers	5718103
disposition	5717084
variance	5713415
navigator	5712459
investigators	5712386
cameroon	5712068
baking	5711682
marijuana	5711213
adaptive	5711114
computed	5709026
needle	5708007
baths	5707960
cathedral	5707027
brakes	5706374
og	5704248
nirvana	5702748
ko	5702467
owns	5702245
til	5700373
invision	5699758
sticky	5698936
destiny	5698721
generous	5698368
madness	5698238
climb	5697476
blowing	5695084
fascinating	5694739
landscapes	5694671
heated	5694239
lafayette	5693356
jackie	5693142
computation	5690959
hay	5688403
cardiovascular	5688372
cardiac	5684878
salvation	5684577
dover	5683356
adrian	5683331
predictions	5682037
accompanying	5681015
vatican	5678469
brutal	5675803
learners	5675657
gd	5675522
selective	5674677
arbitration	5674307
configuring	5673670
token	5672353
editorials	5671680
zinc	5671140
sacrifice	5670665
seekers	5668954
guru	5668074
removable	5664689
convergence	5663627
yields	5663314
gibraltar	5663131
levy	5663032
suited	5662955
numeric	5662908
anthropology	5661140
skating	5660985
aberdeen	5660658
emperor	5660656
grad	5658668
malpractice	5656959
dylan	5656291
bras	5656032
belts	5651790
blacks	5650814
educated	5649174
rebates	5648615
reporters	5648250
burke	5646090
proudly	5645732
pix	5645638
necessity	5645294
rendering	5644923
inserted	5642430
pulling	5640701
basename	5640149
kyle	5640039
obesity	5640025
curves	5638455
suburban	5637047
touring	5635653
clara	5633877
vertex	5633609
hepatitis	5632394
nationally	5630976
tomato	5630352
andorra	5629631
waterproof	5628399
expired	5626476
travels	5625413
flush	5625285
waiver	5625238
pale	5622699
specialties	5622296
hayes	5621719
humanitarian	5621464
invitations	5621134
functioning	5619525
delight	5619474
survivor	5618749
cingular	5617266
economies	5616670
alexandria	5616299
bacterial	5616140
moses	5615802
counted	5615635
undertake	5613443
declare	5612067
continuously	5610397
johns	5610302
valves	5609119
gaps	5608655
impaired	5607542
achievements	5607204
donors	5607009
tear	5605530
jewel	5603871
teddy	5602073
lf	5601187
convertible	5600483
ata	5599667
teaches	5599377
ventures	5598213
nil	5598171
stranger	5595615
tragedy	5594610
julian	5593951
nest	5593866
pam	5592553
dryer	5592001
painful	5591729
velvet	5591498
tribunal	5589955
ruled	5589851
nato	5588698
pensions	5587823
prayers	5587372
funky	5587279
secretariat	5585386
nowhere	5582367
cop	5581961
paragraphs	5579470
gale	5578617
joins	5578553
adolescent	5577666
nominations	5577144
wesley	5576970
dim	5575497
lately	5574422
cancelled	5573318
scary	5571680
mattress	5570672
likewise	5568135
banana	5567941
introductory	5567853
slovak	5565805
cakes	5565500
stan	5563253
reservoir	5562138
occurrence	5561539
idol	5560487
bloody	5559606
mixer	5558245
remind	5558174
wc	5557972
worcester	5554789
demographic	5553274
charming	5553134
tooth	5551049
disciplinary	5549568
annoying	5548132
respected	5548130
stays	5547528
disclose	5547253
affair	5545856
drove	5545848
washer	5545568
upset	5544484
restrict	5544351
springer	5544157
beside	5543255
mines	5542234
portraits	5541504
rebound	5540042
logan	5539308
mentor	5537836
interpreted	5535882
evaluations	5535717
fought	5535215
baghdad	5533851
elimination	5533839
metres	5533820
hypothetical	5532893
immigrants	5531013
complimentary	5530978
helicopter	5528827
pencil	5527529
freeze	5526731
performer	5525369
abu	5524021
titled	5523710
commissions	5523311
sphere	5522351
moss	5518013
ratios	5517678
concord	5516199
graduated	5515808
endorsed	5515213
surprising	5510793
walnut	5509894
lance	5509634
ladder	5508719
unnecessary	5507431
dramatically	5507401
liberia	5507258
sherman	5503313
cork	5502436
maximize	5500366
senators	5497805
workout	5497220
mali	5496693
yugoslavia	5496687
bleeding	5496166
characterization	5495259
colon	5494297
likelihood	5493171
lanes	5489762
purse	5488891
fundamentals	5488781
contamination	5488731
endangered	5486113
compromise	5485442
optimize	5483874
stating	5483075
dome	5482989
caroline	5482412
leu	5480452
expiration	5479431
align	5478643
peripheral	5477849
bless	5477461
engaging	5477196
negotiation	5477161
crest	5477034
opponents	5474963
triumph	5473738
nominated	5473700
confidentiality	5473407
electoral	5472569
welding	5471850
deferred	5470097
alternatively	5469870
heel	5468921
alloy	5468839
condos	5466903
plots	5466589
polished	5465964
yang	5465949
gently	5465493
tulsa	5463904
locking	5463134
casey	5462971
controversial	5460493
draws	5458448
fridge	5458180
blanket	5457762
bloom	5456938
lou	5451701
elliott	5449356
recovered	5448893
fraser	5448707
justify	5448520
upgrading	5448063
blades	5446861
loops	5439483
surge	5436623
trauma	5434737
aw	5433668
advert	5431594
possess	5431346
demanding	5431042
defensive	5430651
sip	5430090
flashers	5426891
forbidden	5424002
vanilla	5422197
programmers	5421887
monitored	5418966
installations	5417492
deutschland	5417351
picnic	5417141
souls	5416970
arrivals	5416415
spank	5416004
practitioner	5411869
motivated	5411329
wr	5411045
dumb	5409969
smithsonian	5409581
hollow	5408962
vault	5408483
securely	5408425
examining	5407874
groove	5407261
revelation	5406421
rg	5404822
pursuit	5404544
delegation	5401948
wires	5401677
bl	5401472
dictionaries	5399149
mails	5397230
backing	5397022
greenhouse	5396539
sleeps	5396170
vc	5393889
blake	5393654
transparency	5393362
dee	5393038
travis	5392450
endless	5392222
figured	5390310
orbit	5389062
currencies	5388923
bacon	5385205
survivors	5383052
positioning	5382900
heater	5380658
colony	5378572
cannon	5377826
circus	5377139
promoted	5377031
mae	5375608
mel	5372436
descending	5372249
spine	5370074
trout	5369048
enclosed	5368884
feat	5368462
temporarily	5368112
cooked	5367778
thriller	5364843
transmit	5364052
fatty	5363547
gerald	5363542
pressed	5362732
frequencies	5362618
scanned	5360194
reflections	5359538
hunger	5358049
sic	5357059
municipality	5355008
joyce	5353720
detective	5353706
surgeon	5350136
cement	5349862
experiencing	5347507
fireplace	5345450
endorsement	5343221
bg	5342285
planners	5342167
disputes	5340854
textiles	5340566
missile	5339587
intranet	5335388
closes	5334414
seq	5333625
psychiatry	5333073
persistent	5332514
deborah	5332019
conf	5331767
marco	5331228
assists	5331190
summaries	5330797
glow	5329899
gabriel	5329596
auditor	5328551
aquarium	5327865
violin	5327802
prophet	5326547
cir	5324062
bracket	5321561
isaac	5321504
oxide	5321340
oaks	5320404
magnificent	5319310
erik	5319084
colleague	5317221
naples	5315957
promptly	5315422
modems	5315313
adaptation	5314230
hu	5314172
harmful	5313786
enclosure	5309730
dividend	5305595
newark	5302938
kw	5302888
paso	5302203
glucose	5301959
phantom	5301147
norm	5299839
playback	5299771
supervisors	5299044
westminster	5298822
turtle	5297998
ips	5296775
distances	5296572
absorption	5294724
treasures	5293991
warned	5292851
neural	5292673
ware	5292386
fossil	5291925
mia	5291817
hometown	5290705
badly	5290145
transcripts	5288182
apollo	5286526
wan	5285316
disappointed	5284061
persian	5280749
continually	5278721
communist	5278277
collectible	5277927
handmade	5276538
entrepreneurs	5275312
robots	5274525
grenada	5274347
creations	5273628
jade	5272655
scoop	5272369
acquisitions	5270178
foul	5268620
keno	5268379
earning	5266443
mailman	5266389
nested	5265588
excitement	5262975
somalia	5261978
movers	5261231
verbal	5259521
blink	5257629
presently	5254807
seas	5254799
carlo	5253391
mysterious	5252752
novelty	5252481
tiles	5251527
librarian	5250166
subsidiaries	5250152
switched	5245466
stockholm	5245453
tamil	5245277
pose	5242405
fuzzy	5241931
indonesian	5241698
grams	5240826
therapist	5238169
budgets	5237019
toolkit	5233016
promising	5232846
relaxation	5231884
goat	5231735
render	5231571
carmen	5230762
ira	5230695
sen	5230325
thereafter	5229938
hardwood	5228441
erotica	5228241
temporal	5228038
sail	5227908
forge	5226805
commissioners	5225913
dense	5225392
brave	5221356
forwarding	5220845
qt	5218227
awful	5217370
nightmare	5217283
airplane	5216750
reductions	5216648
istanbul	5215822
impose	5214173
organisms	5212542
telescope	5211922
viewers	5210800
asbestos	5208835
enters	5207370
pod	5206411
savage	5205858
advancement	5205341
wu	5204842
harassment	5204597
willow	5203465
resumes	5202233
bolt	5202005
gage	5201723
throwing	5200541
existed	5200469
generators	5198637
lu	5198559
wagon	5198530
dat	5197825
favour	5196953
knock	5196013
urge	5195810
generates	5193442
potatoes	5192334
thorough	5191306
replication	5191008
inexpensive	5190532
kurt	5190087
receptors	5189813
peers	5188853
roland	5188341
optimum	5188219
neon	5187838
interventions	5187635
quilt	5187075
creature	5182781
ours	5182681
mounts	5182090
syracuse	5181674
internship	5181182
lone	5180561
refresh	5180203
aluminium	5178887
michel	5177497
evanescence	5176436
subtle	5175269
coordinated	5174649
notre	5174371
shipments	5172896
stripes	5172728
firmware	5172546
antarctica	5170796
cope	5168827
shepherd	5167633
lm	5167463
canberra	5167228
cradle	5166543
chancellor	5165551
mambo	5164902
lime	5164527
kirk	5164081
flour	5162842
controversy	5161175
legendary	5158604
bool	5158145
sympathy	5157330
choir	5156247
avoiding	5155816
beautifully	5155531
blond	5155053
expects	5154931
cho	5154704
jumping	5154366
fabrics	5152660
antibodies	5152454
polymer	5151969
hygiene	5151461
wit	5149169
poultry	5148028
virtue	5147800
burst	5147573
examinations	5146222
surgeons	5145893
bouquet	5143984
immunology	5143456
promotes	5142806
mandate	5142448
departmental	5141504
bbs	5141277
spas	5141268
ind	5137910
corpus	5137372
terminology	5134603
gentleman	5134582
fibre	5134463
reproduce	5134246
convicted	5133903
shades	5133522
jets	5131839
indices	5131700
roommates	5131231
qui	5128650
intl	5128401
threatening	5126983
spokesman	5126711
activists	5125937
frankfurt	5125601
prisoner	5124810
daisy	5124326
halifax	5123030
encourages	5122734
cursor	5122085
assembled	5120841
earliest	5120593
donated	5120422
stuffed	5120285
restructuring	5119935
insects	5119814
terminals	5119178
crude	5119129
maiden	5118578
simulations	5118428
sufficiently	5116122
examines	5115817
viking	5115013
myrtle	5114989
bored	5114852
cleanup	5113575
yarn	5113505
knit	5113070
conditional	5112750
mug	5112219
crossword	5111954
bother	5111764
budapest	5111076
conceptual	5110735
knitting	5107350
attacked	5106909
hl	5104847
bhutan	5104102
liechtenstein	5103569
mating	5102029
compute	5101135
redhead	5100843
arrives	5100329
translator	5099564
automobiles	5099074
tractor	5098075
allah	5096394
continent	5095575
ob	5095292
unwrap	5094329
fares	5093799
longitude	5091778
resist	5090633
challenged	5087540
hoped	5086531
pike	5085622
safer	5085040
insertion	5084850
instrumentation	5083861
ids	5082346
hugo	5082185
wagner	5080813
constraint	5080605
groundwater	5080425
touched	5080398
strengthening	5079049
cologne	5078538
wishing	5077786
ranger	5076621
smallest	5075157
insulation	5074667
marsh	5073104
ricky	5071881
ctrl	5071861
scared	5071401
theta	5070673
infringement	5070438
bent	5070333
laos	5070186
subjective	5068230
monsters	5066315
asylum	5065723
stake	5061965
cocktail	5061626
outlets	5061151
swaziland	5058010
varieties	5057493
arbor	5057261
configurations	5056310
poison	5056083
ethnicity	5055334
dominated	5055248
costly	5054951
derivatives	5051332
prevents	5051148
stitch	5049524
rifle	5047417
severity	5047284
notable	5044802
warfare	5044170
retailing	5043730
judiciary	5043671
embroidery	5042831
mama	5042818
inland	5042715
nonfiction	5039708
homeowners	5038014
racism	5035527
greenland	5035465
interpret	5034981
accord	5034197
modest	5033760
licensee	5032531
countryside	5032517
sorting	5032442
liaison	5032366
bisexual	5030369
rel	5029379
unused	5028967
bulbs	5028440
ign	5025376
consuming	5023310
installer	5023150
tourists	5022897
sandals	5021707
bestselling	5019783
insure	5018519
packaged	5018380
behaviors	5017604
clarify	5016927
seconded	5015377
activate	5014202
waist	5013500
attributed	5013200
tg	5013194
fatigue	5010911
owl	5010726
patriot	5010718
sewer	5008805
crystals	5008586
kathleen	5008132
bosch	5007744
forthcoming	5007069
num	5005434
treats	5005269
detention	5003311
carson	5001978
vitro	5000420
exceeds	4999388
complementary	4998758
cosponsors	4998667
gallon	4998083
coil	4997563
battles	4997226
traders	4995823
bitter	4995265
memorandum	4994542
burned	4993504
cardinal	4993081
dragons	4992842
converting	4991724
romeo	4990395
din	4990283
burundi	4988992
incredibly	4987059
delegates	4986976
turks	4986307
demos	4984806
balancing	4984107
att	4983068
vet	4982559
sided	4982500
claiming	4982024
psychiatric	4981598
teenagers	4979216
courtyard	4979027
presidents	4978963
offenders	4976449
depart	4975122
grading	4974318
cuban	4974134
tenants	4973987
expressly	4973927
distinctive	4972660
lily	4972288
brackets	4970994
unofficial	4970936
oversight	4970482
valentines	4969959
privately	4969339
wetlands	4968952
minded	4968607
resin	4966700
allies	4965121
twilight	4964914
preserved	4963027
crossed	4962660
kensington	4961985
monterey	4961492
linen	4960413
rita	4960228
ascending	4958122
seals	4958012
nominal	4957994
alicia	4957344
decay	4956622
weaknesses	4956354
underwater	4954318
quartz	4953889
registers	4950162
eighth	4949260
usher	4948609
herbert	4946603
authorised	4945027
improves	4943184
advocates	4940587
phenomena	4936094
buffet	4934144
deciding	4933367
skate	4932092
joey	4925455
hackers	4923452
tilt	4923123
supportive	4922700
granite	4921138
repeatedly	4920604
lynch	4920597
masses	4919548
transformed	4918409
athlete	4918312
targeting	4917220
franc	4916960
bead	4916807
enforce	4916571
preschool	4916187
similarity	4916061
landlord	4915638
leak	4914623
timor	4914594
assorted	4912605
hm	4912277
implements	4912193
adviser	4911485
hg	4911445
flats	4911343
compelling	4911176
vouchers	4910741
booklet	4909462
expecting	4908583
heels	4907543
voter	4905374
reimbursement	4904547
turnover	4904068
urine	4903932
capri	4902351
towel	4901668
ginger	4901078
italicized	4900898
suburbs	4899548
imagery	4898768
chromosome	4898576
optimized	4898373
sears	4897480
als	4895759
flies	4894680
upgraded	4893959
competence	4893571
colorful	4893237
inadequate	4892298
crying	4891725
amateurs	4890277
crane	4888961
defendants	4888581
deployed	4887317
governed	4887138
considerably	4887058
investigating	4884687
rotten	4883839
mk	4881231
garnet	4880977
habit	4880657
bulb	4879829
scattered	4879386
honour	4879119
useless	4876437
protects	4876017
northwestern	4875705
audiences	4875027
iris	4874649
coupe	4874541
hal	4874383
benin	4874165
bach	4872909
manages	4872225
erosion	4871884
oceania	4871407
abundance	4870991
carpenter	4870735
khan	4870468
insufficient	4869704
highlands	4867795
peters	4867213
fertility	4867141
formulation	4865813
clever	4865097
primer	4864138
che	4863235
lords	4862111
bu	4862013
tends	4861901
fresno	4861428
enjoyable	4859999
handbag	4858848
crescent	4857264
bypass	4856691
freshman	4856078
playground	4853485
negotiate	4853126
logout	4852863
sixty	4851534
exploit	4851510
orgies	4849647
boyfriend	4849182
permanently	4849017
concentrated	4848674
distinguish	4846365
hogtied	4843474
projections	4842834
wl	4842556
spark	4842423
illustrate	4841953
lin	4841305
patience	4839393
securing	4838996
pathway	4837820
detectors	4836632
shallow	4834372
stir	4833763
spike	4833410
plated	4833142
jacques	4832340
drawer	4830969
ingredient	4830835
togo	4829119
spectra	4828972
lifting	4828674
judith	4828299
curtain	4827869
disclosed	4827564
davies	4827372
tactical	4826876
pilots	4826195
mailbox	4825513
copenhagen	4825364
expedition	4824834
pile	4824165
operative	4823410
humour	4821851
maturity	4819555
caller	4818758
iq	4818633
distortion	4818028
prosecution	4817557
het	4815974
landscaping	4813258
tonga	4813052
mol	4813019
imprint	4812829
natalie	4809833
receipts	4808150
assisting	4807753
shirley	4807661
sanctions	4805431
goodbye	4803952
viable	4802961
emerged	4802573
defect	4801184
poorly	4799466
goddess	4797599
backs	4797208
observers	4796192
magnets	4795273
formulas	4794394
spacious	4793663
shoulders	4793494
argues	4792469
wade	4791878
soils	4789565
chapman	4787251
organs	4787006
det	4786998
loyalty	4785195
beloved	4781714
sometime	4781394
ballard	4778636
beating	4778020
faithful	4777949
hunks	4776866
appellant	4776547
libya	4775799
offence	4775626
invested	4774630
whatsoever	4774578
numbered	4773804
terminated	4771526
expands	4770776
lithium	4769453
sedan	4769270
pony	4769062
ctr	4768802
comprises	4767943
leap	4767538
founding	4765875
swan	4765643
planting	4765349
alphabetically	4764324
facials	4764295
covenant	4763666
dropping	4761980
calories	4761564
airways	4760691
archaeology	4760584
refill	4759900
reagan	4759248
sailor	4759044
fittings	4758873
lining	4758401
banquet	4757535
cares	4757269
sanctuary	4757139
flora	4756211
einstein	4753590
statue	4753368
hilary	4751415
quotation	4750453
equals	4749787
hardy	4748572
jumper	4746695
caravan	4746134
diagrams	4745696
harness	4745215
majors	4745096
headsets	4745064
manipulation	4744083
bells	4743841
vascular	4743792
alongside	4743589
impressions	4743278
yankees	4742956
toxicity	4741378
forwarded	4741165
gal	4740469
transmitter	4739143
dorothy	4738913
freeman	4737933
denim	4737554
andre	4737505
ems	4737189
neighborhoods	4735936
puppies	4733987
relaxing	4733863
trophy	4731863
emotion	4731715
buick	4731433
slipknot	4731098
nets	4730591
sights	4730414
uniforms	4730405
residual	4729381
disasters	4729257
asterisk	4728263
versatile	4727772
liquor	4727484
kindergarten	4726688
profitable	4725403
wounded	4725318
clayton	4724813
bf	4724761
bash	4721893
derivative	4721844
suffolk	4721768
necklaces	4719123
tot	4719021
occupancy	4718502
postgraduate	4718198
doses	4717242
educate	4716370
baked	4716100
glove	4714578
wastewater	4714167
prejudice	4713477
constructor	4711086
technicians	4710299
debbie	4708556
probable	4708443
issuance	4708160
baldwin	4707953
mbps	4707484
incorporation	4707178
rem	4706130
evolutionary	4704879
arriving	4703021
decoration	4702490
nationals	4701501
trojan	4701127
assistants	4700926
counselor	4699959
spinal	4699709
eliminated	4696196
sooner	4695133
struggling	4694335
enacted	4693719
waterfront	4693479
tenure	4693409
plush	4692870
weber	4692730
diagnosed	4692575
biotech	4691289
unstable	4691072
elk	4688629
woodland	4688302
iranian	4687887
nelly	4686900
fulfill	4686761
urged	4685830
reflecting	4685463
unsecured	4685442
brent	4683680
gaining	4682505
kyoto	4682367
cis	4681533
definitive	4680961
appropriately	4679967
shifts	4678539
inactive	4677994
lansing	4677332
traveled	4677240
adapt	4675567
extracted	4674721
accession	4673797
xd	4669137
regulator	4668381
carriage	4664470
therein	4663852
terminate	4661569
rex	4659516
fuels	4657731
txt	4657297
postcode	4656099
traditionally	4654828
withdraw	4652948
soy	4652673
brett	4651730
makefile	4651433
anchorage	4651277
ansi	4651124
paula	4650017
landmark	4645821
greens	4643986
neat	4643885
naming	4643682
stern	4643592
shawn	4642740
lacrosse	4640046
bud	4638865
slaves	4638584
dentist	4638330
utilizing	4637939
mis	4637449
crafted	4637231
tutor	4635949
idiot	4635830
comprised	4635211
winnipeg	4634382
charities	4634152
mickey	4634100
wh	4633856
debit	4633794
sebastian	4633753
aliens	4632962
domino	4631579
edits	4631228
unwanted	4630797
raven	4630541
defeated	4629690
strains	4629474
dwelling	4629441
slice	4628779
xr	4627019
tanning	4627015
bn	4626556
gambia	4626541
aspen	4626441
lacking	4626224
symbolic	4625574
cest	4624650
objectionable	4624110
angles	4623376
lemma	4623172
pressures	4622535
sensing	4619533
mediation	4618800
venus	4618752
bump	4618593
cowboys	4617968
flames	4617157
primitive	4616188
kbps	4615928
auf	4615854
trac	4615537
stocking	4613692
esp	4612780
balloons	4611796
ecosystem	4610884
pkg	4610477
dashboard	4610006
malcolm	4609733
halls	4607236
alzheimer	4606962
decorations	4606704
pause	4606318
simplicity	4606054
postscript	4604982
dividends	4604638
relaxed	4603097
periodicals	4602969
demon	4602331
welcomed	4601400
infinity	4599935
wk	4597544
handler	4597107
gabon	4595710
notation	4594568
chandler	4594301
aunt	4594042
interviewed	4592738
crow	4592109
semantic	4592016
dia	4591255
discontinued	4589346
concurrent	4589219
decides	4588774
caption	4588270
bargaining	4588171
globalization	4587681
complain	4585812
pulmonary	4585320
adhesive	4585279
toledo	4584255
asses	4583177
altitude	4582981
compass	4581869
closet	4581735
sch	4581399
reebok	4581373
couch	4581367
evolved	4581246
downs	4578206
mfg	4577532
exceeding	4577330
rogue	4576302
unfair	4575832
electronically	4575196
inspirational	4574490
augusta	4573710
infantry	4572549
renowned	4571998
corridor	4571967
philosophical	4571852
scripture	4571524
celebrating	4571260
sahara	4570769
justification	4570150
rebuild	4569457
vacant	4569268
manuscript	4569058
fixing	4568792
gram	4566651
blk	4565732
hiding	4565153
methodist	4565081
inherent	4564901
dye	4564149
sits	4562414
alphabet	4562325
shelves	4560501
toes	4560478
cleaned	4560058
honored	4559668
optic	4558869
telephones	4556400
tailored	4556136
insect	4554595
frances	4553754
diaries	4553662
chili	4553187
grief	4552843
leicester	4552496
sweat	4551615
dolphin	4551363
pendants	4550520
wonders	4549608
romanian	4549258
ventilation	4548657
masks	4548281
celeb	4548138
bust	4547742
lateral	4547513
assoc	4545277
quake	4544481
usability	4543657
alley	4541475
backyard	4541081
sanders	4540478
pathways	4540135
telegraph	4539841
pertaining	4539279
memorable	4538880
refunds	4536684
newsroom	4536493
tina	4536345
professors	4534761
monument	4533122
taxpayer	4531596
fb	4531341
formally	4530725
cola	4530545
twain	4530277
ile	4529880
boise	4529204
dew	4526551
lavender	4526547
refinancing	4525870
justified	4525307
withdrawn	4524191
breeze	4523241
debates	4522758
gems	4520987
cert	4520520
buffy	4519674
doctoral	4516544
backpack	4514732
identities	4513660
outgoing	4513500
mann	4513299
yankee	4510747
sheraton	4509425
outs	4507979
snacks	4505575
deficiency	4505086
booster	4503857
taxable	4503785
gum	4503031
progression	4501732
adv	4500447
saddle	4499280
malaria	4498988
loyal	4498834
torrent	4498350
ufo	4497899
dentistry	4497604
renal	4494106
fedora	4493785
odyssey	4493747
spite	4493143
capita	4492737
guideline	4491475
imply	4491299
inaccuracies	4490358
tendency	4490160
caledonia	4490134
freezer	4489766
wholly	4489721
chill	4489643
utilized	4489228
embrace	4489178
binoculars	4487365
liner	4486145
manila	4485946
auxiliary	4485775
initiate	4485608
elevated	4485169
purely	4484258
demographics	4482753
fry	4482394
lifts	4479565
vivid	4479514
enroll	4479470
allegations	4479433
stationary	4477672
corresponds	4476933
daemon	4476792
foil	4476123
whitney	4475876
celebrated	4475405
buddies	4475347
alarms	4474450
hunters	4473745
roi	4473314
kc	4471275
crashes	4471155
stairs	4470593
outlines	4470366
steroids	4470028
kt	4469876
pogo	4468856
acted	4468180
hotline	4463968
amps	4463451
byron	4463413
critique	4462001
accountants	4461356
coefficient	4461240
honestly	4459891
transvestite	4459432
upstream	4459299
skull	4457991
continuation	4457196
carnegie	4457017
servant	4456781
falcon	4456679
jointly	4456642
canadians	4455042
avoided	4449801
comprising	4449745
tick	4449569
terrier	4448988
listened	4448001
explanations	4447236
renewed	4446343
incorporating	4445305
variant	4444856
riley	4443795
biochemistry	4443075
duplication	4442810
equatorial	4442651
critic	4442069
sediment	4441599
translators	4440508
squares	4440122
ninja	4439780
avalon	4439058
deg	4438827
bot	4438718
lea	4438618
vans	4437716
od	4436928
voucher	4436854
honeymoon	4436534
percussion	4436497
glue	4435595
wheelchair	4435076
cone	4429970
margins	4428969
sands	4428127
survived	4427602
spinning	4427224
epidemiology	4427168
adequately	4425890
pentagon	4424810
spectral	4424231
diabetic	4423828
stressed	4422630
prevalence	4421946
dominica	4421297
contaminated	4421206
fragment	4420815
finishes	4419937
lecturer	4419105
biomedical	4418626
embroidered	4417764
bucket	4415452
steak	4413680
commits	4413217
cobra	4412823
subset	4412351
threw	4410853
djibouti	4409556
authorize	4407669
cheney	4407229
zombie	4406565
decorated	4402966
credited	4401906
cherokee	4401630
recycled	4400717
ao	4400215
followup	4399460
recruit	4397367
simmons	4397181
gals	4397011
hoc	4396598
bidders	4396096
wherein	4395949
simulator	4395597
appearances	4395441
performers	4393026
dessert	4392650
dissertation	4391498
exporters	4391473
walsh	4391300
ninth	4390562
mutant	4389772
nos	4388293
marry	4388137
blankets	4386506
enthusiasm	4386258
confusing	4385868
celebrations	4383919
approaching	4383496
bounce	4383170
ivan	4381927
spiral	4381596
governors	4380019
weakness	4379559
authoring	4377035
specializes	4376847
wills	4376548
katherine	4376071
atoms	4375988
mauritania	4375366
tissues	4375348
reminded	4374374
drake	4373046
olds	4370826
ramp	4370357
jakarta	4370126
cynthia	4370055
roosevelt	4369103
practicing	4367159
nicely	4366949
surprisingly	4366827
expressing	4365995
della	4365759
laurel	4365465
carolyn	4364954
rails	4364886
fried	4364192
cairo	4364029
ambulance	4363682
practically	4363252
traded	4363231
signaling	4362944
vivo	4362591
malls	4362513
shrimp	4361942
chords	4361267
impairment	4359947
scooter	4359214
molecule	4359107
dedication	4357261
wap	4356647
desires	4356398
woody	4355633
dismissed	4355532
lr	4354764
cheerleader	4354473
cried	4352198
psychic	4352052
cracks	4351973
lotion	4349478
analyzing	4349461
substrate	4348410
sincerely	4347749
beaten	4346610
piercing	4346261
ashanti	4345872
antilles	4343834
homemade	4341825
ukrainian	4341516
establishments	4340712
marginal	4340610
visions	4340352
efficacy	4339810
freshwater	4338978
topical	4338016
prestige	4337527
cocaine	4337187
accelerated	4336016
pinnacle	4335248
tucker	4335174
rms	4334521
recognizes	4333719
plugs	4333394
isdn	4331740
responsive	4330902
coded	4330278
supra	4329457
omitted	4329280
molly	4328076
proximity	4327868
belonging	4324385
unbiased	4324253
pear	4324248
chiefs	4321619
franz	4321556
collision	4320422
supplementary	4320232
parkway	4317891
palau	4315852
clue	4315669
scandal	4315093
duff	4314675
lodges	4314249
dangers	4313168
lys	4312989
ck	4312028
bonuses	4311967
scam	4311808
travellers	4311775
scream	4310000
biking	4309804
discrepancies	4309441
pirate	4308440
microsystems	4307141
timeout	4305584
senses	4305427
repeats	4302320
resellers	4302212
willie	4301619
portfolios	4300566
rival	4298220
ops	4294947
slower	4293888
simulated	4293640
culinary	4292898
beck	4290667
semantics	4290544
huh	4290479
scarface	4289682
accountant	4289265
beige	4288534
auditing	4288045
amplifiers	4287917
propaganda	4287917
offender	4287437
waterloo	4287347
warwick	4286870
coli	4286111
executable	4286058
restart	4284959
rounded	4284892
boarding	4284819
vanity	4284766
mitigation	4282830
tome	4282614
prof	4282231
overstock	4282219
homer	4281428
daylight	4280151
gases	4277836
dependency	4277030
dioxide	4276462
fireworks	4276373
genus	4275567
approached	4275544
catching	4274928
cutter	4273307
connects	4270886
ont	4269924
explores	4268453
liberals	4267018
aperture	4266263
roofing	4265875
elastic	4265135
melody	4264666
sins	4263660
cousin	4263150
hath	4262812
torque	4262432
recalls	4262019
consultations	4261175
memberships	4259768
debts	4259542
renting	4259490
phillip	4258655
burial	4258160
balcony	4258129
prescriptions	4257387
prop	4254743
myths	4253827
camden	4253322
coupling	4252397
knees	4250743
oncology	4250235
neglect	4250016
emerge	4249371
winchester	4249243
clutch	4248843
shy	4248699
poets	4248574
woven	4248524
auditorium	4248177
pedro	4247791
maid	4247185
sid	4247035
carrie	4245824
towels	4244863
canterbury	4243943
remodeling	4243031
trent	4242725
barber	4241984
intuitive	4241404
rigid	4240019
sta	4237091
degradation	4236424
ret	4235970
haha	4235879
orthodox	4235572
erin	4235309
ferguson	4235020
coordinating	4234379
holistic	4234358
salsa	4234056
fragments	4233728
mariana	4233392
qualitative	4233032
claude	4230997
minorities	4230660
blown	4229918
diffusion	4229849
baton	4229776
polynesia	4228131
barton	4228071
umbrella	4227324
soundtracks	4227075
rods	4226391
wong	4225896
stimulation	4225487
abbey	4224864
pigs	4224549
debugging	4224476
olivia	4223761
rechargeable	4223372
engineered	4222770
jerseys	4222586
refugee	4221434
straps	4220473
maya	4220258
discourse	4220048
lancashire	4219954
headache	4218013
stained	4217928
marital	4217902
socialist	4217721
hex	4217438
wg	4217290
bruno	4216245
attracted	4216005
undertaking	4215954
slavery	4214907
notwithstanding	4214701
evite	4214149
feasible	4213616
romans	4213605
micronesia	4213394
credibility	4212696
shores	4211229
fest	4210656
thames	4208660
flowing	4208602
diets	4207940
deed	4207336
sauna	4202256
whirlpool	4201491
perfumes	4200608
sustain	4199639
mechanic	4198798
eliminating	4197589
rejection	4197543
bowls	4193933
dissemination	4193540
shareholder	4193216
cardinals	4192613
cosmic	4191929
dawson	4191412
defective	4190752
deletion	4190454
lengths	4190306
beacon	4190278
hoover	4189070
politically	4186936
elective	4186685
forensic	4186245
botanical	4183612
quartet	4182986
ceramics	4181926
suspense	4181909
drafting	4181743
cruel	4180956
observing	4180478
freestyle	4180142
advertised	4179189
commencement	4179071
southwestern	4178986
conform	4177976
helmets	4177803
organizers	4177240
firing	4176080
eager	4175668
cmd	4175215
hypertension	4172902
searchable	4172829
touching	4172308
vacancy	4171263
servicing	4170827
papa	4170314
settlements	4169458
strawberry	4169376
chang	4168927
gloria	4167872
counselling	4167817
elevator	4167714
pupil	4167137
feast	4166016
maggie	4165430
redemption	4165064
profound	4164333
canton	4164322
nina	4163802
registering	4162557
seth	4161544
warn	4160789
conservatives	4159750
bonnie	4156792
laying	4156210
cops	4155366
provisional	4154786
compiling	4154508
strive	4152261
releasing	4150801
laserjet	4149374
shells	4149003
painter	4148778
cooker	4147009
ankle	4146793
peso	4146603
leagues	4145615
monkeys	4143859
historically	4143489
transitions	4141050
prevented	4140686
digits	4140271
err	4139438
banker	4138729
sup	4138281
easiest	4138022
microbiology	4137858
borrow	4137645
internships	4137252
bamboo	4136702
lv	4135966
denotes	4135758
communicating	4134095
ki	4132670
vectors	4132345
decks	4131188
vibration	4130212
stepped	4130208
vent	4130004
blunt	4129800
protector	4128784
aux	4126536
react	4126376
understands	4126087
rises	4124482
shane	4124234
issuing	4123334
heaters	4122650
accents	4122134
insane	4121922
buddha	4121656
voyage	4119859
een	4119433
colonel	4118477
transitional	4118474
mozart	4118473
acceleration	4118345
sketch	4118317
balances	4116412
firearms	4115567
nightly	4115392
visualization	4114476
deduction	4110107
dancer	4109747
coats	4107452
pol	4104771
capsules	4104571
hyde	4104139
firmly	4103216
doo	4102101
dots	4101380
pursuing	4100131
hf	4099152
mugs	4098204
brokerage	4097935
washed	4096107
overtime	4095339
resonance	4094941
mosaic	4094867
rhodes	4094759
fiesta	4094679
wd	4094083
vase	4093494
filings	4092206
forcing	4091794
fairs	4091127
flute	4090740
durability	4090496
boeing	4090445
sizing	4090106
exceeded	4089138
meadows	4088809
hindi	4088627
presley	4088299
harsh	4087715
outfit	4087628
labeling	4083683
substitution	4083235
burma	4082398
cease	4081957
deserves	4081562
aboard	4080258
paradigm	4079943
irving	4079383
perfection	4079350
joints	4078045
overwhelming	4077983
linguistics	4077716
standardized	4076813
poles	4074284
bounds	4073402
lyon	4072136
nutrients	4071983
santiago	4071798
vera	4071447
advising	4070479
altogether	4070166
devils	4069685
dignity	4068074
europa	4068015
wondered	4065715
cheshire	4065692
boyd	4065567
sliding	4064583
accumulation	4064397
napa	4064026
descriptive	4063561
abt	4062793
inst	4062222
feasibility	4061906
negotiating	4058744
homo	4058353
pier	4057622
sioux	4055518
nazi	4055501
cote	4055395
premiums	4055019
jenna	4054943
arrays	4053994
lutheran	4053726
syllabus	4051766
fellows	4051629
valencia	4050634
superman	4049956
rodriguez	4049525
animations	4048602
ideally	4048227
activism	4047643
splash	4047574
chairperson	4045436
equip	4044391
saga	4044373
leverage	4043338
probation	4043334
ast	4042477
commissioned	4041679
hedge	4041429
anguilla	4039464
fender	4039339
violet	4038524
dancers	4037631
mutation	4037197
envelopes	4036122
alle	4035565
compulsory	4035480
hitler	4034321
favorable	4033607
rue	4033203
handset	4032942
preparations	4031926
maxwell	4031674
illustrates	4031442
inheritance	4030441
curry	4029540
vulnerabilities	4029415
oblique	4027970
pearls	4027893
worms	4027528
activist	4027427
palestinians	4027252
satisfying	4026472
succeeded	4026219
prerequisites	4026193
maintainer	4025003
apples	4024590
elf	4024474
dewey	4024315
surviving	4024027
pouch	4023912
advent	4023874
proposes	4023816
hooks	4023408
exploitation	4023362
singers	4022824
mayo	4021666
mansion	4019687
cha	4019243
surrender	4018892
lx	4018521
schneider	4018252
accumulated	4018104
arsenal	4017059
dub	4017027
screws	4016747
pyramid	4016467
enjoys	4016306
bv	4014640
hacking	4013671
stripe	4013275
knoxville	4013012
averages	4012787
peaks	4011396
tai	4011354
lisp	4008283
limousine	4007578
churchill	4007365
affirmative	4003502
keynote	4003270
mos	4002363
didnt	4002254
classrooms	4002212
planted	4001421
petitioner	4001272
residency	4000641
spoon	4000406
bombs	3999701
niche	3999108
deadlines	3998245
fortunately	3996097
tk	3995277
cigar	3993843
vis	3991760
calculating	3991558
erie	3991279
berkshire	3990726
bookshop	3990603
proportional	3990019
credentials	3989745
deprecated	3988883
nonetheless	3988449
municipalities	3988310
chin	3986552
locker	3985812
squash	3985349
expectation	3985293
severely	3985192
spotted	3982290
curse	3982181
ajax	3980338
coconut	3979631
interrupt	3979422
conductor	3978814
wont	3978693
liberation	3977625
forex	3977390
diagnostics	3976650
grandfather	3976363
removes	3976233
ew	3976132
luxurious	3975107
titan	3974407
tumors	3973566
booked	3972989
anita	3972924
indirectly	3972681
nile	3972242
blessing	3970512
lumber	3970464
pillows	3969760
portals	3969382
illustrator	3968150
asleep	3967813
potassium	3966709
prompted	3966438
shout	3965861
nudes	3964133
rationale	3963807
hubs	3963468
pasadena	3963460
presidency	3963353
abnormal	3963331
delicate	3962661
convince	3962104
whoever	3961970
subway	3959823
straw	3958211
lifted	3957493
mankind	3957434
uncertain	3956957
citrus	3955640
paramount	3954831
upright	3954150
breakfasts	3951058
inspectors	3950723
emergencies	3950644
reuse	3950428
ernest	3950109
sightseeing	3949130
shocked	3948680
therapies	3948634
alcoholic	3947219
bakery	3947064
lieutenant	3946806
orchid	3946535
histories	3943244
loses	3942953
widget	3942410
variability	3941754
suede	3941313
observatory	3940254
soda	3940026
waited	3938627
preventive	3938407
peach	3938068
calculus	3937205
stefan	3936360
selector	3933869
breathe	3933278
diaper	3933145
smiling	3931929
ounces	3931022
pvt	3930463
economically	3929872
uncut	3929056
intact	3928069
noting	3925386
shifting	3925159
samurai	3924698
subtotal	3923296
coefficients	3922786
duplex	3922761
ivy	3922494
delegate	3921156
lightly	3921147
negotiated	3920525
analyzer	3918684
herman	3917917
congestion	3917609
runners	3917217
stove	3914849
clin	3914330
accidental	3914021
talents	3913506
nixon	3913498
refuge	3910887
nutrient	3910296
underway	3909347
carved	3908746
ark	3908616
freak	3908219
obstacles	3908106
govt	3907100
preferably	3906858
bluff	3906671
excerpts	3906085
jasper	3905781
formatted	3905739
sed	3905643
newborn	3905331
sadly	3905175
laughed	3904519
avail	3902711
emerson	3902336
regulate	3900971
orchard	3900891
inhibitors	3900774
mythology	3899588
prestigious	3899516
deploy	3898491
trousers	3897524
hatch	3896261
replaces	3895316
tomb	3894685
regina	3894408
stein	3893544
shortage	3892878
privileged	3890670
spill	3890646
goodness	3890474
drift	3889505
extracts	3889330
professions	3888846
explored	3887481
autism	3886220
mysteries	3885698
fuller	3885291
taxpayers	3884940
martinez	3884890
bombing	3884875
decreases	3884211
metrics	3883192
crisp	3880385
inability	3880337
cor	3879006
goo	3878783
coronary	3878267
bldg	3878142
mediated	3877793
prom	3877689
scans	3877627
keeper	3877357
reinforced	3877044
johannesburg	3875115
spells	3875038
specifying	3874863
vaginal	3873132
buddhist	3873063
inevitable	3872819
etiquette	3872794
rookie	3870767
environ	3870498
theatrical	3867947
coloured	3867584
births	3867031
kr	3863589
cubs	3863171
interdisciplinary	3862597
wheeler	3862107
ritual	3861920
miguel	3861205
pulp	3860989
onset	3858839
interpreter	3858537
enzymes	3858286
specimens	3857576
initiation	3855916
analytics	3855886
assay	3855224
reconciliation	3854902
pots	3854743
recognizing	3853300
parser	3853138
leigh	3853134
slam	3851407
jt	3850939
respects	3850738
tents	3850460
plaque	3850381
accounted	3850232
deposited	3849839
lowe	3849640
beavers	3848670
crib	3847659
styling	3847444
snack	3847152
defending	3846898
pulls	3846669
autonomous	3845886
granting	3845218
motoring	3844960
appropriation	3844753
randomly	3844381
condensed	3843832
philippine	3843510
theological	3842954
quietly	3842577
semiconductors	3842193
scenery	3842099
coca	3841473
peugeot	3839187
mentally	3838946
horoscopes	3838456
drying	3837655
assemblies	3837220
noun	3837137
xmas	3835837
silicone	3835328
collateral	3835146
learner	3834055
welcomes	3832970
dn	3832491
swallow	3832303
tara	3831476
transplant	3830833
scoreboard	3830219
proliferation	3829964
usenet	3828664
squid	3828491
marines	3828140
hw	3827864
lighthouse	3826413
proves	3826270
trilogy	3825206
crab	3824989
jen	3823290
brightness	3822314
maurice	3821885
brooke	3821883
consumed	3820896
maxim	3820484
hike	3820168
bore	3819820
depreciation	3818913
technically	3818321
ars	3818073
pharmacist	3816817
enjoyment	3816406
cows	3816319
xs	3816065
deliveries	3815714
recruiters	3814660
austrian	3814530
correspond	3814384
slate	3813904
suzanne	3813536
confined	3813370
screaming	3812764
inhabitants	3812535
straightforward	3812325
delighted	3812221
morton	3811069
peel	3810917
cue	3810147
jupiter	3809088
simultaneous	3808657
monopoly	3808505
debris	3806697
han	3806541
intentions	3806436
robotics	3806007
pagan	3805644
chopped	3804704
widow	3804620
contexts	3804487
sac	3803083
peg	3802883
randall	3802515
benson	3801754
sleeves	3801642
troubled	3801498
footnote	3800501
vibrant	3800268
evolving	3799789
sweater	3798820
approximation	3798341
skies	3796788
barrett	3795271
init	3795268
burners	3795089
alison	3793481
kicks	3792491
disappeared	3791611
canoe	3790795
sovereign	3790205
reminds	3789917
organism	3789385
corrupt	3788784
violated	3786834
correspondent	3786622
drought	3786273
bake	3785783
hurricanes	3785008
oslo	3784794
symptom	3784339
laughter	3783649
foreclosures	3783227
propagation	3783126
audits	3782927
ignorance	3782654
pesticides	3782034
explosive	3781976
inventor	3780161
scaling	3780114
juicy	3778910
residues	3777772
moody	3776452
fashioned	3776151
grains	3772543
vicinity	3772417
thyroid	3772023
purification	3769668
heal	3769650
southeastern	3769283
wizards	3769098
horoscope	3768650
invasive	3768581
prosperity	3768263
rainfall	3767281
helsinki	3766234
hardback	3764986
mum	3764100
launching	3764017
pedal	3763705
inconsistent	3763083
plantation	3762904
storing	3762383
asa	3762120
tote	3761953
jumped	3761906
seemingly	3761438
tuned	3761208
passionate	3759453
alfa	3759405
staples	3759213
twp	3759094
mayer	3758894
backward	3758544
sour	3757799
geoff	3757759
rename	3757535
markup	3757429
combustion	3757231
breakthrough	3757116
scrap	3757085
administer	3754648
bilateral	3754545
bella	3753635
blondes	3753451
beneficiaries	3753008
disposable	3752005
sock	3748769
gentlemen	3748634
copier	3747909
uncategorized	3747762
terra	3747696
literal	3747449
questioned	3747297
guiding	3747104
charcoal	3745478
vapor	3744912
beware	3744629
aloud	3743858
glorious	3743383
overlap	3743117
handsome	3742080
defaults	3742075
foreclosure	3741402
clarification	3741132
grounded	3739928
bail	3739601
goose	3739382
espresso	3739029
fn	3737434
judgement	3736635
cruiser	3735652
cumberland	3734672
gifted	3733747
esteem	3733585
cascade	3732995
endorse	3732894
strokes	3732810
hen	3732543
homeowner	3732354
ancestry	3731719
mib	3731368
dolphins	3731075
adopting	3730959
landed	3730816
nucleus	3730601
tees	3730254
detached	3730246
scouts	3729780
warsaw	3729488
ib	3729155
mist	3728769
verb	3726924
tec	3726338
chic	3725795
hydro	3725464
nonlinear	3725269
spokane	3725256
objection	3725086
phosphate	3724512
playa	3723548
noisy	3722908
csi	3722907
abide	3722809
radioactive	3721806
sentinel	3721697
birthdays	3721283
desserts	3720484
preserving	3719018
vest	3719017
neal	3718387
economist	3718338
grooming	3718290
meridian	3717338
marriages	3717000
regret	3716789
validate	3715972
stakes	3715795
rotating	3715660
nederlands	3715590
brigade	3711855
movable	3710553
doubles	3709489
bliss	3708978
filmography	3708823
humiliation	3707732
tens	3707380
litter	3706640
reflective	3705748
outerwear	3705282
abbreviations	3703739
executing	3703273
greenwich	3699730
flooding	3699696
parse	3698919
rugged	3698606
jelly	3698541
dsp	3697938
implementations	3697837
grandmother	3697756
renovation	3697379
puma	3696953
appoint	3696615
attendees	3696467
panthers	3695915
perceptions	3695044
greenwood	3694021
ignition	3693724
humble	3693501
downstream	3691197
petrol	3690703
midway	3690431
mania	3688699
edwin	3688662
ax	3687441
accelerator	3687315
clare	3687106
flyers	3685163
recognise	3685011
tacoma	3684792
hostile	3684268
aphrodite	3684009
radiology	3683754
establishes	3683462
whites	3683340
rant	3683247
trapped	3683039
bolts	3682849
diplomatic	3682737
locals	3682503
fringe	3682385
linguistic	3682256
internally	3682046
planetary	3681473
tungsten	3681180
typed	3681027
desc	3680949
laurent	3680554
shutdown	3678890
ego	3678432
manuel	3677641
influenza	3673978
gill	3672989
tattoos	3672724
rude	3672620
sang	3669266
steele	3669151
citing	3668594
viewpoint	3667923
peptide	3667831
nay	3667089
sweatshirt	3666728
hassle	3665939
regents	3665656
servants	3665322
meanings	3664177
conception	3663294
unemployed	3663204
heavenly	3663141
gn	3662910
docket	3661940
amusement	3661819
nordic	3660365
curl	3659178
albanian	3658803
overflow	3657788
geometric	3657640
hastings	3657540
subsidies	3656280
taxonomy	3655978
thirds	3655965
deli	3655555
willingness	3654922
intern	3654560
implicit	3654411
patriotic	3654140
simplify	3654131
darling	3653817
satan	3653674
ornaments	3653618
oppose	3653137
sata	3652875
terrific	3652629
allergies	3651862
definite	3651600
congregation	3649518
regiment	3649264
cheer	3648929
everett	3648760
reviewers	3648745
clutter	3648587
misleading	3646794
marty	3646752
predator	3646243
vine	3646014
vale	3645802
whereby	3645304
deceased	3645162
sparks	3644341
belgian	3642712
adolescents	3642412
simpler	3642315
captures	3642295
coventry	3642231
capitalism	3640757
falkland	3639937
clamp	3639509
cur	3639449
mammals	3639188
grape	3638159
cloning	3638136
madden	3637266
russ	3636915
peppers	3636873
deeds	3636121
lively	3635880
inequality	3635529
educator	3634348
premature	3634239
visually	3633998
tripod	3633813
immigrant	3633715
alright	3632981
laguna	3632280
limo	3631696
demonstrations	3630982
obsolete	3630687
aligned	3630260
rust	3629881
pesticide	3628927
interfere	3628881
traps	3628684
shuffle	3627654
wardrobe	3627616
vin	3627453
transformers	3627334
successes	3626751
racer	3625077
fabrication	3624802
guilt	3623942
sweep	3623863
nash	3622689
exploited	3621998
avid	3621749
outpatient	3621475
bladder	3621454
lam	3621434
inflammatory	3621413
immunity	3620582
encrypted	3620536
bets	3619444
wholesalers	3619253
doyle	3618714
ducks	3618693
shooter	3617812
switchboard	3617718
paints	3617496
vince	3616647
neighbourhood	3616133
cheating	3615902
carr	3615873
fade	3615179
fluorescent	3614260
tastes	3613970
cookware	3613638
storms	3613499
param	3613208
smiled	3613070
jurisdictions	3613001
scrutiny	3611860
regeneration	3611850
lunar	3611744
differentiation	3611085
shields	3610577
environmentally	3610401
nonsense	3609585
invented	3607460
gradient	3607228
inserts	3606774
elaine	3605953
programmable	3605039
posed	3604888
subjected	3603968
tasting	3603798
chemotherapy	3601490
gwen	3599486
mob	3599356
expose	3598867
borrowing	3598089
arises	3597654
vr	3597106
precautions	3596326
branded	3595078
dysfunction	3593314
manning	3593144
lisbon	3593020
forks	3592612
monk	3592443
boxer	3592432
shining	3592416
diazepam	3588990
weigh	3587993
rodeo	3587192
clerical	3586609
voyager	3586400
sampler	3583120
moose	3581329
timetable	3579372
corrosion	3578504
positioned	3578050
checker	3577995
buenos	3577309
workstations	3577167
conscience	3576906
crush	3576348
cathy	3575710
mystic	3575548
solicitation	3575386
darren	3575164
rectangular	3574522
pooh	3574313
enthusiast	3574305
positively	3573575
shaping	3573290
ich	3571980
afghan	3571609
inspire	3569444
torn	3569094
meantime	3568612
pumping	3568469
patented	3568094
revival	3567939
disappear	3567706
lever	3566558
redundant	3566311
regency	3565737
tasty	3565676
midland	3564344
gag	3563372
synchronization	3562753
informatics	3562229
heck	3561865
rants	3561826
tarot	3561389
brenda	3560469
civilians	3560187
bark	3559940
carts	3559795
wasted	3559742
cocoa	3557169
invites	3556927
cushion	3556775
reversed	3556556
lynx	3555424
goa	3555223
figurines	3555042
footer	3554458
maternal	3554398
specimen	3554108
seamless	3553583
ancestors	3553506
panther	3552330
mixes	3552046
graves	3552013
branding	3551398
ghetto	3550613
examiner	3550006
vineyard	3549097
meadow	3549050
feeder	3545920
mercer	3545626
roms	3544856
goodman	3544327
listener	3543996
subunit	3543568
chloride	3543235
awaiting	3541630
kane	3541542
becker	3541371
bulls	3540837
orion	3538939
commercials	3538093
councillor	3537961
regulators	3537214
hurry	3536968
influential	3536369
beneficiary	3534626
benchmarks	3533985
ug	3533520
offspring	3533336
panorama	3532463
retrieving	3532453
odor	3532168
demanded	3531986
reactor	3531860
wastes	3531476
clash	3531117
biker	3530897
fidelity	3530896
parked	3530425
sis	3530367
castro	3530162
flew	3529715
peanut	3529318
holden	3529238
ale	3528963
sem	3528520
converters	3528203
rhapsody	3527039
trumpet	3526876
solitaire	3526423
decreasing	3525931
freezing	3525702
kaiser	3525640
dishwasher	3525376
criminals	3522903
neurons	3522853
ios	3522845
retire	3522241
rumors	3522170
accomplishments	3521534
emergence	3521074
feminist	3519958
theatres	3518346
apex	3518314
crimson	3518175
compassion	3517842
yds	3516174
needing	3515408
twentieth	3514981
ive	3514167
ecosystems	3514000
pronounced	3513365
extensively	3513040
stain	3512824
conrad	3512615
wished	3512525
transient	3512340
kicked	3510100
coloring	3509922
curb	3509257
gadget	3508749
leukemia	3506364
reign	3505605
trivial	3505592
deco	3505499
ticker	3505466
coke	3505322
habitats	3505167
clauses	3504800
baron	3504549
remover	3504164
sensible	3503935
unlawful	3503931
bates	3503755
incorporates	3503733
brasil	3503070
webs	3501990
swinging	3501986
accountable	3501555
thrust	3500671
proving	3500329
opposing	3498650
prod	3498498
novice	3498131
spreadsheet	3496893
lowering	3495906
dei	3495746
delightful	3495221
cane	3494916
cruising	3493890
fury	3493188
personalities	3493064
discography	3493008
stiff	3492842
encoded	3492618
researching	3490518
noah	3490320
wore	3490088
pediatrics	3489597
traces	3488821
rabbi	3488700
sushi	3488691
puffy	3488647
asap	3488320
headings	3488165
enthusiasts	3487179
ridiculous	3486556
scattering	3485873
secretaries	3484723
contracted	3484408
elbow	3484326
fights	3483909
deleting	3483887
compilations	3482030
therapists	3481142
appealing	3480503
scholarly	3479874
detailing	3479450
stark	3479265
lifestyles	3479186
roberto	3479172
strongest	3478166
padded	3476722
circa	3475462
revise	3475221
contributes	3474637
threesomes	3474230
surroundings	3473796
proficiency	3473626
uranium	3471336
consolidate	3471334
honours	3471334
billions	3471276
hut	3471098
antigen	3470196
ultrasound	3469808
stafford	3467845
procedural	3467397
labrador	3467068
refusal	3466381
lima	3465904
suppression	3465258
weaver	3464764
cern	3464673
readiness	3464199
secular	3463905
macros	3463828
majesty	3463329
fishery	3461156
teresa	3461041
distributing	3460996
estimating	3460789
outdated	3459713
aussie	3459025
advisories	3458840
dues	3458564
pewter	3458542
distress	3457884
pumpkin	3457437
notably	3457363
intends	3457058
trevor	3455171
homosexual	3454221
garment	3454166
acad	3453695
bilingual	3453570
barbecue	3453189
localization	3452676
supplying	3452542
secondly	3452503
razor	3451657
cough	3451640
cerebral	3451100
grandma	3450933
customization	3450194
gigs	3449514
indexing	3449511
lori	3449295
oceans	3449148
displacement	3448688
spacecraft	3448191
backwards	3447629
arrows	3447386
volunteering	3447271
telecommunication	3446799
presumably	3446073
coatings	3446023
eureka	3445857
plea	3445286
constructive	3445093
bundles	3444807
tibet	3443821
preparedness	3443760
pres	3443513
isles	3443470
stretching	3443172
ovens	3443150
systemic	3442940
esther	3441968
playoffs	3441571
abundant	3441495
deductible	3440538
adaptors	3440007
priests	3439634
accompany	3439497
compares	3439141
forecasting	3438703
hesitate	3438637
inspiring	3438173
specialize	3438151
prey	3437872
deposition	3437780
laurie	3437301
tas	3436669
zodiac	3436050
pavement	3435844
tubing	3435220
pedestrian	3434750
fencing	3434739
artery	3434468
conditioner	3434323
plaintiffs	3433271
inlet	3433125
rub	3432829
violate	3432718
stimulate	3432622
realise	3432591
fluids	3432473
conveniently	3432407
lick	3431970
vanessa	3431779
gov	3431706
stealth	3431519
nucleotide	3431150
ter	3431134
ness	3430085
bronx	3430081
repayment	3427858
canopy	3426751
gloss	3426618
panda	3424825
crc	3423870
whip	3423347
porch	3420626
pertinent	3419181
lifelong	3418717
emailed	3418262
promoter	3416706
collegiate	3416336
constants	3416072
construed	3415805
interchange	3415606
remotely	3415582
clr	3415290
fletcher	3414495
concise	3414187
fibers	3413234
handful	3413211
brains	3413001
curtains	3412919
eaten	3412832
indigo	3412827
retaining	3412818
autobiography	3411910
conditioned	3411409
prohibition	3410059
motions	3409091
redirect	3408086
shampoo	3404715
emphasize	3404529
excite	3404340
rebels	3403877
neoplasms	3402814
artifacts	3402215
believing	3401919
vac	3401745
hilarious	3401735
salisbury	3401720
pseudo	3401665
gu	3400337
quoting	3399751
sinks	3399604
steep	3399504
dinar	3399128
dynasty	3398997
creed	3398609
carat	3398374
nan	3398089
microphones	3398004
nobel	3397169
raiders	3396978
galaxies	3396836
spreads	3396812
elegance	3396159
volatile	3395681
pointers	3395547
sensory	3394914
scrapbook	3394030
dummies	3392894
throne	3392423
magnesium	3391051
pagina	3391050
chartered	3390853
slopes	3390340
socially	3388736
unfortunate	3388419
seized	3388226
roundup	3387046
territorial	3387028
leases	3386999
consisted	3386917
randolph	3386847
faxes	3386604
plump	3386553
memoirs	3384732
alkaline	3382714
expire	3381897
och	3381894
midst	3381410
methyl	3381243
campuses	3380970
borne	3379421
forgive	3379266
ramada	3379181
competitor	3378603
neighbours	3378230
marvin	3376846
architectures	3374071
conversions	3373910
usable	3373023
tempo	3372997
mutations	3371343
cdr	3370870
readable	3370832
almanac	3370384
ay	3370187
gail	3370135
responds	3369562
denote	3369529
slayer	3369067
prog	3368487
tester	3366908
polling	3366784
purchaser	3366429
bins	3366341
relies	3365831
inserting	3365663
tibetan	3365556
prepares	3365530
concludes	3364816
consumables	3364039
rodney	3363459
cylinders	3363442
mus	3363179
selects	3362986
directing	3361991
nationality	3361977
statistically	3360392
torch	3360286
zurich	3360140
stretched	3358892
depressed	3358586
encounters	3357331
haunted	3357045
spares	3357011
symmetry	3355779
bout	3355216
cont	3354965
adverts	3354956
programmed	3352969
lohan	3352800
salons	3352628
olympia	3351381
hank	3350823
negligence	3350614
unclear	3350414
screened	3350332
helper	3350286
carlisle	3350189
rancho	3349485
transferring	3349384
stockton	3348887
stepping	3348507
hacks	3348166
clearwater	3347736
attic	3347389
topology	3346921
appetite	3346826
sensation	3346679
piper	3346631
airborne	3346446
morality	3346248
honorable	3346100
wealthy	3345627
handicap	3345415
skinny	3345336
sewage	3345305
endowment	3345150
demonstrating	3345093
antennas	3344187
trucking	3343556
defender	3340033
amos	3339230
iraqis	3339068
shortcut	3338749
wretch	3337521
sunlight	3337150
stems	3336905
racist	3336285
wo	3336121
profitability	3335983
unc	3335963
convey	3335192
evergreen	3333511
globally	3332875
bearings	3331864
govern	3331779
feather	3331460
fond	3331064
sore	3330335
fiat	3329725
reboot	3329413
sixteen	3329001
newsgroup	3327975
blinds	3326896
traits	3326573
tightly	3326221
graded	3325972
successor	3324793
intrusion	3324387
sickness	3323415
guiana	3322604
underneath	3321843
prohibit	3321335
metabolic	3320296
noel	3320139
cans	3319959
abused	3319897
billed	3318960
lim	3318848
avery	3318822
toons	3318074
danielle	3317252
brushes	3317239
tenth	3317039
anthology	3316652
prosecutor	3316544
smiles	3316364
merged	3316000
auditors	3315685
grandchildren	3315507
desks	3315227
capsule	3315216
aided	3314916
relied	3314378
suspend	3312160
eternity	3311935
mesothelioma	3311875
trafficking	3311336
introductions	3310245
weighing	3308921
eff	3308296
currents	3308147
aide	3306173
kindly	3305856
cutie	3305791
protests	3303934
sharks	3302757
notch	3302495
minors	3302424
dances	3302142
revealing	3301575
reprinted	3301241
fernando	3301199
mapped	3300807
resurrection	3299623
lieu	3299455
decree	3299438
tor	3299295
seoul	3297895
columnist	3297677
discovering	3297298
tuberculosis	3296585
lacks	3296569
horizons	3296016
transplantation	3295832
jerome	3295724
daytime	3295549
elaborate	3295319
contour	3295002
gamble	3294887
fra	3294810
descent	3294727
gravel	3294483
analyse	3294441
disturbing	3293698
judged	3293503
shutter	3293238
illusion	3293217
ambitious	3292680
ole	3291808
notorious	3291283
ibid	3290791
residue	3290600
reds	3290269
enlarged	3290258
transforming	3289682
sequential	3289630
stripping	3288705
uniquely	3288566
bart	3288348
assert	3288118
goodies	3287939
fluctuations	3287469
bowie	3287191
auth	3287162
archaeological	3287086
inspect	3284994
thrice	3284790
babylon	3284724
edison	3284245
casualty	3283712
musings	3282717
whistler	3281414
poses	3280246
airfares	3279986
noir	3279201
eli	3278540
layouts	3278061
evan	3277930
mushroom	3277331
designate	3277319
scent	3277212
sequel	3276371
gymnastics	3275891
titanic	3275555
knob	3275315
wolves	3274152
exquisite	3274003
herpes	3273130
upward	3273084
sentenced	3273030
dundee	3273007
principe	3272843
contractual	3272527
acquiring	3272383
judging	3271774
unchanged	3271637
kicking	3271617
meg	3271056
akron	3270629
fines	3270544
grasp	3270025
streak	3268695
ounce	3268355
thirteen	3267766
tragic	3266929
theodore	3266501
irrelevant	3264954
professionally	3264665
liberties	3264524
sounding	3264254
rebounds	3263664
compressor	3262761
toast	3262695
happily	3261766
hooked	3261622
samantha	3261314
shrink	3261118
knox	3259677
carcinoma	3259218
taipei	3259202
unesco	3259063
mutually	3259036
stance	3257959
beaded	3255817
remembering	3255801
boca	3255540
exodus	3254740
compartment	3254390
gemini	3254338
brittany	3254116
dove	3253560
testified	3253479
derive	3253144
affinity	3253001
presbyterian	3252804
supervisory	3252742
pretend	3251001
buddhism	3249137
kl	3248951
amnesty	3248491
chiropractic	3248344
borrower	3247946
gloucester	3247086
warrants	3246362
fairness	3245961
needles	3245880
coll	3245811
throughput	3245653
quota	3245515
discreet	3245038
misplace	3244755
versa	3244429
imp	3243955
serviced	3243448
mack	3243085
pu	3242134
sung	3242040
lowell	3240910
whichever	3240093
starr	3240045
elliot	3239891
opener	3239644
vaccines	3238310
chooses	3238011
tuscany	3237587
jigsaw	3237104
jumbo	3237095
crowded	3236969
tickling	3236441
unspecified	3236238
wee	3235414
turbine	3235102
unreal	3234687
wounds	3234600
percentages	3234052
advisers	3233972
manufactures	3233043
physiological	3232417
lett	3231982
maths	3231878
addison	3231850
charters	3231105
generalized	3231029
probes	3231001
unprecedented	3231001
frustration	3230941
flint	3230800
dummy	3230609
financially	3230511
awake	3230337
sanitation	3230169
americana	3229614
swivel	3229287
ally	3228428
dissolved	3227615
cleanliness	3226595
complexes	3226152
kung	3224761
varsity	3224750
collectively	3224225
insurer	3224128
croatian	3223891
inhibition	3222453
multicast	3221785
certifications	3221724
burnt	3221640
solidarity	3221580
frustrated	3221201
muhammad	3221098
alma	3221079
ger	3220343
hanover	3219987
inverse	3219696
holt	3219528
isis	3218600
verdict	3218413
nominee	3218094
medals	3217509
proton	3217423
lister	3216160
recurring	3215675
studs	3215366
allegedly	3215144
rhetoric	3214428
modifying	3214198
incubus	3214133
impulse	3213161
surveyed	3212637
creditors	3211591
dull	3211484
tis	3210106
cabins	3209582
commenced	3209136
ballroom	3209064
employing	3208979
satellites	3208972
ignoring	3208542
linens	3207974
coherent	3207625
beetle	3207549
converts	3207544
majestic	3206714
bicycles	3205685
omni	3205681
roast	3205415
testers	3205194
complainant	3204765
inhibitor	3204409
clifford	3204225
knowledgeable	3203632
critically	3203629
cy	3202862
composers	3202549
localities	3202521
owe	3201488
hummer	3200769
reciprocal	3200550
accelerate	3199272
hatred	3198487
questioning	3197874
putative	3197469
manifest	3197151
indications	3195599
petty	3195594
permitting	3195480
behave	3193930
getaway	3193911
bees	3193693
robbins	3193148
zeppelin	3192943
felix	3192747
shiny	3192674
carmel	3192500
encore	3192276
smash	3192001
angelina	3191704
kimberly	3191587
unsure	3191329
destructive	3190670
sockets	3189546
claimant	3189109
dinosaur	3188803
ample	3187842
countless	3187500
energies	3186813
repealed	3186146
listeners	3184300
abusive	3183793
sophomore	3183619
antibiotics	3183025
landfill	3182721
warehousing	3181734
merits	3181319
scarf	3181107
strangers	3180865
garland	3180361
riviera	3178598
apprentice	3177886
obscure	3177425
napoleon	3177380
registrations	3177147
wavelength	3176899
glamour	3176022
transvestites	3174082
hated	3173792
cheerleaders	3173652
sigh	3173217
trolley	3173186
principals	3172781
sidney	3171598
friedman	3171449
spicy	3170817
blocker	3170178
frankly	3169461
hud	3169273
chronological	3169265
entrepreneurship	3168511
itinerary	3168360
fools	3167945
beard	3166516
discoveries	3166453
percentile	3165695
linkage	3165266
economical	3163608
miniatures	3163219
wedge	3162851
adjusting	3162584
mock	3161760
peggy	3160922
bats	3160196
patriots	3160132
ruins	3159891
lh	3159751
sheila	3159681
ripper	3159169
dependencies	3158474
benton	3155858
chateau	3155646
denis	3155542
counselors	3155221
homestead	3155033
competitiveness	3154751
burger	3154636
microscopy	3154576
changer	3154404
sergeant	3154308
melt	3153948
syrian	3153914
hyper	3153749
ned	3152758
cypress	3152294
courtney	3151865
cites	3151464
scooters	3150357
organisational	3150004
prospectus	3149682
protectors	3148657
reactive	3147821
interiors	3146686
encouragement	3146451
clipboard	3146336
disadvantages	3146043
gamer	3144985
abbott	3143893
tailor	3143833
pollutants	3142553
directorate	3142117
chocolates	3141854
faux	3141781
supervised	3141620
interpreting	3140617
savvy	3140230
pascal	3140118
tha	3139708
serenity	3139273
uploads	3138730
ore	3138666
pant	3138558
gallons	3138226
attainment	3138108
sanitary	3137434
terri	3137162
cooperate	3136641
dreaming	3136420
norms	3135997
implants	3135842
fortunate	3135403
mushrooms	3134851
hormones	3134544
hype	3134220
interpretations	3134178
geoffrey	3133782
faults	3133646
addr	3133364
silva	3132617
grease	3132154
diablo	3131983
urinary	3131792
cairns	3131719
premise	3131689
epidemic	3131684
prima	3131523
condoms	3131405
rite	3131222
directives	3130916
cinnamon	3130642
lac	3129942
discharged	3129577
alba	3128968
underworld	3128412
variants	3128173
fetal	3127968
palms	3127466
lawsuits	3127389
seated	3127196
lattice	3126448
dong	3126204
realization	3125978
reportedly	3125324
absorbed	3125006
sirius	3124863
chord	3123447
turf	3121984
asphalt	3121584
replay	3121356
improper	3121296
flavors	3121207
dilemma	3121080
rebuilding	3120389
commenting	3119037
shifted	3118000
tangible	3117941
smoked	3117683
hawks	3117529
ziff	3117162
placebo	3116281
irons	3116159
comet	3116034
berg	3115373
baltic	3115246
corrective	3115244
competency	3115221
muse	3114242
probing	3113887
teachings	3113457
tyne	3113078
lotto	3112797
fowler	3112607
youngest	3111198
contingent	3110534
refreshing	3110131
textures	3108758
syrup	3108136
xii	3107589
warmth	3107429
hawkins	3107146
dep	3107120
lust	3106979
correlated	3106557
augustine	3106191
dominion	3106048
verses	3104329
astronomical	3103128
solvent	3101965
toggle	3101854
luna	3101673
amplitude	3100838
aesthetic	3100660
commercially	3100614
dion	3100513
wolfgang	3100401
spacing	3099202
frameworks	3098142
completeness	3098125
irregular	3097883
barker	3096553
solids	3096318
mergers	3096122
capturing	3096013
filtration	3095699
certify	3095645
consulted	3094839
realised	3094838
cpus	3094637
jude	3094127
eighteen	3094087
singular	3093829
incremental	3093421
demons	3092729
unacceptable	3092460
redistribute	3092057
coping	3091883
corr	3090405
baxter	3090221
outbreak	3090168
abdominal	3090148
deficiencies	3087091
curved	3086969
milestone	3086751
erase	3086642
lien	3086579
nip	3086133
bites	3086130
prose	3085898
marx	3085665
incidental	3084963
arguing	3084735
vein	3084240
scalable	3084063
hale	3083225
ji	3082402
swear	3082372
intra	3081776
bel	3081561
clown	3081501
spontaneous	3080831
summers	3080503
taboo	3079923
equestrian	3079864
wetland	3078212
olson	3078156
methodologies	3078109
malicious	3077492
consume	3077450
amazed	3077159
fourteen	3076740
legislators	3076549
volcano	3076134
capacities	3076004
skeleton	3075011
someday	3074927
tsp	3074410
sha	3073678
suspects	3073379
displaced	3072839
sounded	3072513
exporter	3072252
honesty	3072193
dwarf	3072068
hum	3070763
bis	3068458
northeastern	3068125
shocks	3067296
rewarding	3066813
killers	3066658
battalion	3066598
multicultural	3066342
lasers	3066286
candid	3066199
schooling	3065877
dataset	3064674
schoolgirl	3063313
caesar	3063233
savers	3063213
pines	3062800
steelers	3062232
stellar	3062189
davenport	3061454
locating	3061095
monogram	3060555
philippe	3060476
enhances	3059890
aix	3058682
fucks	3058134
relational	3057616
ornament	3057576
graffiti	3056453
cassettes	3055743
pussies	3055728
urges	3054809
doesnt	3054633
tiff	3054216
refrigeration	3053488
attacking	3052252
microscope	3052163
houghton	3050558
countdown	3050522
threaten	3050485
decker	3050142
natl	3049427
bait	3049271
extern	3048776
badges	3048651
kitten	3048546
codec	3048388
broadcasts	3047788
brides	3047745
dent	3046809
checksum	3046204
stealing	3046130
bullets	3045974
emphasized	3045963
glossy	3045309
haired	3043626
directional	3043168
breeders	3042337
alterations	3042306
pablo	3042285
lethal	3040987
biographical	3038522
confirms	3037668
cavity	3037278
molded	3035204
vladimir	3034603
ida	3034017
probate	3033985
terrestrial	3033276
decals	3033263
completes	3032972
beams	3032813
props	3032812
incense	3032805
formulated	3032757
dough	3032657
stool	3031945
macs	3031589
towing	3031539
welch	3031408
rosemary	3030760
millionaire	3029469
turquoise	3029244
archival	3028510
seismic	3028135
exposures	3027680
baccarat	3027417
boone	3027314
substituted	3027233
horde	3026646
paperwork	3026360
mommy	3025970
teenager	3025962
nanny	3025474
suburb	3025325
smokers	3024584
cohort	3024028
succession	3023429
declining	3023427
alliances	3023330
sums	3022843
lineup	3022552
averaged	3021741
bellevue	3021562
glacier	3021561
pueblo	3021546
req	3021355
rigorous	3020634
gigabit	3020143
worksheet	3019301
allocate	3019079
relieve	3018810
aftermath	3018203
roach	3017586
clarion	3017281
override	3017162
angus	3016497
enthusiastic	3015772
lame	3015528
continuum	3015510
squeeze	3015480
sar	3014777
burgundy	3013476
struggles	3012492
pep	3012344
farewell	3012087
soho	3012062
ashes	3011008
vanguard	3010646
nylons	3010458
natal	3010028
locus	3009222
hillary	3009034
evenings	3008865
misses	3008606
troubles	3008382
factual	3008091
carisoprodol	3007983
tutoring	3007595
spectroscopy	3007586
gemstone	3006848
purity	3005735
shaking	3005624
unregistered	3004589
witnessed	3002335
cellar	3002258
friction	3001167
prone	3001079
valerie	3000946
enclosures	3000848
mer	3000228
equitable	3000227
fuse	2999474
lobster	2997879
pops	2997678
judaism	2997425
atlantis	2996210
amid	2994953
onions	2994892
preteen	2993232
bonding	2991787
insurers	2991634
prototypes	2991340
corinthians	2991171
crosses	2991145
proactive	2990726
issuer	2990187
uncomfortable	2989842
sylvia	2989758
furnace	2989498
sponsoring	2989475
poisoning	2989025
doubled	2988769
malaysian	2988561
clues	2988321
inflammation	2988315
rabbits	2987721
transported	2986479
crews	2986282
goodwill	2985605
sentencing	2985420
bulldogs	2985164
worthwhile	2984982
ideology	2984596
anxious	2984563
tariffs	2983891
ly	2982836
cervical	2982755
baptism	2982668
cutlery	2982254
overlooking	2981818
tallahassee	2981773
knot	2980542
attribution	2980395
rad	2980258
gut	2979963
factories	2979486
acta	2979465
swords	2979433
advancing	2978593
yep	2978207
timed	2978189
evolve	2978181
yuan	2977890
differs	2977596
suspicious	2975648
leased	2975373
subscribed	2975066
tate	2974811
starters	2974525
brewing	2974086
coop	2973997
bur	2973485
blossom	2972811
scare	2972708
confessions	2971262
lowered	2971192
kris	2970945
thief	2970770
prisons	2970138
pictured	2969267
feminine	2969201
grabbed	2968771
rocking	2968423
fulfilled	2964755
sweets	2964693
nautical	2964256
imprisonment	2964248
employs	2964062
bubbles	2963701
pitcher	2963438
standby	2963191
judgments	2961977
muscular	2961759
motif	2961524
illnesses	2961377
plum	2961363
saloon	2961006
prophecy	2960788
loft	2959995
unisex	2959687
historian	2958034
wallets	2957696
identifiable	2957577
elm	2957553
facsimile	2956598
hurts	2956264
ethanol	2955612
cannabis	2954641
folded	2954459
rsvp	2954410
sofia	2954155
dynamically	2953678
comprise	2953455
grenadines	2952943
lump	2952774
constr	2952449
disposed	2952327
subtitle	2951333
chestnut	2951306
librarians	2950852
engraved	2950835
halt	2950571
pastoral	2946809
unpaid	2946577
ghosts	2946325
doubts	2945460
locality	2945277
substantive	2944502
bulletins	2943858
worries	2943471
hug	2943073
rejects	2942672
spear	2942538
nigel	2942111
referee	2941934
transporter	2941706
broadly	2941435
ethereal	2941063
crossroads	2940390
aero	2940313
constructing	2940002
smoothly	2939650
parsons	2939565
bury	2938393
blanc	2937810
autonomy	2937673
bounded	2936998
ppl	2936623
insist	2936535
birch	2936180
supp	2935700
slash	2935535
budgeting	2935069
exercised	2935026
backpacks	2934944
detecting	2934762
resale	2934694
mikes	2933878
digestive	2933689
scalar	2933537
entertain	2933389
cinderella	2932912
unresolved	2932746
sesame	2932722
hep	2932339
duct	2931962
touches	2931504
electromagnetic	2930287
tos	2928680
joanne	2928609
housewife	2928414
hcl	2927881
pursued	2927218
validated	2926787
lend	2926360
corvette	2925839
yachts	2925303
stacy	2924335
christie	2923926
unrelated	2923407
lois	2923305
levi	2923262
annotate	2923120
stimulating	2923056
mont	2922608
misuse	2922159
helix	2921411
cosmos	2921384
speculation	2921087
dixie	2920964
pans	2920624
enforced	2920500
legion	2920122
env	2919680
fulfillment	2919654
biomass	2918738
assertion	2917932
hierarchical	2917623
lesions	2917531
shook	2917411
financed	2915964
dismissal	2915030
surnames	2914992
mah	2914980
reconditioned	2914457
shocking	2913791
allergic	2913453
overland	2913342
prolonged	2913107
isaiah	2912696
backbone	2912486
abn	2911684
unanimously	2911356
eliminates	2910830
sausage	2910814
addict	2910117
matte	2909215
neighboring	2909095
uncommon	2909018
centralized	2908996
heidi	2908650
objections	2906693
unpublished	2905962
slaughter	2905481
enlightenment	2905016
pistol	2904815
juniors	2904014
rockets	2903678
metering	2903055
seymour	2902995
genetically	2902834
zebra	2902469
runway	2901389
arithmetic	2900993
supposedly	2900944
admits	2899936
bombay	2899642
originals	2899525
enrichment	2898868
buckle	2898037
bartlett	2897791
fetch	2897593
kitchens	2897588
ions	2896976
wat	2896705
divers	2896551
glendale	2896150
speedway	2896052
founders	2895564
sundays	2895322
upside	2894930
admiral	2894800
yay	2893326
patron	2892996
sandwiches	2892868
boiler	2892727
anticipate	2892087
induce	2891148
annapolis	2890978
padding	2890936
recruiter	2890675
popcorn	2889969
espanol	2889841
disadvantaged	2889348
diagonal	2888910
unite	2888724
cracked	2888206
debtor	2887944
polk	2887648
mets	2887566
niue	2887111
ux	2886390
shear	2886210
mortal	2886162
sovereignty	2885932
supermarket	2885844
franchises	2884783
rams	2884604
cleansing	2884249
mfr	2884236
boo	2884230
genomic	2882963
gown	2882930
ponds	2882178
archery	2882154
refuses	2881547
excludes	2880324
afb	2879707
sabbath	2879663
ruin	2879219
trump	2879094
nate	2878913
escaped	2878893
precursor	2878856
mates	2878121
avian	2877167
stella	2876513
visas	2876354
matrices	2875818
anyways	2874936
passages	2874522
etiology	2874131
vu	2872180
cereal	2871293
comprehension	2870530
tow	2869301
resolving	2869298
mellon	2868835
drills	2868306
alexandra	2867867
champ	2867858
hospice	2867761
agreeing	2867051
exhibitor	2866316
rented	2865890
deductions	2865841
brushed	2865016
augmentation	2864943
otto	2864525
annuity	2864316
assortment	2863593
credible	2863534
sportswear	2862863
ik	2862469
cultured	2862362
importing	2862094
deliberately	2862093
recap	2861982
openly	2861856
toddlers	2861828
crawl	2859784
theo	2859183
sparkling	2859116
jabber	2858295
bindings	2857186
convincing	2856694
rotate	2856677
flaws	2856172
tracing	2855401
deviations	2855243
incomes	2854711
amortization	2853615
neurology	2853302
ack	2852879
fragile	2852127
jeremiah	2852079
sapiens	2852012
serbian	2850762
radiator	2850529
competencies	2849437
restoring	2847991
rushing	2847595
behold	2847118
alteration	2846655
trainee	2844915
nielsen	2844826
murdered	2843529
centennial	2843140
tuna	2842548
bluegrass	2842501
hazel	2841268
wipe	2841184
ledger	2840827
scarlet	2840266
crushed	2840208
acronyms	2840173
laughs	2839804
connie	2838668
autographed	2838531
referendum	2838258
modulation	2837610
statues	2837498
depths	2836629
spices	2836609
communion	2836584
loader	2836507
uncertainties	2835124
colonies	2835074
followers	2834316
latency	2833462
themed	2833049
messy	2833021
squadron	2833002
rupee	2831536
subsidy	2830929
demolition	2830701
irene	2830387
empowerment	2829471
felony	2828329
lungs	2828099
monuments	2827606
veronica	2827245
filtered	2826739
replacements	2826285
growers	2826087
vinci	2825779
subtitles	2825488
adj	2825380
haul	2825285
acupuncture	2825171
workload	2824856
acknowledgement	2823891
highlighting	2823564
duly	2823211
roasted	2822882
tenders	2822708
inviting	2822014
rig	2821809
grassroots	2821246
mick	2821071
gentoo	2820534
redevelopment	2820529
mustard	2820441
strait	2820437
masterpiece	2820342
obey	2820117
donkey	2819753
sax	2819089
jacks	2818856
conceived	2818126
triggered	2818102
boasts	2817353
praying	2816625
multiply	2815756
radial	2815296
mare	2814699
routinely	2814368
instructed	2814313
stole	2814273
kirby	2813914
armour	2813708
summarized	2813586
avalanche	2813307
uploading	2812451
manuscripts	2812288
managerial	2811433
cary	2811065
exhibited	2810420
disciples	2810173
shaving	2809902
bishops	2808778
kite	2808067
destroying	2808051
humorous	2807909
tonnes	2807733
thunderbird	2806892
corona	2806095
heap	2806006
griffith	2805409
investigative	2805050
bylaws	2804626
erection	2804128
quasi	2804115
lao	2803492
energetic	2803159
disturbance	2802921
saunders	2802643
ribbons	2802552
jew	2802302
exile	2801261
breastfeeding	2799335
bilder	2799031
reside	2798670
anglo	2798286
cashier	2797992
kathryn	2797666
jaw	2797270
butterflies	2796791
eats	2796682
randomized	2796621
knots	2796342
flea	2796116
motivational	2795731
offences	2795612
anton	2794807
pals	2794625
celebrates	2794271
hail	2794165
armenian	2794097
longitudinal	2794093
historians	2793972
realities	2793717
kappa	2793667
mentions	2793520
samson	2793475
neuroscience	2793239
blender	2793188
jumps	2793122
fleming	2792888
blaster	2791850
optimistic	2791411
remediation	2791251
wasting	2791022
decoder	2790984
genocide	2790711
acclaimed	2790613
seldom	2790565
indy	2790185
morrow	2789797
glitter	2788928
giovanni	2788040
sidebar	2787591
authored	2787390
lasted	2787384
snoop	2787168
awhile	2787111
winery	2786992
scaled	2786253
contingency	2784609
photon	2784392
wiltshire	2784041
vague	2783775
overlay	2783154
wraps	2781569
constituents	2780907
rusty	2780895
herd	2779216
handicapped	2779103
exported	2777294
lag	2776554
champaign	2776028
warns	2775722
xc	2775058
pakistani	2774987
harmless	2774838
apa	2774295
sting	2773263
urbana	2772517
bravo	2772503
believers	2772258
diagnose	2771883
franco	2771503
announcing	2771344
dispersion	2770698
curiosity	2770499
trivium	2770381
showroom	2770234
resting	2769187
missiles	2769108
persistence	2768946
coarse	2768915
continents	2768845
liter	2768775
carpets	2768582
recovering	2767124
submarine	2766790
blessings	2765987
brendan	2765110
prevailing	2764943
originated	2764536
axe	2764176
sculptures	2763471
amex	2763227
intrinsic	2763192
thoughtful	2762623
nicht	2762565
archer	2762538
hertfordshire	2761736
nominees	2760637
warmer	2759111
dryers	2758434
calf	2757705
basil	2757419
hallmark	2755712
counterparts	2755697
paced	2755521
engl	2755060
grouped	2754870
dominate	2754313
asians	2753857
orient	2753211
contra	2753017
damaging	2752172
populated	2751529
seether	2751303
boiling	2751209
journeys	2751143
milestones	2750959
parkinson	2750688
parsing	2750227
splitting	2749527
derbyshire	2748810
abandon	2747961
lobbying	2747618
rave	2747392
dy	2746984
cigars	2745974
cinemas	2745910
islander	2745637
encoder	2744999
nicolas	2744970
inference	2743455
ras	2743346
recalled	2743113
importers	2742839
transformer	2742550
declarations	2742226
rib	2741585
chattanooga	2741057
giles	2741044
maroon	2740904
drafts	2740861
excursions	2740415
jerk	2740304
shack	2739743
ers	2739646
marrow	2739298
licences	2738920
bose	2738637
tavern	2738490
bathing	2738196
lambert	2738171
allowances	2737962
epilepsy	2737962
fountains	2737006
goggles	2736816
unhappy	2736179
clones	2736145
foregoing	2736053
crossover	2735826
situ	2735334
specificity	2735235
certainty	2735156
sleek	2734565
gerard	2734359
runoff	2733855
osteoporosis	2733610
approvals	2733320
antarctic	2733306
ord	2733054
successive	2732616
neglected	2732095
ariel	2731662
bea	2730891
monty	2730888
cafes	2730706
jukebox	2730547
classmates	2730039
hitch	2730000
fracture	2729151
ama	2728744
nexus	2728391
cancers	2728264
foremost	2728130
nineteenth	2727465
chesapeake	2727317
tango	2727306
melting	2727230
mahogany	2727168
actresses	2726567
clarence	2726479
ernst	2726438
garner	2725663
buster	2725610
moderated	2725531
mal	2725422
nassau	2725369
flap	2725137
ignorant	2724458
aba	2724411
allowable	2724327
karate	2723996
compositions	2723773
sings	2723225
marcos	2722672
sorrow	2722640
carte	2722336
canned	2721212
collects	2721169
treaties	2720856
endurance	2720719
optimizing	2720493
teaspoon	2720378
insulated	2719889
harriet	2719241
philosopher	2718992
rectangle	2718237
woo	2718146
queer	2717979
pains	2717960
wrapper	2716461
tty	2715971
ahmed	2715850
buchanan	2715369
drummer	2715351
guitarist	2713559
symmetric	2712815
ceremonies	2712791
satisfies	2712485
appellate	2711762
comma	2711522
geeks	2710575
conformity	2710447
jg	2710364
avant	2710283
insightful	2709708
supper	2709558
fulfilling	2709097
hooded	2708823
unrated	2708138
diva	2707438
instability	2706582
seminary	2706256
exemptions	2706075
integrates	2706006
presenter	2705776
offenses	2704205
emulation	2703342
lengthy	2703064
sonata	2702959
fortress	2702252
contiguous	2702054
bookstores	2701598
inaccurate	2700555
explanatory	2699888
settlers	2699538
stools	2699087
ministerial	2699016
agendas	2698779
torah	2698722
publishes	2698494
stacks	2698224
owning	2696984
bipolar	2693672
sermon	2693657
facilitating	2692085
complained	2691906
taps	2690265
thrill	2690034
lagoon	2689624
undoubtedly	2688694
menopause	2688514
inbound	2688161
withheld	2688086
insisted	2687888
eclectic	2686740
reluctant	2686458
headphone	2686393
regimes	2686142
headaches	2685626
ramsey	2684676
oath	2684269
pigeon	2683567
rivals	2683343
binder	2683280
freed	2683280
constrained	2683009
parrot	2682859
magnum	2682846
invoked	2682551
invaluable	2682391
helicopters	2682275
keystone	2681530
inclined	2681483
gala	2681393
intercontinental	2681202
cheek	2681029
traction	2679735
utterly	2679629
workspace	2679395
customizable	2679312
illuminated	2678843
lasts	2678667
electrons	2678335
psychologist	2678215
dane	2678063
claudia	2677904
perpetual	2677645
subsystem	2677252
appl	2677237
kinetic	2676623
caffeine	2676572
solicitor	2675862
clustering	2675781
glimpse	2674351
nib	2673739
verbatim	2673628
innocence	2673527
quicker	2673094
grandparents	2672819
cardboard	2671585
attributable	2671225
sketches	2670925
angelo	2669901
tertiary	2669822
exhausted	2669693
smarter	2669654
shelters	2668745
attain	2668275
dora	2668011
calorie	2667892
inconvenience	2667872
tang	2667228
graphite	2667183
vaccination	2666877
stroller	2666858
farther	2666579
bowel	2666510
sweaters	2666509
chats	2666432
mafia	2666020
riot	2665813
fats	2665577
mandarin	2665497
dungeon	2665461
predictable	2665444
germans	2665198
lilly	2665191
shire	2665081
susceptible	2664824
mosquito	2664788
kashmir	2663508
skyline	2662797
sulfur	2662699
scams	2662588
lipid	2662396
corpse	2662009
speedy	2661996
ming	2661961
tao	2661916
quot	2661228
ritz	2660002
networked	2659983
lush	2659754
barrels	2659639
transformations	2659594
cabling	2659303
analogue	2659278
werner	2659154
clyde	2658680
stills	2657985
perimeter	2657896
biased	2657852
cardiology	2657671
playoff	2657613
honorary	2657255
irwin	2657053
brewer	2656856
exchanged	2656702
payload	2655807
adhere	2655276
oldsmobile	2654673
grilled	2654595
rafael	2653922
enquire	2652802
toilets	2652273
mains	2652029
whales	2651996
misty	2651773
lindsey	2651640
parity	2651048
partitions	2650751
grim	2650255
conserved	2649468
rewrite	2648549
vending	2648129
prism	2648058
chasing	2647727
janeiro	2647268
flop	2647107
aggregation	2646711
shelley	2646479
batting	2646319
borrowed	2646232
heh	2645768
rests	2645136
toss	2644752
prentice	2644181
depicted	2644070
grapes	2643584
proposing	2643557
winding	2642869
ripped	2642534
vegan	2642418
congressman	2642212
cobalt	2642090
pity	2642047
recombinant	2641689
downward	2641434
superstar	2641229
closeout	2640375
synergy	2639929
eta	2639873
catalogues	2639071
aspire	2638953
harvesting	2638260
garfield	2638077
groom	2637912
jewels	2637876
saturated	2637689
backpacking	2637272
quincy	2636485
accidentally	2636203
doughty	2636162
bonded	2635939
sticking	2635839
dudley	2635816
weeds	2634421
stripped	2634414
inflatable	2633718
beers	2633610
clive	2633530
fixture	2633227
glassware	2633110
canary	2632425
steadily	2632187
imagined	2631487
darby	2631164
woke	2630503
kos	2630462
fills	2630389
proportions	2630142
grips	2629556
clergy	2629414
solicitors	2629165
kayak	2628993
moderately	2628951
altar	2627835
salvage	2627328
repetitive	2627063
creators	2627052
gears	2626927
orbital	2626863
musicals	2626767
cuff	2625819
lithuanian	2625728
repeating	2625374
empires	2624661
profiling	2623798
reps	2623595
oyster	2621847
sturdy	2621713
sequencing	2621506
massacre	2620731
undergo	2620082
panoramic	2619902
risen	2619862
blended	2619659
rhino	2619135
polynomial	2619081
tau	2618285
imperative	2618155
stakeholder	2617739
beg	2616794
digging	2616671
lantern	2615989
catches	2615877
evangelical	2615781
ruler	2615554
signifies	2615219
stochastic	2614305
tokens	2613416
kidding	2613375
piping	2612878
swept	2612095
airmail	2611913
staring	2611893
seventy	2611424
problematic	2610150
troop	2609404
arose	2609029
decomposition	2608915
becky	2606971
elders	2606118
interpreters	2605617
supporter	2605475
acknowledgements	2605073
klaus	2604818
tnt	2604555
conquest	2602471
heroin	2601620
repairing	2601383
mandated	2601015
workbook	2600958
assemble	2600945
hogan	2600534
whistle	2599728
sulfate	2599508
dresden	2599154
timeshare	2598791
diversified	2598662
oldies	2597950
fertilizer	2596909
complaining	2596505
analytic	2596154
predominantly	2594198
amethyst	2594139
woodward	2593977
rewritten	2593936
concerto	2593024
adorable	2592855
ambition	2592749
apologize	2591938
restraint	2590802
thrillers	2590282
fortran	2589227
eddy	2589078
condemned	2588714
berger	2588684
timeless	2588461
parole	2588422
corey	2588392
spouses	2587875
slips	2587498
vv	2587230
ninety	2587226
tyr	2587078
trays	2586701
stewardship	2586490
cues	2586257
esq	2586164
kisses	2585515
regulating	2585246
flock	2585098
exporting	2584899
arabian	2584206
chung	2584176
subpart	2583774
scheduler	2583608
bending	2583558
boris	2582954
hypnosis	2582627
kat	2581765
ammunition	2581750
vega	2581698
pleasures	2581560
shortest	2581476
denying	2581389
cornerstone	2580946
recycle	2580318
shave	2580057
sos	2579597
disruption	2578410
colt	2577919
artillery	2577825
furnish	2577787
precedence	2577705
applicability	2577161
volatility	2576975
grinding	2576703
rubbish	2576642
missionary	2576312
knocked	2576160
swamp	2575587
pitching	2575364
bordeaux	2574008
manifold	2573995
wf	2573949
tornado	2573937
disneyland	2573713
possessed	2573290
upstairs	2573007
bro	2572817
turtles	2572647
offs	2572459
fab	2572142
vauxhall	2571879
cond	2571812
welcoming	2571306
learns	2570984
manipulate	2570342
dividing	2569996
hickory	2569948
renovated	2569941
inmates	2569921
tokelau	2569903
conformance	2569642
slices	2569411
lawson	2567894
quo	2567723
damned	2566720
beethoven	2565877
faint	2565744
rebuilt	2565168
proceeded	2564696
collaborate	2564383
lei	2563419
tentative	2562953
fierce	2562384
jars	2562160
authenticity	2562043
hips	2561970
gland	2561362
positives	2561224
wigs	2561086
resignation	2560942
striped	2560923
zion	2560270
blends	2560019
garments	2559975
fraternity	2559869
hunk	2559594
allocations	2559346
lymphoma	2559160
tapestry	2559102
originating	2558537
stu	2557663
chap	2557160
blows	2556663
inevitably	2556652
freebies	2555646
converse	2554939
tele	2553983
gardener	2553839
winnie	2553592
ita	2553088
stoke	2552684
polymers	2550216
penguins	2550142
attracting	2549806
grills	2549512
harp	2548850
phat	2548843
escrow	2548489
wes	2548030
anthem	2547657
tack	2547602
whitman	2547585
nowadays	2547379
sack	2546938
inferior	2546617
surfers	2546274
abuses	2546094
inspected	2545315
deb	2545057
jockey	2544228
licensors	2543242
indicative	2542684
stresses	2541443
incumbent	2541291
ithaca	2541098
edmund	2540430
peoria	2540360
upholstery	2540113
aggression	2539892
peek	2539766
practiced	2539452
ella	2539360
casualties	2539213
monarch	2537590
housed	2537223
administering	2536998
temptation	2536564
havana	2536543
roe	2536469
campground	2536233
nasal	2536094
restrictive	2535342
costing	2535149
ranged	2534995
predictive	2534917
aquaculture	2534664
spruce	2534428
paradox	2534135
redesign	2533719
billings	2533397
jeanne	2533177
nitro	2533124
oxidation	2533059
jackpot	2532985
halfway	2532364
cortex	2530902
entitlement	2530866
amending	2530752
conflicting	2530282
georgian	2530176
compensate	2529651
recherche	2529321
loser	2529180
secs	2529162
mixers	2528887
accountancy	2528048
claus	2528018
policing	2527931
braves	2527914
cracking	2527515
sued	2526428
shoots	2526359
interrupted	2525933
hemisphere	2525439
miranda	2525275
clover	2525179
kindness	2524494
similarities	2524194
kv	2523831
porto	2522999
neutron	2522790
duluth	2522476
directs	2522324
jolly	2522092
snakes	2521893
swelling	2521718
spanning	2521710
politician	2521169
femme	2521124
unanimous	2520971
railways	2520743
approves	2520685
scriptures	2520617
misconduct	2520545
lester	2520530
folklore	2520236
resides	2520118
wording	2519992
obliged	2519826
perceive	2519370
rockies	2518528
siege	2518421
exercising	2517892
acoustics	2517859
voluntarily	2517597
pensacola	2517454
crs	2516542
condominium	2516255
wildcats	2516157
exhibitors	2514814
truths	2514470
ssi	2513247
grouping	2513076
redwood	2511836
thereto	2511826
invoices	2511057
tyres	2510350
authorizing	2510231
enamel	2509986
toby	2508904
radiant	2506757
estonian	2506680
virgins	2506557
firstly	2506379
martini	2505907
butte	2505600
bomber	2505585
reeves	2505496
songwriter	2505462
suspicion	2504621
disadvantage	2504267
coaster	2503539
spends	2503434
hicks	2503430
pratt	2503054
pedigree	2502866
strippers	2502249
fraudulent	2501991
woodworking	2501856
forgiveness	2501286
almond	2500565
catalytic	2500336
petitions	2500009
trenton	2499535
chalk	2498505
omar	2498343
alexis	2497825
bethesda	2497387
privatization	2497240
sanford	2496806
axle	2496464
membranes	2496460
puppet	2495374
testosterone	2495063
cultivation	2494830
surveying	2494534
grazing	2493989
biochemical	2493892
pillar	2493688
mirage	2493561
questionable	2492735
seaside	2492674
suitability	2491867
precinct	2491806
renamed	2491675
cobb	2491637
unbelievable	2491299
soluble	2491148
piracy	2490728
rowing	2490271
siding	2490194
hardest	2489739
invitational	2489659
reminders	2489508
blanca	2489053
equivalents	2488782
johann	2488289
handcrafted	2488264
aftermarket	2487971
pineapple	2487823
fellowships	2487618
freeway	2486934
wrath	2486700
opal	2486653
simplest	2486239
patrons	2485842
peculiar	2485776
toon	2485460
europeans	2485431
commence	2484874
descendants	2484559
safeguard	2484174
digitally	2484117
lars	2483751
hatchback	2483111
obsession	2482377
grind	2482307
albeit	2482233
billiards	2482114
clint	2481872
bankers	2481750
righteous	2481713
eo	2481243
redistribution	2480798
freaks	2480531
subclass	2479278
tra	2477461
sampled	2477135
sincere	2476939
deploying	2476652
interacting	2476373
roanoke	2476369
intentionally	2476029
blitz	2476009
tended	2475387
censorship	2475227
cactus	2475082
viva	2474832
treadmill	2474781
fiberglass	2474100
attained	2473688
blew	2473343
howe	2473217
nap	2473014
osaka	2472838
splendid	2472698
janice	2472481
personalize	2472227
lava	2471986
leonardo	2471930
sucked	2471917
scissors	2471613
broncos	2471504
jorge	2471105
cooks	2470395
sharply	2470344
granada	2470148
laurence	2470052
rebellion	2469106
rainy	2469088
tho	2468927
regent	2468483
evelyn	2468215
vinegar	2467712
vie	2467637
classifications	2467504
rafting	2466959
pluto	2466856
gil	2466786
vail	2465727
fisherman	2464823
misery	2464795
undergoing	2464782
limerick	2464711
safaris	2464644
contaminants	2464458
envy	2464445
scr	2464405
mitch	2464162
sweeping	2463965
healthier	2463491
ussr	2462032
mailer	2461916
preface	2461709
jameson	2461558
grievance	2461503
liners	2461442
unread	2460260
sentiment	2460011
pencils	2459655
galloway	2459471
quinta	2459399
kristin	2458841
forged	2458824
bistro	2458804
viola	2458792
voodoo	2457448
disclosures	2456864
provence	2456582
caching	2455792
computerized	2455700
rustic	2455629
rumor	2455494
shah	2455068
eleanor	2454556
deception	2454433
volts	2454421
conducts	2454368
divorced	2454344
rushed	2454043
excalibur	2453959
bots	2453725
weighs	2453498
sinatra	2452608
magnolia	2452451
diver	2452406
disappointment	2452388
castles	2452078
notions	2451904
plateau	2451261
interpersonal	2451102
dexter	2451049
traumatic	2450877
ringer	2450825
zipper	2450000
palette	2448716
blaze	2448412
wreck	2447935
threatens	2447772
strengthened	2447673
sammy	2447628
briefings	2447057
siblings	2446697
adversely	2446151
devastating	2446064
centro	2445696
arabs	2444955
onboard	2443494
robbery	2443257
nucleic	2442798
jasmine	2441948
crochet	2441543
brock	2441409
crowds	2439262
hoops	2438525
hehe	2438149
macon	2437697
lynne	2437544
invariant	2436965
stamped	2436087
challenger	2435511
increment	2435396
redistributed	2435259
ju	2434677
uptake	2434566
newsweek	2434397
geared	2434240
ideals	2434179
chloe	2434045
ape	2433746
svc	2433201
gee	2433166
apologies	2433010
tycoon	2432605
malignant	2431848
dismiss	2431006
preceded	2429747
lawful	2429707
stag	2429332
crosby	2429109
pte	2428751
rash	2428545
ors	2428335
gateways	2428314
collapsed	2427732
antibiotic	2427497
horns	2427037
cps	2426767
diversion	2426724
overweight	2426520
fantasies	2426377
maureen	2425925
trekking	2425674
coordinators	2425563
beginnings	2425503
reversal	2425317
lex	2424291
shoreline	2423748
presses	2423685
ordination	2423296
tandem	2422935
mips	2422380
boil	2422265
deliberate	2422264
gagged	2422197
roundtable	2421921
surprises	2421702
abe	2420884
roc	2420867
dementia	2420741
barley	2420348
potent	2419930
vo	2419809
amusing	2419640
mastering	2419592
nerves	2418478
shoppy	2417776
retains	2417263
pow	2417177
docking	2416176
guidebook	2415999
kylie	2415779
chimney	2415182
backstreet	2414433
packers	2414244
localized	2414106
naomi	2413747
proverbs	2413062
risky	2412508
mistaken	2411938
carving	2411889
miracles	2411472
clair	2410656
slipped	2410446
realism	2410398
crete	2409700
fractions	2409312
yd	2408813
archiving	2407950
disconnect	2407528
bloodhound	2407510
multilingual	2407472
sherry	2407286
desperately	2407133
indies	2406907
tulip	2406691
madame	2406665
remedial	2406614
vain	2406302
bert	2406294
immunization	2406054
dalton	2406005
bologna	2405514
departing	2404892
maze	2404306
barefoot	2402711
remuneration	2402572
bohemian	2402466
interviewing	2402367
categorized	2402134
imposing	2401482
damon	2401346
tivoli	2401149
transmissions	2400730
receivable	2400318
rode	2400161
amen	2400153
marching	2400087
evacuation	2399397
owing	2399321
warp	2399276
implant	2399127
thematic	2398885
catholics	2398661
correctional	2397855
faculties	2397454
denies	2397434
buffers	2396823
servings	2396089
reinforce	2394921
inception	2394773
draper	2394747
otc	2394381
bowman	2394377
frustrating	2394252
subversion	2394175
zeta	2394047
benny	2393928
spires	2393880
barney	2393754
dinnerware	2393648
sclerosis	2392826
homosexuality	2392550
declares	2392411
emotionally	2391987
masonry	2391921
carbohydrate	2391830
medicinal	2391733
estrogen	2391686
accrued	2391008
temples	2390437
realizing	2390433
annum	2390404
cemeteries	2389792
indoors	2389570
telescopes	2389085
magellan	2388447
champs	2388179
federated	2387686
averaging	2387410
salads	2387032
addicted	2386786
flashlight	2386453
disappointing	2386364
eighty	2385976
staging	2385972
unlocked	2385296
scarce	2385219
statistic	2384948
roche	2384778
ropes	2384639
spiders	2384288
obedience	2384233
plague	2383845
diluted	2383641
canine	2383411
gladly	2383400
schizophrenia	2383269
brewery	2383143
lineage	2382912
brew	2382584
kern	2382522
julius	2382296
coup	2382274
morse	2382036
dominance	2381788
predators	2381273
piston	2381202
cords	2380982
revisited	2380826
cass	2380671
sealing	2380108
topped	2379955
adhesives	2379922
rag	2379816
despair	2379553
inventories	2379122
fore	2378954
absorb	2378096
injected	2378069
alps	2377380
commodore	2377211
dumping	2377175
enlisted	2376750
prophets	2376749
ow	2376433
econ	2376255
supernatural	2374979
overlooked	2374946
magenta	2374461
tagging	2374392
ditch	2373753
feared	2373625
prelude	2373600
slick	2372634
overly	2372522
limestone	2372437
triggers	2372243
commentaries	2372211
constructs	2372108
impedance	2372086
dragonfly	2371854
manpower	2371829
chunk	2371231
reels	2371017
lob	2370806
slept	2370802
gregg	2370023
refundable	2370011
billboard	2369545
drafted	2369018
chalet	2368986
layered	2368440
hopper	2367920
sus	2367695
neurological	2367615
subs	2367299
specialization	2367296
abstraction	2366467
ludwig	2365101
watchdog	2365031
scandinavian	2364674
viability	2364054
detained	2363691
luncheon	2363638
filler	2363583
smiley	2363430
zenith	2363349
yi	2363178
yum	2362952
browns	2362811
researched	2362534
waits	2362199
tenor	2361385
copiers	2360987
ovarian	2360849
softly	2360826
plenary	2360816
scrub	2360299
airplanes	2359533
wilkinson	2359481
limb	2359067
intestinal	2358994
cello	2358848
poe	2358805
refusing	2357765
suffers	2357684
sweepstakes	2357635
occupy	2357306
antigens	2356918
gan	2356874
midtown	2356427
bethlehem	2355564
stabilization	2355377
caves	2355316
authoritative	2355249
celestial	2355105
immense	2354605
audrey	2354566
merlin	2354378
kinetics	2354107
cocos	2354000
aiming	2353915
seizure	2353392
diplomacy	2352610
differing	2352534
impacted	2352224
foreigners	2351944
limp	2351899
capitalist	2351271
mute	2351105
beanie	2351093
protestant	2350938
metre	2350745
tricky	2350431
ordinances	2350341
spaced	2349680
koch	2349132
freq	2349123
topaz	2348935
ans	2348913
segmentation	2348439
imaginary	2348396
albion	2348149
soaps	2347810
courthouse	2347505
entrepreneurial	2346440
dar	2345848
dart	2345761
lebanese	2345613
psycho	2345581
wrought	2345069
robe	2344642
theresa	2343953
multitude	2343548
tutors	2342956
ezra	2342588
housekeeping	2342524
captive	2342128
kettle	2341770
visitation	2341736
baggage	2340989
dusty	2339959
patty	2339693
serena	2339369
asst	2338968
satire	2338817
overload	2338735
tortured	2338057
pioneers	2337334
vikings	2336967
crate	2336818
bootstrap	2336609
episcopal	2336299
humane	2336128
moonlight	2334927
mast	2334829
unfinished	2333647
goth	2333078
cared	2333049
affection	2332707
sworn	2332355
vicious	2331876
educating	2331409
kin	2331005
affiliations	2330795
cozy	2330794
pussycat	2330623
appropriated	2330545
escherichia	2330475
reversible	2329713
slippers	2329284
unclassified	2329160
earthquakes	2329102
bookshelf	2328590
hayward	2327841
wandering	2327786
comb	2327626
liquids	2327187
beech	2327119
vineyards	2327015
frogs	2326307
fps	2326094
consequential	2325659
initialization	2325157
unreasonable	2324841
raider	2323603
timers	2322877
stimulus	2322857
economists	2322843
miners	2322828
agnes	2322429
constituency	2322415
rocker	2322314
acknowledges	2321868
alas	2321771
enrolment	2321704
sawyer	2321394
maori	2321308
lawmakers	2321236
tense	2320926
predicting	2320903
filipino	2320723
cooled	2320309
prudential	2319748
migrant	2319291
devotion	2319290
invoke	2318419
arte	2318239
leaning	2318144
centrally	2317496
paddle	2316636
anterior	2316239
dealership	2316058
chop	2315541
eyewear	2315532
rooted	2315294
onyx	2315135
benches	2315058
illumination	2314953
freedoms	2314731
bakersfield	2314616
foolish	2314452
finale	2314315
weaker	2314182
fir	2312692
stirling	2312659
moran	2312457
decal	2311933
compose	2311784
nausea	2311479
comfortably	2310081
hoop	2310001
addictive	2309956
clarinet	2309907
temps	2309859
clearer	2309498
floods	2309318
gigabyte	2309317
fritz	2309089
mover	2309084
modeled	2307095
erica	2307054
malaga	2306599
rainforest	2305867
federally	2305397
sustaining	2305240
repaired	2304344
diocese	2304337
francois	2304303
obituary	2304274
multinational	2304039
painters	2303826
thistle	2303759
tem	2303587
sleepy	2303460
nope	2303364
footnotes	2303110
rupert	2302587
shrine	2302579
aspirin	2302297
purified	2302093
striving	2301814
dire	2301525
attendant	2301496
gull	2301164
jour	2301146
mir	2301062
spoilers	2300642
machining	2300268
memoir	2299845
betsy	2299580
redundancy	2299058
fauna	2298940
cliffs	2298828
roadside	2298262
smells	2298156
dispose	2298026
waking	2297304
feathers	2297128
skateboard	2296744
reflex	2296477
falcons	2296397
automate	2296259
drosophila	2295980
spurs	2295629
sion	2295561
ortho	2295530
crashed	2295284
appraisals	2294795
travelled	2294125
urgency	2294018
flashes	2293952
brit	2293348
drupal	2293176
eliza	2292065
carers	2291799
graduating	2291215
rims	2291023
harmonic	2290965
darts	2290842
shin	2288964
intriguing	2288807
keypad	2288563
flaw	2288130
tails	2287798
emulator	2287776
microbial	2287718
discarded	2287290
bibles	2287235
hangs	2287111
adc	2286745
joanna	2286620
quark	2286617
synonyms	2286036
stranded	2285325
mitochondrial	2284771
dolce	2283881
hercules	2283618
pane	2282782
browning	2282546
angular	2282356
veins	2282346
folds	2282227
grinder	2281990
angie	2281695
sneak	2280877
octet	2280607
incorrectly	2280414
avoidance	2280365
cre	2279903
dinosaurs	2279772
sauces	2279536
conquer	2279399
mccoy	2278977
probabilities	2278966
vibe	2278741
immortal	2278011
mariners	2278010
snapshots	2278001
endeavor	2277610
ubc	2277610
creole	2277595
meth	2277432
trendy	2277368
teas	2277290
settling	2277106
inpatient	2276012
filming	2275985
badger	2275812
mohammed	2275767
saturdays	2275210
partisan	2275007
gratitude	2274093
impress	2274015
willy	2273954
anon	2273948
eminent	2273923
ribs	2273552
communicated	2273387
exceptionally	2272954
quilts	2272852
cartier	2272834
ageing	2272736
splits	2272659
subscribing	2272477
companions	2272408
cheques	2272318
containment	2272292
protections	2271529
edith	2271217
aliases	2270764
maximizing	2270543
screwed	2270111
tomcat	2269978
magna	2269919
sectional	2269463
interestingly	2268970
fashionable	2268946
polly	2268880
tidal	2268649
jules	2268604
ballots	2268477
hog	2268262
ernie	2268175
testify	2268094
boycott	2267945
elem	2267792
vitality	2267737
clerks	2267600
crust	2267452
bothered	2267322
traverse	2266937
vengeance	2266642
dolly	2266400
pissed	2266238
garrison	2265953
sal	2265728
barb	2265716
huns	2264946
miner	2264812
fashions	2264509
genital	2264034
barr	2263617
analogy	2263449
insomnia	2263184
constituent	2263143
aura	2263012
cecil	2262884
sponge	2262717
cajun	2262690
algebraic	2262216
sect	2262094
diner	2261961
anticipation	2261724
enduring	2261346
scarborough	2260919
kristen	2260739
winters	2260458
nous	2259869
explosives	2259785
mound	2259654
xiv	2259150
backgammon	2259134
sgd	2258779
ox	2258722
chromatography	2258524
overdose	2258473
nad	2257673
mole	2256537
obs	2256448
owed	2256361
ethan	2256315
orgasms	2254938
kissed	2254272
buff	2254017
freezers	2253962
butcher	2253885
psalms	2253800
rum	2253411
reese	2252849
chefs	2252629
engraving	2252004
constituted	2251515
gastrointestinal	2251383
hamlet	2251257
contrib	2249276
clad	2247938
excursion	2247674
inverness	2247568
orb	2247433
grange	2247323
resigned	2246288
retriever	2245974
fled	2245856
enriched	2245731
brandy	2245535
swings	2245409
scion	2245350
elle	2245279
reptiles	2245176
vortex	2244809
swallowing	2244613
purses	2244577
bodily	2243749
xiii	2242100
awe	2241800
beaumont	2241669
hoods	2240850
antitrust	2240438
equine	2240303
bros	2240209
fireplaces	2240184
proto	2240138
jared	2240128
requisite	2239862
retrospective	2239656
emphasizes	2238517
lizard	2238343
hawthorne	2238309
bouquets	2237840
dal	2237668
wears	2237421
anesthesia	2237242
shropshire	2237118
baja	2236983
filemaker	2236982
regal	2236787
safeguards	2236324
cabbage	2235882
cub	2235775
wrongful	2235339
spectator	2235338
arrests	2235121
circumstance	2235074
numbering	2233841
encode	2233497
moc	2233182
dau	2233093
alvin	2232995
accolades	2232640
sliced	2232434
reproductions	2232254
infertility	2231925
sidewalk	2231882
prob	2231681
breaker	2231387
curly	2231026
alberto	2230679
collage	2230355
asserted	2230343
aces	2229921
depeche	2229861
benchmarking	2229563
jealous	2229501
refinement	2229226
durban	2228830
learnt	2228719
hound	2228633
squirrel	2228308
concealed	2228233
bankruptcies	2228091
gauges	2227826
blueprint	2227312
spiderman	2227007
bridging	2226960
wharf	2226856
rhythms	2226659
departures	2226525
flick	2226500
datum	2226219
shotgun	2225854
stimulated	2225851
chickens	2225835
canceled	2225251
langley	2224871
briggs	2224709
cheyenne	2224473
empowering	2224072
lug	2223791
ymca	2223769
surveyor	2222995
facilitator	2222990
bos	2222737
maize	2222076
extinction	2221990
unaware	2221929
banff	2221531
discretionary	2221521
psalm	2220027
serv	2219850
scented	2218936
timestamp	2218211
musica	2217824
bib	2217795
gowns	2217657
spying	2216698
dermatology	2215849
lied	2215843
sandbox	2215370
bloc	2215168
premiership	2214457
recurrent	2214373
talbot	2214323
leaks	2214133
tam	2214121
recursive	2213452
swell	2213445
obstacle	2213426
ville	2213387
fluorescence	2212938
kosher	2212803
mantle	2212731
additives	2212673
chico	2212526
driveway	2212347
irony	2212193
gesture	2211952
fairbanks	2211487
parfum	2211114
marketed	2210881
armies	2210841
hy	2210828
hugs	2209967
santos	2209111
mandrake	2208765
owls	2208765
cutters	2208709
camper	2208353
acquires	2207920
ceased	2207677
merging	2207630
plaques	2207525
breadth	2207395
mammoth	2207269
liquidity	2207213
convictions	2206377
intentional	2206039
galactic	2205825
sophia	2205688
merchandising	2205545
prohibits	2204849
ombudsman	2204623
innings	2204569
registrant	2204494
reorganization	2204091
pronunciation	2203941
firefighters	2203597
placements	2202980
concession	2202890
measurable	2202880
elec	2202818
ami	2202799
parcels	2202732
pastry	2202621
manners	2202352
levin	2202321
academia	2202285
amiga	2201683
phosphorus	2201635
viper	2201559
descriptor	2201540
hid	2201472
volcanic	2201241
gypsy	2201227
thieves	2201031
preaching	2200846
pimp	2200611
repeal	2200528
gimp	2200267
uncovered	2200137
hemp	2200098
eileen	2199805
proficient	2199374
pelican	2199254
cyclic	2199045
swimsuit	2199038
apocalypse	2198730
morphology	2198704
cousins	2197809
discharges	2197331
condom	2196416
admire	2196307
westerns	2196151
dodgers	2195501
litre	2195204
poured	2195144
usefulness	2194801
unsolicited	2194503
binds	2193939
unveiled	2193279
correlations	2193131
burt	2193104
titus	2193051
textual	2192863
suffix	2192739
handsets	2192653
installment	2192474
gandhi	2192142
spindle	2192023
heavens	2191944
inks	2191859
wink	2191452
diarrhea	2191254
mister	2191168
rounding	2191014
inorganic	2190780
flare	2190533
scholastic	2190315
wight	2190271
mondays	2189977
withholding	2189743
insertions	2188802
couture	2188659
foliage	2188270
nod	2188223
fife	2186988
generals	2186641
crank	2185208
goats	2184919
autographs	2184662
summarize	2184649
stub	2184616
fundamentally	2184344
creamy	2184127
exposition	2184050
rains	2183544
laminated	2183151
organise	2183137
tort	2182973
brace	2182960
backups	2182568
novelties	2182172
gigantic	2182100
ryder	2181395
mayhem	2180898
washers	2180888
polymerase	2180425
octave	2180280
struts	2180214
ud	2179361
suppress	2179050
harding	2178980
dams	2178745
deserved	2178581
violates	2178320
dialup	2177773
rutherford	2177326
afro	2177296
separates	2177004
proofs	2176910
precedent	2176695
biosynthesis	2176610
prosecutors	2176534
confirming	2176371
garth	2176273
alloys	2175171
mach	2174764
getaways	2174538
facilitated	2174363
paolo	2174306
metaphor	2174119
bridget	2174095
wonderland	2173907
infusion	2173865
jessie	2173750
organising	2173646
conn	2172390
truman	2172356
argus	2172332
jin	2171963
mango	2171900
spur	2171795
jubilee	2171646
landmarks	2171203
polite	2171161
sith	2171122
thigh	2171107
asynchronous	2169827
paving	2169814
cyclone	2169364
perennial	2169281
jacqueline	2169107
seventeen	2168961
meats	2168286
clearinghouse	2168182
bulldog	2167341
cleavage	2166872
analysed	2166678
gradual	2166399
brethren	2165812
facilitates	2165802
embodiment	2165658
specialised	2165541
violating	2165306
recruited	2164551
skis	2164527
calc	2164428
marketers	2164086
toilette	2163893
trailing	2163754
pact	2163660
lipstick	2163155
honourable	2163115
lulu	2162895
windy	2162674
punished	2162545
saturation	2162437
alamo	2162395
chronology	2161984
mastery	2161704
thermometer	2161420
cranberry	2161233
kan	2160933
downhill	2160921
vita	2160856
steer	2159937
nesting	2159830
vogue	2159792
aired	2159611
attn	2159197
spaghetti	2158989
outward	2158902
whisper	2158715
boogie	2157978
ean	2157566
compromised	2156859
utilizes	2156760
confession	2156622
deprived	2155999
benedict	2155897
vodka	2155662
molding	2154964
zaire	2154891
fasteners	2154203
bricks	2154059
communism	2153825
leopard	2153753
sakai	2152556
flowering	2151998
wig	2151939
jingle	2151886
bounty	2151873
arcadia	2151851
fishes	2151535
ringing	2151327
knobs	2151258
taurus	2150339
whiskey	2149429
absurd	2148981
committing	2148886
tolerant	2148096
stoves	2147560
enactment	2146865
laminate	2146858
earring	2146830
aggregator	2146684
datatype	2146632
embryo	2146623
nora	2144854
salts	2144773
ergonomic	2144410
furious	2144253
iteration	2144069
ceilings	2143491
dispenser	2143467
respecting	2143341
approving	2142483
unsafe	2142475
refills	2141889
ibis	2141847
separating	2141749
soups	2141445
residing	2141368
unidentified	2141331
markings	2140739
moist	2140516
tractors	2140424
trina	2140397
drained	2139571
spp	2139409
coed	2139346
mule	2138641
sheikh	2138230
kiwi	2137471
ohm	2137321
cessation	2137188
append	2136979
motive	2136857
pests	2136804
acreage	2136630
seasoned	2136568
sunflower	2136497
duel	2136368
fingerprint	2136190
stocked	2135627
sorority	2135042
bethel	2134879
entre	2134677
audition	2134610
doris	2132988
motives	2132803
reinforcement	2132508
dwight	2132409
leveraging	2131493
psychotherapy	2131314
provost	2131303
guessing	2131003
stokes	2130793
lakers	2130619
saxophone	2130007
cocktails	2129998
tal	2129892
mead	2129480
harlem	2129282
throttle	2129057
steroid	2128756
gong	2128445
ber	2128430
communicator	2128091
horticulture	2128038
resets	2127923
util	2127904
sympathetic	2127529
fridays	2127464
ordinator	2127456
bono	2127384
isolate	2127204
unconscious	2126950
bays	2126514
acronym	2125641
veritas	2125379
faulty	2125277
affidavit	2125205
breathtaking	2124735
streamline	2124680
messiah	2124191
brunch	2123970
infamous	2123711
pundit	2123572
pleasing	2123373
seizures	2123353
appealed	2123326
figurine	2123179
surveyors	2123090
mutants	2123025
tenacious	2122528
expiry	2122063
waterfall	2121717
sensual	2121425
persecution	2121168
petit	2120813
burgess	2120777
inning	2119847
gaze	2119763
fries	2119656
chlorine	2119419
freshly	2119331
initialize	2119091
saxon	2118651
rye	2118455
isabella	2117892
foundry	2117706
toxicology	2117705
monies	2117267
bodybuilding	2117113
assassination	2116496
nostalgia	2115900
remarkably	2115679
acetate	2115668
pointe	2114811
stall	2114252
saratoga	2113061
entirety	2112980
destined	2112859
marcel	2112634
terminator	2112514
lad	2112499
hulk	2112390
badminton	2111283
cyan	2111144
ora	2111128
cory	2111050
bal	2110992
flores	2110181
olivier	2109998
portage	2109768
stacey	2109729
serif	2109334
dwellings	2109333
informing	2108822
yellowstone	2108731
portability	2107820
characterize	2107717
ricardo	2107700
yourselves	2107575
yearbook	2106514
rotterdam	2106095
lubricants	2106029
hv	2105773
alameda	2105485
aerosol	2105024
hostage	2103928
cracker	2103875
anglican	2103871
monks	2103722
compliment	2103716
camino	2103573
storey	2103431
scotch	2103280
sermons	2103017
remembers	2102056
coolers	2101965
multilateral	2101916
freddie	2101786
contention	2101748
audited	2100803
juliet	2100455
adjunct	2100139
guernsey	2099491
galore	2099185
aloha	2099181
dehydrogenase	2098738
persia	2098507
aq	2098412
axes	2097942
postfix	2097877
stirring	2097850
haze	2097119
pits	2096761
exponential	2096725
utter	2096533
shi	2096174
bottled	2095983
ants	2095946
gastric	2095401
secretarial	2095099
influencing	2094933
rents	2094682
christy	2094560
theirs	2094103
mattresses	2093868
todays	2093247
donovan	2093243
lax	2093131
toaster	2092936
cater	2092828
colts	2092808
rehearsal	2092470
strauss	2092320
reputable	2092298
wei	2092089
bac	2091886
tuck	2091789
rei	2091264
slab	2091074
lure	2090646
kart	2090634
ren	2090330
cpl	2090322
archbishop	2090110
questionnaires	2089908
ling	2089684
incompatible	2089664
emblem	2089468
roadway	2088681
overlapping	2088603
serials	2088560
dunes	2088285
equivalence	2087946
murders	2087692
vaughn	2087574
miserable	2087452
unsuccessful	2087199
condominiums	2087162
decorate	2087154
bottoms	2086781
revocation	2086612
vomiting	2086485
chesterfield	2086291
exposing	2085985
pea	2085825
tubs	2085601
simulate	2085384
schematic	2085298
medina	2085061
thankful	2083939
pneumatic	2083855
alaskan	2083811
sniper	2083413
vertices	2083014
elephants	2082778
pinch	2082769
additive	2081681
professionalism	2081396
libertarian	2081230
rus	2080985
washable	2080531
normalized	2079769
scopes	2079413
braces	2079192
troll	2079165
teamwork	2078965
deficient	2078834
auditions	2078655
refrigerators	2078580
redirected	2078154
annotations	2078019
filth	2077997
moderation	2077347
widgets	2077257
worrying	2077211
ontology	2077123
timberland	2077070
mags	2077030
outrageous	2077025
kraft	2076875
concluding	2076732
blackboard	2075979
chopper	2075817
nitrate	2075633
pinball	2075051
pharmacists	2074882
skates	2074563
surcharge	2074485
comstock	2073640
hers	2073030
grin	2072855
latvian	2072711
footprint	2072054
installs	2071537
tunnels	2070886
crises	2070725
trillion	2070561
comforter	2070250
cashmere	2070228
heavier	2070219
nguyen	2070173
meteorological	2070017
spit	2069895
labelled	2069889
darker	2069829
salomon	2069393
horsepower	2068922
globes	2068693
algae	2068644
alcoholism	2068409
dissent	2068302
csc	2067657
maximal	2067611
prenatal	2067285
documenting	2067028
choral	2066632
unrestricted	2066478
happenings	2066040
contempt	2065319
socialism	2065289
hem	2064628
leds	2064034
edible	2063618
anarchy	2063597
clicked	2063357
ineffective	2063276
scorecard	2062533
beirut	2062273
drawers	2061328
conditioners	2060563
acme	2060278
leakage	2060270
culturally	2059882
shady	2059463
chemist	2059417
evenly	2059380
janitorial	2059299
reclamation	2058885
rove	2058665
propane	2058626
appendices	2058615
collagen	2058332
lionel	2058317
praised	2058171
rhymes	2057587
blizzard	2057566
erect	2057313
nigerian	2057201
refining	2057173
concessions	2057023
commandments	2056927
confront	2056392
vests	2056167
lydia	2055299
coyote	2055263
breeder	2055219
electrode	2054669
esc	2054520
chow	2054077
cookbooks	2053703
pollen	2053694
drunken	2053197
mot	2052874
avis	2052817
valet	2052690
spoiler	2052657
cheng	2052211
polarized	2050842
shrubs	2050241
watering	2050112
baroque	2050077
ppt	2050070
barrow	2049454
eliot	2049290
jihad	2048833
transporting	2048610
rifles	2048020
cts	2047919
abit	2047773
posterior	2047718
aria	2047712
excise	2047155
poetic	2047062
abnormalities	2046863
mortar	2046739
qtr	2046531
blamed	2046530
recommending	2046455
inmate	2046395
dirk	2045987
posture	2045913
thereon	2045762
valleys	2045542
declaring	2045168
septic	2044503
commencing	2044467
armada	2044394
wrench	2044382
thanked	2044216
arranging	2043604
thrilled	2043399
bas	2042968
predicts	2042913
amelia	2042715
jonah	2042513
expedited	2042174
discomfort	2041894
curricula	2041759
scar	2041756
indictment	2041547
apology	2041402
raped	2040735
collars	2040558
configurable	2040497
sloan	2040295
pudding	2040237
flawed	2040094
cfs	2040025
checkpoint	2040010
plato	2039668
examiners	2039353
rot	2038597
possesses	2038087
dorm	2037885
squared	2037543
needless	2037409
pies	2036827
lakeside	2036381
palma	2035402
interconnection	2035162
heterogeneous	2034451
taxis	2034449
hates	2034161
aspirations	2034151
fences	2033711
excavation	2033197
cookers	2032956
luckily	2032217
ultraviolet	2032114
lighted	2031416
pneumonia	2031182
monastery	2031139
erected	2030236
expresses	2030197
haitian	2029984
dialing	2029895
migrate	2029846
unicef	2028697
carton	2028105
lorraine	2028082
councillors	2027884
identifiers	2027762
hague	2027435
mentors	2026897
transforms	2026401
ammonia	2026351
licensure	2026109
roxy	2026103
outlaw	2025935
tammy	2025634
saws	2025375
bovine	2025195
dislike	2025063
systematically	2024800
interruption	2024412
demi	2024352
imminent	2023614
madam	2023575
tights	2023147
compelled	2023097
criticized	2022870
soybean	2022297
electra	2021948
affirmed	2021161
communal	2020689
landlords	2020341
brewers	2020281
emu	2020275
libby	2019919
dynamite	2019294
tease	2019275
motley	2019182
aroma	2018777
pierced	2018684
translates	2018620
retractable	2018290
cognition	2018120
cain	2017996
townhouse	2017964
verona	2017675
syn	2017477
delegated	2017165
coco	2016752
chatting	2016434
punish	2016120
fishermen	2016086
pipelines	2015779
conforming	2015526
causal	2015266
rudy	2014882
stringent	2014881
rowan	2014844
assigning	2014457
dwell	2014411
hacked	2013975
inaugural	2013884
awkward	2013836
congrats	2013725
weaving	2013543
metropolis	2013253
psychologists	2012725
diligence	2012672
stair	2012524
splitter	2012361
dine	2012279
standardization	2011213
enforcing	2011186
lakeland	2011077
classy	2010936
struggled	2010667
lookout	2010468
arterial	2010430
injustice	2010049
mystical	2009920
ironing	2009586
commanded	2008832
woodlands	2007640
guardians	2007578
manifesto	2007273
slap	2007220
jaws	2007131
textured	2007120
finn	2007078
doppler	2006820
pedestal	2006553
entropy	2006551
widening	2006534
snooker	2005679
unleashed	2005394
underwood	2005381
saline	2005218
sonny	2004845
longevity	2004715
paw	2004599
lux	2004493
isabel	2004448
nairobi	2004096
sterile	2004050
importer	2003477
isl	2003376
orioles	2003354
botany	2003091
dissolution	2003049
rotor	2003039
pauline	2003029
quart	2002127
theres	2002045
bison	2002028
suppressed	2002016
allegro	2001576
materially	2000903
cit	2000858
amor	2000838
xvi	2000795
fungi	2000715
phyllis	2000386
dreamy	2000147
bengal	1999971
backstage	1999908
scrolls	1999835
awakening	1999637
fairies	1998301
prescribe	1998175
greed	1997460
nominate	1997305
sparkle	1997295
autograph	1997100
migrating	1996478
gasket	1996432
refrain	1996424
lastly	1996311
overcoming	1996216
wander	1996154
kona	1995840
relieved	1995685
firearm	1995529
luc	1995235
bam	1994832
closures	1994806
participatory	1994106
intermittent	1994067
ante	1993948
micron	1993771
budgetary	1993701
vols	1993175
revolving	1993058
bundled	1991914
pantie	1991680
bombers	1991459
covert	1991310
crater	1991071
leah	1991022
favored	1990643
bred	1990553
fractional	1990433
markus	1990346
ideological	1990291
fostering	1990009
rheumatoid	1989418
thence	1989263
birthplace	1989123
bleed	1989071
reverend	1988924
transmitting	1988592
cabernet	1988133
neptune	1987289
caucasian	1987029
understandable	1986952
shea	1986897
goblet	1986831
doctorate	1986782
binaries	1986777
inventions	1986727
dea	1986635
slovenian	1986617
practicable	1986296
showdown	1986109
fronts	1985378
ancestor	1985344
russians	1985132
potentials	1984611
incur	1984112
tempe	1984024
cores	1983675
borrowers	1983348
canonical	1982599
nodded	1982403
confronted	1982279
believer	1982182
multifunction	1982159
australians	1982145
nifty	1981740
declines	1981620
unveils	1981596
peacock	1981500
utmost	1981459
skeletal	1981391
rollover	1980601
infos	1980341
helpers	1979877
elapsed	1979609
anthrax	1979121
academies	1979091
tout	1978808
shockwave	1978764
gre	1978625
imitation	1978554
harvested	1978518
dab	1978263
hopeful	1978152
furnishing	1977961
negatively	1977538
residences	1977445
spinach	1977356
liquidation	1976877
predecessor	1976404
cheeks	1976189
hare	1976109
beasts	1975860
touchdown	1975719
planar	1975442
philanthropy	1975441
adequacy	1975306
peanuts	1974558
discovers	1974534
eastman	1974520
franchising	1974199
discard	1974132
cavalry	1974089
ged	1973444
breakers	1973331
quorum	1973172
forwards	1973103
prevalent	1972549
plat	1972329
exploits	1972178
kn	1971771
dukes	1971678
offended	1971454
trimmed	1971349
ferries	1971054
worcestershire	1970957
muller	1970236
prostitution	1970168
mosque	1969984
fudge	1969555
extractor	1969493
horseback	1969441
vested	1969347
terribly	1969093
earnest	1968639
myocardial	1967884
homme	1967874
callback	1967564
tory	1967098
encompasses	1967049
sander	1966734
conductivity	1966252
confederate	1966184
presumed	1966005
annette	1965739
climax	1965596
blending	1965386
weave	1965230
vicki	1965107
postponed	1964751
philosophers	1964528
speeding	1964427
creditor	1963758
exits	1963047
pardon	1963040
skateboarding	1962882
abby	1962559
outback	1962517
teller	1962509
mandates	1962363
siena	1962358
biopsy	1962155
peptides	1962139
veil	1962101
peck	1961752
custodian	1961690
dante	1961656
quarry	1960848
seneca	1960810
oceanic	1960760
tres	1960559
helm	1960083
burbank	1959857
festive	1959678
awakenings	1959038
pim	1958565
preserves	1958403
sediments	1957228
appraiser	1957049
ingram	1956959
gaussian	1956833
hustler	1956791
jess	1956764
tensions	1956635
secretion	1956191
linkages	1956143
separator	1955991
insult	1955836
scraps	1955784
waived	1955721
cured	1955657
schultz	1955591
buggy	1955438
recon	1955124
kennel	1954777
drilled	1954737
souvenirs	1954524
royals	1954389
prescribing	1954318
slack	1954286
pastel	1953608
gin	1953412
differentiate	1952913
strollers	1952626
jays	1952519
uninsured	1952489
picasso	1952319
pilgrim	1952294
vines	1952255
susceptibility	1951706
ambiguous	1951514
disputed	1950655
scouting	1950577
royale	1950499
instinct	1950318
gorge	1950264
righteousness	1950164
carrot	1949964
discriminatory	1949265
opaque	1949046
headquartered	1948865
bullying	1948806
saul	1948718
flaming	1948600
empower	1948139
apis	1947925
marian	1947893
liens	1947603
caterpillar	1947305
hurley	1947191
pedals	1946063
chew	1946052
teak	1946014
benefited	1945952
prevail	1945922
bitmap	1945892
migraine	1945823
undermine	1945083
omission	1944930
diminished	1943681
jonas	1943585
aes	1943495
cages	1943021
methane	1942898
pager	1942889
aclu	1942028
capitals	1941886
correctness	1941862
implication	1940990
pap	1940941
banjo	1940675
shaker	1940611
natives	1940192
quilting	1939935
campgrounds	1939929
adm	1939605
stout	1939514
rewarded	1939508
densities	1939493
athena	1939395
deepest	1939355
matthias	1939279
duane	1939079
sane	1938953
turnaround	1938787
climbed	1938305
corrupted	1938248
relays	1938030
navigational	1937987
hanna	1937669
husbands	1937668
saskatoon	1937497
cen	1937421
fading	1936749
fingertips	1935481
persuade	1934952
vl	1934181
pepsi	1933586
rea	1933488
roaming	1933359
oversized	1933333
sibling	1932847
determinations	1932467
burberry	1932454
weighed	1932161
ashamed	1932143
concierge	1932138
gorilla	1931906
gatherings	1931581
endure	1931473
inhibit	1931066
nom	1931008
pps	1930870
cheltenham	1930716
screenplay	1930533
unabridged	1930281
dickens	1930015
endpoint	1929656
juniper	1929545
repetition	1929109
labelling	1928800
siberian	1928755
synchronous	1928462
heartland	1928263
preparatory	1927941
cafeteria	1927924
outfitters	1927586
fielding	1927279
dune	1927085
hee	1926997
opp	1926557
homelessness	1926523
yosemite	1926490
cursed	1926459
efficiencies	1926128
blowout	1926124
youths	1926116
migrants	1925933
tumble	1925795
oversee	1925750
thresholds	1925637
stare	1925618
unlocking	1925518
missy	1925451
isnt	1925347
waveform	1924833
deficits	1924803
contradiction	1924222
flair	1924190
helium	1924142
wonderfully	1923818
tableware	1923538
bernie	1923481
dug	1923261
congenital	1923163
trojans	1922895
insanity	1922869
clement	1922807
embraced	1922457
cli	1922413
finely	1922347
authenticated	1922327
reformed	1921880
tolerate	1921707
robotic	1921045
mana	1920430
lest	1920286
adhesion	1920249
tic	1920206
dialysis	1919732
filmed	1919408
carole	1919250
noticeable	1919027
aesthetics	1918859
smoker	1918369
benign	1917931
hypotheses	1917553
afforded	1917385
aisle	1917319
dunno	1917052
blur	1916915
evidently	1916569
summarizes	1916533
limbs	1916350
unforgettable	1916237
punt	1916106
sludge	1915962
crypto	1915914
tanned	1915011
altering	1914894
bunker	1914784
multiplication	1914709
paved	1914582
heavyweight	1914518
fabricated	1914220
zach	1914201
pasture	1913652
richest	1912591
cruelty	1912399
comptroller	1912122
creatine	1911679
mormon	1911630
minimizing	1911489
scots	1911314
genuinely	1911150
neighbouring	1910742
plugged	1910661
souvenir	1910326
relativity	1910212
mojo	1909750
cucumber	1909384
occurrences	1909310
marshal	1909071
rituals	1909051
anders	1909027
seize	1908868
decisive	1908846
spawn	1908837
pq	1908765
blanks	1908523
dungeons	1908328
epoxy	1908076
watercolor	1908061
uncensored	1907883
sailors	1907777
stony	1907651
trainees	1906986
tori	1906911
shelving	1906815
effluent	1906762
annals	1906359
storytelling	1906358
sadness	1906141
periodical	1905817
polarization	1905724
moe	1905667
dime	1905297
losers	1905248
bombings	1905009
punta	1904881
flavour	1904853
crypt	1904607
charlottesville	1904529
accomplishment	1904294
xu	1904177
onwards	1904092
bogus	1903710
carp	1903390
prompts	1903336
witches	1902655
barred	1902400
skinner	1902389
equities	1902353
dusk	1902302
nouveau	1902062
customary	1902031
vertically	1901883
crashing	1901462
cautious	1901221
possessions	1901072
feeders	1900900
urging	1900469
passions	1899754
faded	1899648
mobil	1899550
scrolling	1899335
counterpart	1899186
utensils	1898846
secretly	1898529
tying	1898217
lent	1898154
diode	1897828
magician	1897388
indulgence	1897385
aloe	1897124
johan	1896738
melted	1896489
fam	1896046
extremes	1895768
puff	1895753
underlined	1895716
whores	1895702
galileo	1895638
obsessed	1895576
flavored	1895495
gemstones	1895376
viewpoints	1894699
groceries	1894209
motto	1894147
singled	1894034
appalachian	1893834
staple	1893759
dealings	1892511
pathetic	1892242
ramblings	1892091
craftsman	1891788
irritation	1891655
rulers	1891433
centric	1891416
collisions	1891241
militia	1891032
optionally	1890953
conservatory	1890565
nightclub	1890300
bananas	1889918
geophysical	1889900
fictional	1889711
adherence	1889709
golfing	1889706
defended	1889545
rubin	1889443
handlers	1889169
grille	1888919
elisabeth	1888877
claw	1888837
pushes	1888806
alain	1888792
flagship	1888773
kittens	1888648
topeka	1888246
illegally	1887757
deter	1887521
tyre	1887458
furry	1887389
cubes	1887321
transcribed	1887302
bouncing	1887098
wand	1887049
linus	1886948
taco	1886915
scarves	1886581
cavalier	1886574
ish	1886194
rinse	1885846
outfits	1885761
repertoire	1885297
respectfully	1885188
emeritus	1885157
ulster	1885001
macroeconomic	1884782
tides	1884762
weld	1883322
venom	1883158
writ	1883109
patagonia	1883102
dispensing	1882818
tailed	1882619
puppets	1882434
tapping	1881871
excl	1881600
bx	1881455
arr	1881385
typo	1881090
immersion	1880347
explode	1880264
escapes	1879759
berries	1879643
merchantability	1879527
happier	1879427
mummy	1878933
stacked	1878493
winged	1878347
brighter	1878111
cries	1878107
speciality	1878029
warranted	1878011
attacker	1877889
ruined	1877804
catcher	1877712
damp	1877710
sanity	1877686
ether	1877315
suction	1877189
crusade	1876773
rumble	1876665
inverter	1876590
correcting	1876523
shattered	1876379
heroic	1876003
motivate	1875923
retreats	1875848
formulate	1875065
bridgeport	1874856
assessor	1874796
sheds	1874143
blockbuster	1873840
dz	1873839
amarillo	1873791
pathfinder	1873650
anomalies	1873581
homogeneous	1873412
bonsai	1873400
windshield	1873343
humphrey	1872611
spheres	1872539
belonged	1872474
assigns	1872222
croydon	1871954
sofas	1871940
cushions	1871837
fern	1871772
convection	1871233
defenders	1870924
debugger	1870843
boing	1870671
odessa	1870454
lore	1870162
ancillary	1869921
pointless	1869860
whipped	1869632
vox	1869085
dinners	1868829
factoring	1868521
genealogical	1868477
gyms	1868252
inhalation	1868078
terre	1868063
selfish	1867831
eventual	1867679
faucet	1867270
nach	1867032
mitigate	1866466
jamestown	1865726
arguably	1865710
electives	1865650
midget	1865119
quan	1864487
boiled	1864484
commissioning	1864475
neville	1864220
experimentation	1864076
saltwater	1863665
cpi	1863331
endeavour	1863290
haute	1863024
herring	1862420
nis	1862128
unfamiliar	1861916
wacky	1861879
expectancy	1861732
deterioration	1861517
proclaimed	1860861
arid	1860825
anemia	1860823
biting	1860757
coincidence	1860675
idiots	1860426
mona	1860383
muddy	1860188
savanna	1859935
cid	1859604
neighbour	1858872
mmf	1858564
raspberry	1858023
cancellations	1858014
paging	1857998
coe	1857824
nudists	1857610
illusions	1857577
fac	1857488
spikes	1857418
enumeration	1856507
keeling	1856424
accesses	1856313
permissible	1856048
yielded	1855674
nuisance	1855512
jive	1855302
siam	1855271
latent	1855269
marcia	1854936
drowning	1854793
casper	1854429
spun	1854414
shalt	1854326
ric	1854210
loch	1853882
commanding	1853782
sparrow	1853517
poorest	1853484
hector	1853371
datasets	1853293
nicotine	1853123
comeback	1852950
brotherhood	1852927
milling	1852420
sinking	1852249
sulphur	1852248
curricular	1852200
downtime	1852159
takeover	1852114
wicker	1851813
balm	1851587
thessalonians	1851255
figs	1851210
nephew	1851122
confess	1851099
chit	1850962
chaotic	1850672
lays	1850526
principally	1850427
visor	1850201
transistor	1850114
jarvis	1849756
drip	1849747
traced	1849483
outright	1849385
melodies	1849058
spotting	1849039
myriad	1848958
stains	1848917
sandal	1848638
rubbing	1848582
naive	1848489
skeptical	1848184
wagering	1848032
remembrance	1847909
detects	1847551
everest	1846997
disregard	1846860
hanger	1846538
dragged	1846171
foreman	1845679
allegiance	1845566
hires	1845244
conduit	1845238
dependable	1845100
mainframe	1845011
echoes	1844974
compilers	1844894
ladders	1844710
prudent	1844703
glowing	1844686
guinness	1844432
heartbeat	1844397
blazer	1843932
alchemy	1843900
linden	1843791
tanya	1843045
geographically	1842958
alternating	1842467
tristan	1842365
audible	1842341
folio	1842202
presiding	1841676
mans	1841660
colleen	1841565
participates	1841017
waterways	1840825
syndicated	1840789
lexicon	1840672
aff	1840279
fractures	1840184
apprenticeship	1840066
childbirth	1840004
dumped	1839893
integers	1839860
zirconia	1839687
barre	1839524
shortages	1839326
plumbers	1839191
rama	1839130
johannes	1838975
fiery	1838655
convex	1838604
richer	1838539
mop	1838160
urn	1838000
soleil	1837747
surfer	1837185
diapers	1837022
waco	1836775
physiol	1836518
adp	1836423
biscuits	1835888
disclaims	1835501
sich	1835040
outbound	1834727
breakout	1834521
restless	1834422
unanswered	1833886
paired	1833851
fakes	1833800
vaults	1833132
injections	1832851
remortgage	1832346
yogurt	1832002
complies	1831945
tossed	1831899
caucus	1831830
polytechnic	1830938
pillars	1830785
katy	1830780
overwhelmed	1830158
salute	1829803
shoppe	1829764
parody	1829413
penthouse	1828709
compensated	1828676
lacked	1828230
circulated	1828203
pistons	1827651
emule	1826567
maltese	1826513
acorn	1825652
bosses	1825578
pint	1825570
ascension	1825408
ply	1824830
mornings	1824695
cation	1824071
mentioning	1823902
scientology	1823503
flagstaff	1823335
maxi	1823007
pretoria	1822838
thrive	1822797
feminism	1822628
rightly	1822243
paragon	1822146
basal	1821739
turnout	1821165
bruins	1821057
persist	1821030
indispensable	1820574
clamps	1820337
illicit	1820204
firefly	1820064
liar	1819814
tabletop	1819329
pledged	1818974
monoclonal	1818772
pictorial	1818744
curling	1818738
ares	1818295
wholesaler	1818207
smoky	1818184
opus	1818130
aromatic	1817946
flirt	1817719
slang	1817718
emporium	1817716
princes	1817704
restricting	1817556
partnering	1817437
promoters	1817398
soothing	1817294
freshmen	1817045
mage	1816965
departed	1816797
sqrt	1816723
aristotle	1816527
israelis	1816120
finch	1816047
inherently	1815659
krishna	1815520
forefront	1815372
headlights	1815300
monophonic	1814578
largo	1814464
amazingly	1814293
plural	1814292
dominic	1814040
sergio	1813840
swapping	1813821
skipped	1813764
hereinafter	1813712
extracting	1813039
analogous	1812873
mev	1812780
hebrews	1812634
particulate	1812618
tally	1812605
unpleasant	1812541
tempted	1812384
bedfordshire	1812325
blindness	1812018
creep	1811981
staining	1811623
nist	1811393
shaded	1811288
cot	1811236
plaster	1811197
novo	1811148
negotiable	1810941
subcategories	1810920
hearted	1810871
quarterback	1810794
obstruction	1810593
agility	1810572
complying	1810426
otis	1809809
overture	1809751
newcomers	1809712
hectares	1809579
upscale	1809380
scrabble	1809087
noteworthy	1809005
agile	1808955
sacks	1808394
kiosk	1808146
ionic	1808092
stray	1807545
runaway	1807276
slowing	1807065
hoodie	1806748
payout	1806070
clinically	1805895
watchers	1805728
supplemented	1805290
poppy	1805254
monmouth	1805141
obligated	1805015
frenzy	1804848
decoding	1804831
jargon	1804602
kangaroo	1804285
sleeper	1804207
elemental	1804206
presenters	1804092
teal	1803669
unnamed	1803582
particulars	1803128
jerking	1802926
bungalow	1802670
bazaar	1802544
esd	1802539
interconnect	1802363
predicate	1802317
recurrence	1802249
chinatown	1802100
mindless	1802081
purifier	1802054
recruits	1801916
sharper	1801890
tablespoons	1801389
greedy	1801104
supervise	1799608
termed	1798864
frauen	1798839
suppl	1798700
stamping	1798269
coolest	1798263
downing	1797688
basque	1797455
societal	1797259
ire	1797064
halogen	1797038
pegasus	1796881
silhouette	1796610
tuesdays	1796297
dorado	1796206
daring	1796196
realms	1796195
maestro	1796104
gus	1795932
forte	1795408
coaxial	1795390
tipping	1795369
holster	1794771
fiddle	1794725
crunch	1794603
leipzig	1794559
bard	1793654
arabidopsis	1793532
reap	1793273
hanoi	1792996
ccm	1792700
faucets	1792254
ballistic	1792214
exemplary	1791669
caliber	1791378
apostle	1790768
playful	1790754
supermarkets	1790671
icelandic	1790600
multiplied	1790425
enchanted	1789839
belgrade	1789716
styled	1789390
commanders	1789190
thor	1789033
waive	1789027
contraception	1788872
polaroid	1788581
vance	1788288
soprano	1788265
polishing	1788195
marquis	1788011
underage	1787414
wen	1787310
translating	1787091
frontiers	1785820
timeshares	1785716
logger	1784581
adjoining	1784248
greet	1784219
acclaim	1784066
oki	1783673
birding	1783424
hardship	1782871
detainees	1782662
hast	1782598
lymph	1781845
pollutant	1781371
closeouts	1781209
miriam	1780742
cavaliers	1780571
rollers	1780553
pumped	1780464
differentiated	1780282
verifying	1780073
almighty	1780004
weekday	1779661
homecoming	1779345
increments	1779202
kurdish	1779184
vel	1779042
intuition	1778931
revoked	1778921
openness	1778779
chromium	1778657
circulating	1778611
bryce	1778157
latch	1777882
verbs	1777489
drank	1777243
pcm	1776396
confrontation	1776377
shreveport	1776343
grower	1776182
frederic	1775949
slippery	1775430
unpredictable	1775357
galerie	1775320
dtd	1774926
capacitor	1774424
outpost	1774045
litres	1773654
moroccan	1773599
seville	1773594
mira	1773387
chatter	1773184
santo	1772980
lettuce	1772273
raging	1772182
tidy	1771735
motorized	1771577
jong	1771554
subgroup	1771255
oppression	1770635
vets	1770054
bows	1769864
yielding	1769641
assays	1769636
torso	1769562
occult	1769403
expeditions	1769110
ramon	1768774
longhorn	1768593
lorenzo	1768575
beau	1768520
backdrop	1768258
subordinate	1768208
lilies	1768158
aerobic	1768075
articulate	1767860
ecstasy	1767792
sweetheart	1767766
fulfil	1767616
calcutta	1767575
thursdays	1767458
dansk	1767344
mediator	1766824
dunlop	1766729
tad	1766251
modernization	1766223
cultivated	1766032
rang	1766026
disconnected	1765840
consulate	1765795
fourier	1765463
businessman	1765391
lucent	1765258
commuter	1764943
orthopedic	1764724
disagreement	1764697
strands	1764600
tyrosine	1764516
sicily	1764441
compost	1764308
adjourned	1764045
familiarity	1764032
initiating	1763456
erroneous	1763330
grabs	1763328
marlin	1762749
pulses	1762742
theses	1762669
stuffing	1762615
casserole	1762455
canoeing	1762167
jeux	1761780
wilton	1761710
ophthalmology	1761676
flooded	1761295
clubhouse	1760597
reverted	1760512
crackers	1760293
greyhound	1760066
corsair	1759975
ironic	1759846
licensees	1759775
wards	1759766
unsupported	1759017
evaluates	1758929
hinge	1758893
ultima	1758712
cockpit	1758707
protesters	1758662
venetian	1758092
sew	1756454
carrots	1756446
faire	1756290
laps	1756224
memorials	1755971
resumed	1755501
conversely	1755210
emory	1755002
stunt	1754828
maven	1754819
excuses	1754800
commute	1754751
staged	1754695
vitae	1754634
transgender	1754481
hustle	1754467
stimuli	1754387
customizing	1754227
subroutine	1754112
upwards	1754032
witty	1753886
pong	1753774
transcend	1753712
loosely	1753674
anchors	1753405
hun	1753259
hertz	1752925
atheist	1752346
capped	1752030
bridgewater	1751832
firefighter	1751763
liking	1751628
preacher	1751402
propulsion	1751147
complied	1750883
intangible	1750721
compassionate	1750131
catastrophic	1750033
blower	1749788
substitutes	1749749
flown	1749635
frau	1749573
dubbed	1749520
silky	1749406
groovy	1748998
vows	1748880
reusable	1748844
actuarial	1748598
distorted	1748105
nathaniel	1747996
attracts	1747958
bern	1747705
qualifies	1747672
grizzly	1747623
micah	1747263
erectile	1747215
timeliness	1747177
obstetrics	1746612
chaired	1746595
repay	1746487
hurting	1746307
homicide	1746195
prognosis	1746165
colombian	1745653
pandemic	1745601
await	1745587
fob	1745293
sparse	1745258
corridors	1745227
fossils	1744549
victories	1744497
chemically	1744343
fetus	1744267
determinants	1744062
compliments	1743968
durango	1743916
cider	1743446
noncommercial	1743444
crooked	1743363
gangs	1743105
segregation	1743058
superannuation	1742899
nemo	1742847
ifs	1742322
overcast	1742067
inverted	1742040
lenny	1742017
achieves	1741941
documentaries	1741319
remake	1741098
braille	1740909
forehead	1740391
physiopathology	1739318
skye	1739279
pax	1739062
taj	1738911
percy	1738888
scratches	1738691
lilac	1738684
sinus	1738565
maverick	1738027
intellect	1737519
charmed	1737442
harman	1737285
hears	1737280
wilhelm	1737190
nationalism	1737083
pervasive	1736906
enfield	1736186
anabolic	1735977
clears	1735009
videotape	1734836
educ	1734734
knowingly	1734666
pivot	1734444
amplification	1734413
huron	1733830
snippets	1733408
undergraduates	1733291
digestion	1733208
dustin	1733142
mixtures	1732860
composites	1732843
soaring	1732233
dragging	1732154
virtues	1732053
banning	1732027
flushing	1731756
deprivation	1731701
cpt	1731671
delights	1731523
foreword	1731359
glide	1731344
transverse	1731260
pathogens	1730567
engagements	1730526
withstand	1730101
authorizes	1729873
blooms	1729847
soar	1729736
jacking	1729337
uniformly	1728904
ooh	1728850
subsections	1728616
bod	1728526
piedmont	1728241
yin	1727888
tiki	1727671
empowered	1727631
lena	1727154
outlying	1727104
slogan	1726936
subdivisions	1726852
handouts	1726843
deducted	1726646
ezekiel	1726351
totaling	1726051
elijah	1725901
cpm	1725820
marvelous	1725819
bop	1725693
stretches	1725140
vigorous	1725085
biloxi	1724937
flee	1724638
biscuit	1724569
creme	1724183
submits	1724029
woes	1723747
waltz	1723021
menace	1722950
emerges	1722457
classify	1722440
downstairs	1722288
statesman	1722161
cheerful	1722018
blush	1722003
leaflet	1721894
monde	1721758
weymouth	1721736
spherical	1721397
intracellular	1721340
favourable	1721108
informs	1720738
dramas	1720511
cher	1720213
geisha	1720071
billiard	1719723
briefcase	1719457
malay	1719249
unseen	1719077
optimism	1718844
cq	1718834
silica	1718742
modal	1718570
unusually	1718464
addendum	1718292
widest	1718229
impotence	1718043
medley	1717954
cadet	1717624
redskins	1717572
kirsten	1717505
temper	1717493
yorker	1717469
gam	1717331
intravenous	1717195
asserts	1716692
loren	1716418
stew	1716385
hereafter	1716113
retiring	1715699
smashing	1715544
yakima	1715530
accumulate	1715457
tahiti	1715144
tracey	1714883
wac	1714863
mariner	1714677
collier	1714633
hush	1714301
fragmentation	1713949
behavioural	1713933
kiev	1713686
paranormal	1713648
whispered	1713415
generosity	1713113
vibrating	1712978
glossaries	1712886
lama	1712723
artisan	1712683
akin	1712538
raphael	1712533
dex	1712379
lola	1712288
embarrassing	1712216
carbohydrates	1711985
aqueous	1711766
pembroke	1711698
appetizers	1711415
stockholders	1711352
splinter	1710719
preferable	1710276
juices	1709952
ironically	1709792
morale	1709786
morales	1709780
solder	1709674
trench	1709629
persuasion	1709135
hottie	1709052
stripper	1709042
practise	1708987
pfc	1708862
adrenaline	1708838
mammalian	1708141
opted	1708067
lodged	1707662
revolt	1707658
meteorology	1707620
analyzes	1707607
renders	1707602
pioneering	1707231
pristine	1707017
shines	1706909
catalan	1706666
spreadsheets	1706515
regain	1706471
resize	1706367
auditory	1706299
applause	1705835
medically	1705796
tweak	1705761
trait	1705417
popped	1705400
busted	1704787
basins	1704483
farmhouse	1704037
pounding	1703575
picturesque	1703451
ottoman	1703262
graders	1703102
eater	1702828
tuners	1702332
utopia	1702159
slider	1702058
insists	1702056
lettering	1701761
dads	1701718
pouring	1701428
hays	1700861
cyrus	1700817
concentrating	1700803
soak	1700767
courtroom	1700697
hides	1700672
manure	1700070
savior	1699881
dade	1699637
secrecy	1699243
wesleyan	1698794
baht	1698791
duplicated	1698585
dreamed	1698003
relocating	1697908
fertile	1697599
hinges	1697406
plausible	1697354
creepy	1697316
filthy	1697059
subchapter	1697052
narrator	1696653
optimizations	1696643
augustus	1695808
fahrenheit	1695334
hillside	1695300
standpoint	1695193
layup	1695143
laundering	1695135
nationalist	1694902
piazza	1694892
denoted	1694637
nazis	1694605
oneself	1694392
royalties	1694261
piles	1694029
abbreviation	1693819
vaginas	1693739
blanco	1693499
critiques	1693193
stroll	1693118
anomaly	1693007
thighs	1692954
boa	1692885
expressive	1692880
infect	1692791
bezel	1692595
avatars	1692560
pers	1692509
dotted	1692315
frontal	1692246
havoc	1692191
ubiquitous	1692121
arsenic	1691840
synonym	1691819
facilitation	1691730
voc	1690816
yer	1690747
doomed	1690352
francs	1689190
ballad	1689145
sling	1688770
contraction	1688692
devised	1688301
explorers	1687938
billie	1687815
undercover	1687786
substrates	1687769
joystick	1687753
ravens	1686982
underline	1686466
obscene	1686451
uptime	1686290
mes	1685857
hymn	1685394
continual	1685246
nuclei	1685159
tummy	1685130
axial	1685087
slowed	1684926
aladdin	1684894
tolerated	1684559
quay	1684371
outing	1684303
instruct	1684125
topographic	1683986
overhaul	1683953
majordomo	1683560
peruvian	1683521
indemnity	1683423
lev	1683199
imaginative	1682880
weir	1682833
wednesdays	1682709
burgers	1682693
remarked	1682432
portrayed	1682197
clarendon	1681717
campers	1681690
phenotype	1681518
countrywide	1681124
ferris	1680944
julio	1680926
affirm	1680655
spelled	1680303
epoch	1680235
mourning	1679985
resistor	1679980
aft	1679356
bhd	1679217
plaid	1679093
audubon	1678873
fable	1678751
rescued	1678575
snowmobile	1678313
exploded	1678214
publ	1678067
padres	1677708
scars	1677547
whisky	1677493
uptown	1677197
susie	1677048
subparagraph	1676885
batter	1676822
weighting	1676674
rectal	1676607
vivian	1676549
nuggets	1676486
silently	1676469
pesos	1676404
shakes	1676341
dram	1676257
impartial	1676218
hershey	1676137
embryos	1675714
punctuation	1675694
initials	1675671
spans	1675632
pallet	1675416
pistols	1675315
mara	1674798
garages	1674739
sds	1674693
tanner	1674597
avenues	1674437
urology	1674293
dun	1673771
aforementioned	1673653
tackling	1673414
obese	1673406
compress	1673026
apostles	1673003
sober	1672710
collaborations	1672642
tread	1672572
legitimacy	1672389
zoology	1672374
steals	1671902
unwilling	1671798
lis	1671786
isolates	1671719
velcro	1670690
worksheets	1670687
wigan	1670281
abba	1670093
orig	1669655
paddy	1668962
huskies	1668798
frey	1668686
plunge	1668493
pearce	1668218
sinister	1667276
burr	1666923
arteries	1666760
chaser	1666136
formations	1665874
vantage	1665533
texans	1665443
diffuse	1665383
boredom	1665375
norma	1665222
crosse	1665028
overdrive	1664969
mondo	1664921
phosphorylation	1664605
helpless	1664525
depletion	1664362
neonatal	1664249
qr	1663773
flatbed	1663079
spades	1663068
slug	1662960
visionary	1662608
coffin	1662468
otter	1662335
golfers	1662265
lira	1662242
navajo	1662201
earns	1661937
amplified	1661309
recess	1661246
dispersed	1661192
technics	1661003
shouted	1660857
clippers	1660416
shilling	1660040
resemble	1659654
spirited	1659614
gv	1659511
carbonate	1659355
mimi	1659350
discriminate	1659114
stared	1658945
recharge	1658759
crocodile	1658300
sassy	1657970
ratification	1657571
ribosomal	1657412
vases	1657182
transnational	1656943
advises	1656922
sind	1656706
coward	1656677
paralegal	1656554
spokesperson	1656553
teamed	1656266
preset	1656205
inequalities	1656200
garde	1655823
nox	1655793
jams	1655641
pancreatic	1655615
tran	1655487
manicures	1655210
dyes	1654912
viz	1654193
turbulence	1654172
yell	1654034
fins	1653999
underwriting	1652694
dresser	1652504
rake	1652408
ornamental	1651866
riches	1651697
resign	1651672
millenium	1651652
collectable	1651566
stephan	1651479
aries	1651320
ramps	1651245
tackles	1651206
injunction	1651173
intervene	1650973
poised	1650755
barking	1650384
josephine	1650169
dread	1649823
dag	1649705
catchment	1649610
tactic	1649523
ess	1649372
partitioning	1649370
acct	1649312
handwriting	1649048
serpent	1648778
tapped	1648690
articulated	1648485
pitched	1648460
parentheses	1648298
contextual	1648180
wisely	1647283
accustomed	1647188
steaks	1646745
playhouse	1646694
superficial	1646666
toxins	1646568
suns	1646060
casts	1645690
bunk	1645649
cryptography	1645630
stab	1645553
sanction	1645521
dyer	1645507
effected	1645475
signalling	1645433
tubular	1645135
moi	1644951
ode	1644895
scorpio	1644846
avoids	1644683
richter	1643979
emp	1643968
ultrasonic	1643762
evidenced	1643586
heinz	1643518
argos	1643473
dit	1643411
larvae	1643319
dyke	1643250
intergovernmental	1643136
paranoid	1642722
kernels	1642563
mobilization	1642231
dino	1642153
amt	1642018
snorkeling	1641053
chilean	1640779
qualifier	1640552
manipulated	1640498
alleviate	1640342
fungal	1640076
ligand	1640021
seam	1639943
riddle	1639366
coastline	1639278
comedies	1638987
fainter	1638739
omit	1638380
respectful	1638205
flamingo	1638181
cabaret	1638162
deformation	1637818
orf	1637492
recession	1637070
assembler	1636918
awaited	1636799
renovations	1636788
nozzle	1636320
externally	1636144
needy	1636137
broadcasters	1635981
employability	1635488
wheeled	1635339
booksellers	1635125
noodles	1635016
darn	1634807
diners	1634176
greeks	1634087
retardation	1633781
supervising	1633723
freeport	1633516
corning	1633459
prov	1633255
reich	1633237
armored	1633124
weary	1632945
solitary	1632552
moo	1631972
photographed	1631912
tweed	1631867
snowy	1631719
pianist	1631518
emmanuel	1630708
acapulco	1630701
surrounds	1630581
knocking	1630521
cosmopolitan	1630506
magistrate	1630373
everlasting	1630054
pigment	1629945
faction	1629665
argentine	1628903
endocrine	1628780
scandinavia	1628695
minnie	1628627
resp	1627990
genie	1627726
ammo	1627385
chars	1627316
linn	1627255
rulings	1626664
handel	1626082
geophysics	1625942
microscopic	1625493
clarified	1625482
coherence	1625467
slater	1625418
broccoli	1625392
oakwood	1625162
sensations	1624802
orphan	1624738
conferred	1624719
disturbances	1624387
chandelier	1624310
linker	1624265
embryonic	1624255
carver	1623528
graceful	1622934
synchronized	1622900
intercept	1622820
shellfish	1622561
shouts	1622397
ascertain	1622362
veto	1621850
trajectory	1621591
epsilon	1621534
exhaustive	1621192
annoyed	1620937
bureaucracy	1620932
astrophysics	1620767
stalls	1620379
fined	1620321
bien	1620307
hansard	1620240
inward	1620214
reflector	1620203
greeted	1620123
lai	1620043
defenses	1619699
meaningless	1619312
authorisation	1619249
clam	1619041
vampires	1618754
relocate	1618749
nerd	1618569
hes	1618232
negligible	1617964
starch	1617686
melinda	1617518
godfather	1617454
apron	1617357
glazing	1617235
guts	1617220
ros	1617065
pragmatic	1616640
tyranny	1616527
provisioning	1616424
warehouses	1616363
regimen	1615927
axel	1615778
expandable	1615574
antony	1615554
fluffy	1614981
marianne	1614854
slender	1614730
hereford	1614622
bender	1614611
reliably	1614581
aides	1614522
forma	1614466
fas	1614215
absorbing	1613367
cherries	1613245
gaelic	1613146
alec	1613007
distinguishing	1612685
multidisciplinary	1612652
ventricular	1612393
glazed	1612347
dashed	1611726
petersen	1611576
libyan	1611446
distressed	1611230
bans	1611048
shouting	1610846
pta	1610659
poy	1610489
mao	1610486
bullock	1610451
villagers	1610143
transferable	1609980
yummy	1609762
acknowledgments	1609662
ethiopian	1609503
momma	1609120
mermaid	1609095
buds	1608970
concordance	1608773
sexes	1608110
wilder	1607947
sire	1607933
centred	1607604
confinement	1607573
islanders	1607540
ding	1607311
uncover	1607309
contested	1607211
coma	1607183
husky	1606901
conserve	1606807
bland	1606490
electrodes	1606426
abatement	1606065
yup	1605889
originator	1605760
ching	1605671
whipping	1605514
skipping	1605494
melanoma	1605480
thug	1604910
routed	1604615
rudolph	1604547
abigail	1604495
missionaries	1604411
yugoslav	1604248
householder	1603467
plotting	1603097
yan	1602598
succeeding	1602365
shaver	1602119
grammy	1602115
elmer	1601986
fibrosis	1601917
sails	1601569
hummingbird	1601201
overlook	1601141
ported	1600981
robes	1600721
sham	1600637
fungus	1600543
astonishing	1600443
polyethylene	1600441
graveyard	1600393
chunks	1600392
bourne	1600189
revert	1600125
ignores	1599932
parametric	1599852
popping	1599836
captains	1599805
loaf	1599779
awarding	1599577
pandora	1598918
flatware	1598636
skid	1598538
eyeglasses	1598397
polaris	1598232
stad	1598154
formulations	1598134
abel	1597985
enigma	1597665
glands	1597505
parenthood	1597338
militant	1596979
latinos	1596708
artworks	1596687
jug	1596524
inferno	1596428
allegheny	1595875
arenas	1595857
torrents	1595707
compressors	1595673
outset	1595557
confuse	1595533
yvonne	1595484
attaching	1595347
adept	1595303
lounges	1595240
doubtful	1595099
consultative	1594458
ratified	1594263
insecure	1593854
explosions	1593698
lst	1593082
ais	1593010
conveyor	1592655
normative	1592501
trunks	1592472
gareth	1592256
surg	1592244
longtime	1592041
versatility	1591891
mckay	1591040
fem	1590900
intricate	1590775
strata	1590600
solver	1590469
ani	1590450
solvents	1590391
depository	1590375
hubert	1590361
proclamation	1590224
beauties	1590126
hybrids	1589976
kudos	1589906
gillian	1589767
darrell	1589607
creams	1589183
irrespective	1589154
handbooks	1588969
imposition	1588551
shawnee	1588383
ensured	1588066
kidnapped	1587915
sai	1587821
cereals	1587782
outrage	1587325
poop	1587193
scrubs	1587097
orchestral	1587007
artifact	1586626
qs	1586259
veterinarian	1585882
dripping	1585865
krona	1585436
afterward	1585402
disseminate	1585078
devote	1585046
facets	1585021
frightened	1584949
noises	1584814
ambiguity	1584695
booths	1584453
discourage	1584422
elusive	1584397
speculative	1584294
puget	1584283
madeira	1584124
coasters	1584062
intimacy	1583608
geologic	1583318
hallway	1582743
whey	1582597
ripping	1582529
endocrinology	1582526
replicas	1582449
polygon	1582268
mcg	1582176
hob	1582154
reloaded	1582037
ester	1581770
servo	1581719
riparian	1581501
thriving	1581303
hampers	1581237
gracious	1580782
guelph	1580713
tenuate	1580670
snail	1580640
curator	1580529
curt	1580485
jaime	1580471
demise	1580466
theoretically	1580262
grooves	1580123
sutra	1580071
mower	1579636
conveyed	1579407
swine	1578713
faxing	1578666
typographical	1578094
ado	1577461
trophies	1577448
quicken	1577333
stressful	1576993
heron	1576813
graft	1576259
neg	1576110
moth	1575719
crossings	1575678
derrick	1575574
mash	1575231
handspring	1575000
germ	1574711
envoy	1574245
pug	1573807
aquarius	1573734
resembles	1573324
stencil	1573182
doorway	1573175
grandson	1572610
tat	1572566
catalina	1572280
redding	1572221
accompaniment	1572132
redirection	1572132
derivation	1572113
showcases	1571980
warden	1571954
tug	1571859
refinery	1570958
margarita	1570778
clans	1570521
instituted	1570486
notary	1570481
abort	1569892
indent	1569632
sociological	1569545
removals	1569412
offending	1569179
forgetting	1569161
macedonian	1568882
accelerating	1568747
guesthouse	1568387
reservoirs	1568325
barlow	1568078
tyrone	1568048
edged	1568009
bz	1567991
insiders	1567972
encompass	1567719
duvet	1567578
spade	1567565
hermes	1567382
glare	1567097
metaphysical	1566885
decode	1566785
looney	1566768
insignificant	1566578
exchanging	1566510
pledges	1565915
mentality	1565457
turbulent	1565195
mts	1564993
jewelers	1564984
pip	1564790
pup	1564770
juneau	1564732
dilution	1564616
fortunes	1564213
sultan	1564160
masked	1564129
casing	1563984
veterinarians	1563930
plotted	1563400
colourful	1563266
grids	1562935
sightings	1562930
spacer	1562582
microprocessor	1562364
claiborne	1561918
generously	1561858
spills	1561773
assistive	1561563
amounted	1561483
chronograph	1561111
refunded	1560964
icy	1560875
repression	1560857
reaper	1560609
honoring	1560520
facto	1560335
embracing	1560166
climatic	1559502
minimise	1559484
broaden	1559424
salinity	1559333
begging	1559218
specialising	1559090
handout	1558920
sui	1558304
freddy	1558215
bushes	1558141
contend	1558005
haiku	1557648
restraints	1557441
paisley	1557028
cutoff	1556770
truncated	1556768
gibbons	1556714
nitric	1556649
visuals	1556628
breads	1556548
seg	1556532
atop	1556394
glover	1556346
railroads	1555995
unicorn	1555934
normandy	1555892
floats	1555518
headlight	1555481
kemp	1555393
justices	1555220
orderly	1555095
sla	1554815
wafer	1554217
clinicians	1554198
puck	1553945
entertainers	1553828
blockers	1553747
stash	1553737
roofs	1553687
reefs	1553553
jamaican	1553520
hover	1553261
endogenous	1553194
quarantine	1553168
narcotics	1552907
detrimental	1552843
oceanfront	1552758
molds	1552621
elias	1552410
flange	1552260
subsistence	1552081
chilled	1551811
foe	1551784
citadel	1551634
topography	1551402
leaflets	1551366
romero	1551270
wrinkle	1551149
contemplated	1551104
predefined	1550681
adolescence	1550535
nun	1550442
harmon	1550285
indulge	1550268
hearth	1549883
edna	1549523
embarrassed	1549509
aggressively	1549351
melodic	1549236
coincide	1548922
endorsements	1548038
genoa	1548016
enlightened	1547532
viscosity	1547408
clippings	1547267
radicals	1546947
bengals	1546736
estimator	1546672
concurrently	1546489
penetrate	1546460
stride	1546387
catastrophe	1546227
leafs	1545582
greatness	1545552
electrician	1545500
archie	1545155
parasites	1544973
bleach	1544694
entertained	1544676
inventors	1543847
unauthorised	1543425
ferret	1543424
louisa	1543294
agony	1543205
wolverine	1542951
marseille	1542837
taller	1542678
doubling	1542664
stupidity	1542655
moor	1542580
individualized	1542512
enrich	1542232
foreground	1541989
revelations	1541983
replying	1541973
raffle	1541879
shredder	1541718
incapable	1541556
parte	1541532
acknowledgment	1541230
embedding	1541093
hydrology	1541011
mascot	1540949
lube	1540706
launcher	1540699
mech	1540606
labyrinth	1540575
africans	1540301
sway	1540207
primers	1539508
undergone	1539398
lacey	1539328
preach	1539268
triangular	1538792
disabling	1538700
cones	1538688
lupus	1538621
inversion	1538266
thankfully	1538033
oy	1537880
taxed	1537786
presumption	1537386
excitation	1537381
salesman	1537227
constantine	1537093
confederation	1536984
petals	1536666
gator	1536519
imprisoned	1536490
heller	1535624
dishwashers	1535552
walla	1535192
remixes	1535030
replicate	1534588
taped	1534342
docks	1534076
biometric	1533923
landowners	1533757
incubation	1533624
aggregates	1533450
wrangler	1533415
juno	1532810
deux	1532778
defiance	1532737
asymmetric	1532639
bully	1532418
cytochrome	1532268
valiant	1532221
constructions	1532063
youngsters	1531841
sps	1531716
toad	1531662
shure	1531591
breasted	1531413
banging	1531392
vertigo	1531090
unsatisfactory	1530984
fluent	1530869
rhyme	1530733
donating	1530273
giveaway	1530090
renter	1529377
eros	1529044
patel	1528841
mcintosh	1528560
suffice	1528469
nightclubs	1528451
barrington	1528410
caterers	1528136
capacitors	1527792
convened	1527545
accusations	1527028
debated	1526868
itineraries	1526597
stallion	1526497
reagents	1526408
walkers	1526057
equipments	1525907
necessities	1525898
weekdays	1525737
camelot	1525571
computations	1525533
wineries	1525510
booker	1525480
deserted	1525106
diversification	1524994
xyz	1524657
keepers	1524631
antioxidant	1524520
logically	1523845
caravans	1523818
oranges	1523633
bum	1523602
olga	1523371
semesters	1523286
contends	1522978
snort	1522943
occupants	1522882
storyline	1522878
streamlined	1522734
analysing	1522577
airway	1522558
iconv	1522476
vim	1522278
commas	1521986
vicky	1521949
luminous	1521841
ssp	1521575
submitter	1521555
unparalleled	1521531
anyhow	1521509
waterfalls	1521358
obtains	1521339
antwerp	1521246
hardened	1520707
primal	1520572
straits	1520307
upheld	1520200
manifestation	1520142
wir	1520137
malt	1520084
subsets	1520074
blazers	1519924
triad	1519533
fitch	1518593
charting	1518351
fixation	1518138
endowed	1517872
alamos	1517447
cameo	1517437
attire	1517340
blaine	1516978
leach	1516929
gravitational	1516658
typewriter	1516482
cyrillic	1516306
pomona	1516249
goddard	1516197
designee	1516146
fanny	1516099
sunni	1516089
plagiarism	1515932
milky	1515925
combs	1515329
monoxide	1515230
upland	1515055
outage	1514405
unconstitutional	1514294
chunky	1514128
adopts	1514082
raptor	1513893
ima	1513442
coulter	1513376
macao	1512986
mtn	1512743
snaps	1512455
defends	1512358
depicts	1512323
pbx	1512302
pilgrimage	1512182
quantify	1512122
elevators	1512024
substitutions	1511821
galleria	1511593
inv	1511462
booklets	1511249
gluten	1510870
narrowed	1510821
spanked	1510290
orthopaedic	1510178
eighteenth	1509937
hurst	1509915
inscription	1509871
ascent	1509864
obispo	1509863
turbines	1509425
notepad	1508900
pisa	1508743
tedious	1508727
pods	1508594
universally	1508293
crappy	1508129
golfer	1508058
receivables	1507083
chewing	1507050
accommodated	1506562
tendencies	1506469
rowland	1506408
welded	1505853
conforms	1505656
cirque	1505418
marxism	1505010
reggie	1504876
diffraction	1504807
aha	1504696
outlining	1504562
subtract	1504291
bosnian	1504285
refreshments	1503788
depict	1503760
coils	1503707
callers	1503661
hydration	1503550
havent	1503150
preferential	1503135
navel	1503077
arbitrator	1503052
interns	1502965
quotas	1502658
prolific	1502628
nurseries	1502618
methodological	1502334
gettysburg	1502113
footsteps	1501774
indefinitely	1501553
sucker	1501371
bumps	1501221
bikinis	1501192
frightening	1501182
wildly	1501136
sable	1501050
retarded	1500950
addicts	1500797
epithelial	1500752
drastically	1500749
neatly	1500725
singleton	1500424
spaniel	1500052
worthless	1499925
git	1499593
spool	1499516
matchmaking	1499003
dict	1498809
jeopardy	1498553
descriptors	1498536
rovers	1498515
voiced	1498292
aeronautics	1498200
radiography	1498196
norsk	1498173
annoy	1497815
clap	1497714
aspiring	1497326
refereed	1497174
dazzling	1497109
cornelius	1496992
scientifically	1496742
grandpa	1496650
cornish	1496564
guessed	1496547
kennels	1496215
sera	1496043
toxin	1495922
axiom	1495473
stamina	1495462
hardness	1495434
abound	1494791
curing	1494526
socrates	1494423
aztec	1494241
confer	1494223
vents	1493908
mater	1493901
oneida	1493805
filmmaker	1493747
crowned	1493663
sandstone	1493641
adapting	1493600
grounding	1493410
fiduciary	1493249
cranes	1493208
rooster	1493153
bayesian	1493135
saccharomyces	1493077
proctor	1492965
prehistoric	1492829
humps	1492758
balkans	1492755
osi	1492702
dictate	1492381
joker	1492319
romantics	1492239
trimmer	1492133
bookkeeping	1492064
hikes	1491709
kickoff	1491629
wiped	1491628
contours	1490989
abdomen	1490684
tudor	1490389
fractal	1490337
paws	1490242
mtg	1490213
villains	1490210
poke	1490170
prayed	1490059
inefficient	1490006
heirs	1489908
parasite	1489862
twill	1489583
therapeutics	1489353
shortcomings	1489316
cures	1489176
disruptive	1488954
kicker	1488808
protease	1488691
concentrates	1488683
preclude	1488523
fasting	1488012
duffy	1487687
loudly	1487472
racers	1487449
horseshoe	1487445
zeus	1487171
constellation	1487144
recital	1487036
pairing	1486812
utrecht	1486742
freud	1486467
bedtime	1486429
thinkers	1486220
hume	1485786
reminiscent	1485658
rapport	1485476
ephesians	1485036
catfish	1485016
dope	1485011
doubletree	1484992
brink	1484879
truss	1484384
kiln	1484251
anthologies	1484212
retirees	1484015
peaches	1483832
depressing	1483701
btu	1483619
investigates	1483596
strangely	1483377
narratives	1482906
sud	1482894
skipper	1482870
drains	1482766
anonymity	1482647
gotham	1482536
maxima	1482496
unification	1482459
sous	1481941
pinot	1481847
responsiveness	1481807
testimonial	1481582
khaki	1481504
gazetteer	1481445
distributes	1481334
jacobson	1481272
navigating	1481130
homology	1480388
slough	1480201
prodigy	1480016
embossed	1480003
mould	1479845
jock	1479745
psychedelic	1479060
blasts	1479035
gyn	1478793
rhinestone	1478557
poorer	1478500
dyed	1478243
quadratic	1478159
dissatisfied	1477991
philharmonic	1477989
dynamical	1477917
cantonese	1477895
shakers	1477675
bourbon	1477640
staggering	1477324
bismarck	1477177
hoe	1477042
rubbed	1476964
wasp	1476640
inhibited	1476480
bookseller	1476151
lexical	1475986
abilene	1475478
fuss	1475395
muir	1475331
uterus	1475031
swat	1474739
trashy	1474429
chimes	1474244
expended	1473940
webber	1473773
aggregated	1473210
zn	1473198
strategically	1473002
pico	1472515
exhibiting	1472106
gimme	1471759
deputies	1471758
emergent	1471526
erika	1471358
authenticate	1471179
aligning	1471019
nee	1470805
beaufort	1470562
nautilus	1470549
radically	1470365
terminating	1470085
platter	1470060
umm	1468963
chamberlain	1468782
steamboat	1468483
brewster	1468464
inferred	1468285
shaman	1468264
croft	1468213
ism	1467998
uplifting	1467569
extracellular	1467215
penal	1467202
exclusions	1467108
pageant	1466870
purchasers	1466738
eiffel	1466622
plywood	1466424
morbidity	1466314
binders	1465698
pitchers	1465415
custodial	1465414
integrator	1465218
teri	1464801
tracts	1464728
sectoral	1464663
trombone	1464599
morally	1464424
hosiery	1463980
yt	1463976
ambulatory	1463943
reptile	1463849
camouflage	1463509
overdue	1463329
dispensers	1463256
cowan	1463253
firebird	1463235
qu	1463168
mohawk	1463078
riots	1463036
schwarz	1462740
persuaded	1462185
teasing	1462090
rejecting	1462022
emphasizing	1461735
unbound	1461734
antiqua	1461276
sacrifices	1461250
delinquent	1461031
contrasting	1460652
nestle	1460619
correspondents	1460510
boxers	1460437
imperfect	1460287
disguise	1460125
eleventh	1460049
embassies	1460032
barbeque	1459910
workouts	1459725
lapse	1459542
seamlessly	1459376
wally	1459126
girlfriends	1459086
phenomenal	1459077
songbook	1459064
civilizations	1458966
hepatic	1458940
friendships	1458801
marjorie	1458423
shrub	1458217
kindred	1458000
reconsider	1457854
sanctioned	1457827
aquifer	1457623
condemn	1457478
renegade	1457463
awaits	1456869
hue	1456848
augmented	1456196
amends	1456157
fullest	1456067
shafts	1455982
finer	1455912
ys	1455822
stereotypes	1455594
marlins	1455521
burdens	1455496
invocation	1455268
shelly	1455235
exiting	1455185
brooch	1455013
polyurethane	1454696
motifs	1454600
textus	1454439
nineteen	1453770
spraying	1453737
hamburger	1453555
reactivity	1453536
edmond	1453269
invaders	1453269
volunteered	1452642
windchill	1452367
swollen	1452350
storefront	1452144
grasses	1452117
scatter	1452106
eof	1452081
steward	1452024
ito	1452008
cherished	1452003
smack	1451860
incidentally	1451850
codeine	1451633
cheerleading	1451494
wellbeing	1451477
sine	1451457
pkwy	1451404
depleted	1451247
holiness	1451199
divinity	1451025
campaigning	1450863
hairdryer	1450828
tougher	1450525
sherlock	1450489
punitive	1450376
comprehend	1450194
cloak	1450056
exon	1450047
captions	1449881
pamphlet	1449812
clipper	1449564
umbrellas	1449421
chromosomes	1449404
priceless	1449362
mig	1449194
assassin	1449166
exploiting	1448872
cynical	1448585
toro	1448569
manic	1448525
etched	1448486
bray	1448180
choke	1448146
transmitters	1447981
underwent	1447554
collaborating	1447540
tuxedo	1447475
comforts	1446565
appoints	1446521
bicycling	1446498
swallowed	1446160
blueberry	1446148
imperialism	1445473
mouths	1445454
socioeconomic	1445397
halter	1444780
ley	1444718
hamster	1444712
ergonomics	1444416
finalize	1444341
ike	1444273
lumens	1444161
pumpkins	1444083
sudanese	1443864
iff	1443652
shrinking	1443476
roar	1443087
novelist	1442956
faceplate	1442881
packer	1442731
potomac	1442637
arroyo	1442621
tipped	1442382
amidst	1442041
insurgents	1442024
etching	1441884
discouraged	1441752
gall	1441714
oblivion	1441405
gravy	1441099
globus	1440925
inherit	1440810
pir	1440730
sprinkle	1440676
stitching	1440632
advisable	1440101
referencing	1439923
gladstone	1439747
typ	1439556
jugs	1439342
congregations	1439118
handing	1439044
payer	1439009
beforehand	1438671
laborer	1438510
militants	1438386
resins	1438186
watcher	1438120
vibrations	1437915
apes	1437895
strawberries	1437661
abbas	1437558
moods	1437510
cougar	1437459
dobson	1437255
surreal	1437237
soaked	1437194
irradiation	1437097
redesigned	1436962
raster	1436870
abridged	1436609
credential	1436353
checklists	1436283
quirky	1436076
oscillator	1435927
palate	1435844
finalists	1435819
encrypt	1435748
mgt	1435720
thierry	1435458
sneakers	1435326
incontinence	1435118
pajamas	1435077
masculine	1435005
dali	1434946
lubricant	1434673
realizes	1434600
quests	1434216
mgr	1434030
petitioners	1433951
constable	1433656
sayings	1433495
unconditional	1433458
plasmid	1433142
unbeatable	1432468
progressively	1432156
upstate	1431975
lymphocytes	1431783
topping	1431763
repayments	1431761
chilling	1431748
translucent	1431676
transsexuals	1431610
fueled	1431603
glaze	1431525
newcomer	1431456
branching	1431164
unmarried	1431009
extrait	1430993
pelvic	1430981
monochrome	1430835
activating	1430694
antioxidants	1430458
gynecology	1430339
unexpectedly	1430243
funniest	1430018
bona	1429954
probabilistic	1429903
scorpion	1429532
mirrored	1429502
cooperating	1429352
calibrated	1429316
sel	1429135
phased	1428708
anatomical	1428439
airbus	1427894
simplex	1427802
misdemeanor	1427390
aerobics	1427149
sabrina	1427091
tobias	1426681
salle	1426680
infra	1426499
commemorative	1426393
condor	1426304
gated	1426083
implicitly	1425958
ewing	1425635
assurances	1425420
comedian	1425171
rascal	1424891
nid	1424780
amish	1424712
roberta	1424481
dizzy	1424316
outbreaks	1424181
annuities	1424126
slit	1424036
cribs	1423971
whitening	1423889
occupying	1423879
reliant	1423814
subcontractor	1423710
giveaways	1423502
depicting	1423344
ordnance	1423287
wah	1423019
psych	1422877
hydrochloride	1422759
verge	1422550
ransom	1422526
magnification	1422443
nomad	1422041
twelfth	1421983
dagger	1421836
thorn	1421673
preamble	1421535
mor	1421481
proponents	1421390
spins	1421064
solicit	1420983
provoking	1420847
backpackers	1420824
orchids	1420607
buckets	1420493
initialized	1419923
ava	1419781
spoil	1419320
ecu	1419299
psychiatrist	1419189
lauder	1419067
soldering	1419022
phono	1418855
daryl	1418692
blazing	1418665
trp	1418657
palermo	1418570
grantee	1418138
enhancer	1418098
anglers	1417800
snapped	1417653
alligator	1417637
detectives	1417524
rochelle	1417520
rottweiler	1417341
nomenclature	1417189
invade	1416953
visualize	1416743
regulates	1416413
hoses	1416325
rendezvous	1416074
strives	1415683
trapping	1415594
gardeners	1415307
turntable	1415247
deuteronomy	1415148
diminish	1415066
screenings	1415030
britannia	1415005
pivotal	1414963
manifestations	1414392
nix	1414384
stitches	1414175
promulgated	1413938
mediocre	1413922
passports	1413465
ayrshire	1413242
plating	1413106
invent	1413087
eagerly	1413031
damascus	1412476
reactors	1412400
reformation	1412334
hypocrisy	1411958
fluoride	1411775
parishes	1411736
stacking	1411723
suomi	1410932
sissy	1410911
trooper	1410909
bun	1410710
calculates	1410700
compendium	1410624
thunderstorms	1410569
disappears	1410391
transcriptional	1409835
hymns	1409831
monotone	1409778
finalized	1409711
referees	1409698
palsy	1409502
propositions	1409249
lsc	1409103
locomotive	1409043
debating	1408931
eldorado	1408905
cuffs	1408615
conservancy	1408516
prosperous	1408407
famine	1408340
dielectric	1408275
orally	1408223
elliptical	1408104
electrophoresis	1407931
grabbing	1407769
jogging	1407601
sprinkler	1407590
stipulated	1407557
imbalance	1407312
persuasive	1407248
cine	1407160
horrors	1406992
bearer	1406898
pastors	1406684
acquainted	1406439
dependents	1406197
dizziness	1405652
backcountry	1405528
outboard	1405276
brilliance	1404955
nicky	1404900
originate	1404765
pitches	1404744
respectable	1404442
raj	1404214
horace	1403852
prohibiting	1403843
disappearance	1403596
morals	1403442
invaded	1403322
unmatched	1403008
spoiled	1402980
pinpoint	1402675
pickle	1402073
dieting	1401469
andhra	1401441
ralf	1401434
quaker	1401179
haunting	1401138
manipulating	1401011
tangent	1400698
tempest	1400397
appraisers	1400100
xenon	1400039
dominique	1399933
hybridization	1399809
waving	1399803
uneven	1399055
plurality	1398870
adventurous	1398567
rockers	1398547
palliative	1398546
luigi	1398437
bayou	1397958
accueil	1397930
cufflinks	1397899
queues	1397894
relisted	1397754
beep	1397739
remanufactured	1397097
confluence	1396948
staffed	1396548
blossoms	1396310
succeeds	1396163
orphans	1396159
louder	1396143
grilling	1395994
stalin	1395973
boilers	1395953
bps	1395862
reunions	1395828
toms	1395597
yelling	1395556
trough	1395096
leaned	1394618
quadrant	1394521
discrepancy	1394502
slid	1394401
relocated	1394184
untreated	1394151
divisional	1393818
chihuahua	1393574
tonic	1393402
resell	1393254
magnus	1392937
burnout	1392731
designations	1392625
harrow	1392535
jig	1392504
spl	1392410
reckless	1392393
microwaves	1392298
raining	1392293
peasant	1392268
coliseum	1392116
ephedra	1392069
qua	1392046
spawning	1391705
endothelial	1391647
figuring	1391448
citrate	1391411
eduardo	1391136
crushing	1391123
snowman	1391103
thorpe	1390854
ordained	1390770
saucer	1390639
chinook	1390622
potty	1390617
shooters	1390360
passover	1390098
bacillus	1389914
byzantine	1389126
tomas	1389089
triangles	1388860
spooky	1388735
curvature	1388596
rites	1388265
sideways	1387766
devious	1387678
venezuelan	1387486
dreamer	1387422
acknowledging	1387381
estuary	1387115
burglary	1386802
pouches	1386474
hom	1386246
subpoena	1386235
thrilling	1386231
spectacle	1386188
sentiments	1386131
interpretive	1386070
ditto	1386002
nana	1385908
extender	1385864
waiter	1385770
glucosamine	1385726
oddly	1385252
typhoon	1384872
referrer	1384649
raft	1384375
cul	1384373
nutshell	1384131
arrogant	1384122
superhero	1383752
induces	1383718
tooling	1383684
tomography	1383672
thrift	1383578
vocalist	1383147
sae	1382983
admired	1382872
tidbits	1382872
stunts	1382862
cystic	1382824
pacifica	1382454
anniversaries	1382289
infrastructures	1381499
youthful	1381263
fairway	1380868
postdoctoral	1380688
stumbled	1380668
prs	1380548
emitted	1380227
spinner	1380109
homeopathic	1379703
ordinarily	1379609
sufficiency	1379490
tempered	1379477
slipping	1379406
solitude	1379342
cylindrical	1379287
cpd	1379260
destroyer	1378814
braking	1378811
fide	1378595
undesirable	1378592
platelet	1378519
mongolian	1377751
weakly	1377605
parsley	1377594
undue	1377567
setback	1377551
stunned	1377494
smiths	1377482
magyar	1377369
installers	1377247
hostility	1377207
groves	1377169
subcategory	1377124
pursuits	1376989
reflux	1376882
tuple	1376804
adaptations	1376721
jurisprudence	1376456
culver	1376258
invariably	1376202
lecturers	1376176
progressed	1376073
brow	1375648
elves	1375481
graeme	1374867
bucharest	1374724
chant	1374428
turnkey	1374262
sprays	1374214
renters	1374199
zack	1374002
gels	1373875
tighten	1373432
revolver	1373255
mountaineering	1373229
screwdriver	1373116
hutch	1373107
beckett	1373060
crowns	1372974
intermediary	1372814
matted	1372746
apricot	1372632
tufts	1372589
dealerships	1372362
cuckold	1372071
unreliable	1371893
rosewood	1371656
parry	1371591
existent	1371448
phosphatase	1371318
mahal	1371252
killings	1371222
tongues	1371081
dictator	1370656
jehovah	1370498
fanatics	1370272
adirondack	1370037
casablanca	1369924
perpendicular	1369633
mantra	1369355
carousel	1369112
fay	1368931
hedgehog	1368651
raves	1368538
mamma	1368416
entails	1368267
folly	1367992
thermostat	1367967
wheeling	1367716
infarction	1367559
hawthorn	1367531
mural	1367338
bankrupt	1367273
polypropylene	1367126
mailboxes	1367074
wager	1366964
tundra	1366669
youngstown	1366457
farmland	1366419
purge	1366135
skater	1366115
interpolation	1365967
adjournment	1365842
pitfalls	1365762
disrupt	1365748
stationed	1365418
ambrose	1365272
nightmares	1365166
rampage	1365049
aggravated	1365039
fink	1364952
jurassic	1364811
deem	1364711
cavern	1364330
sumner	1363674
descended	1363212
disgusting	1363181
flax	1363175
weakened	1363046
imposes	1362910
withdrew	1362840
aliasing	1362818
tart	1362374
guerrilla	1362022
solves	1361886
hiroshima	1361832
spoons	1361668
persona	1361500
oscars	1361177
poser	1361002
boosting	1360956
tram	1360948
distinctions	1360738
powerhouse	1360693
peabody	1360631
deodorant	1360554
youre	1360397
alia	1360176
compulsive	1360158
iced	1360088
perky	1360009
faulkner	1359931
reinforcing	1359602
scarcely	1359474
extensible	1359254
excused	1359136
fused	1359038
catheter	1358691
madeleine	1358505
roaring	1358322
practicum	1358209
witchcraft	1358086
stopper	1358043
fibres	1357736
photocopy	1357693
cullen	1357674
saharan	1357514
crested	1357509
stump	1357079
scalp	1356840
disarmament	1356677
actin	1356491
erwin	1356404
interviewer	1356390
conductors	1356348
criticisms	1356135
gastroenterology	1355859
composting	1355576
diplomat	1355414
sylvester	1355352
uva	1355326
melon	1355214
tablespoon	1355051
manganese	1354932
siren	1354779
oceanography	1354587
vastly	1354491
clasp	1354393
stardust	1354145
olives	1354049
radiological	1354035
commando	1354026
summons	1353994
lucrative	1353990
porous	1353861
bathtub	1353848
shrewsbury	1353810
urdu	1353695
motorway	1353494
bile	1353296
cara	1353082
ese	1353074
hinduism	1352820
elevations	1352758
repositories	1352444
freaky	1352418
thirst	1352279
endeavors	1352012
civ	1351849
sportsman	1351806
scratching	1351529
iodine	1351488
phoebe	1351263
salinas	1351166
legged	1351011
unilateral	1350929
wipes	1350866
fro	1350640
krone	1350253
urgently	1350180
shri	1350127
exposes	1349895
aegis	1349788
natures	1349681
colloquium	1349618
liberalism	1349410
fatalities	1348842
supplementation	1348734
meer	1348708
derry	1348652
suisse	1348414
embodied	1348384
mohammad	1347878
frankenstein	1347765
parc	1347723
verbose	1347618
heir	1347595
successors	1347505
eccentric	1347362
yarmouth	1347356
transports	1347066
amour	1346779
iterator	1346616
deterministic	1346097
predictor	1345907
salmonella	1345832
viewable	1345812
subnet	1345624
maximise	1345439
illustrative	1345429
prosecuted	1345345
sailed	1345188
isn	1345149
chalets	1344986
reimbursed	1344886
craving	1344800
advocating	1344667
leaking	1344431
watermark	1344334
escaping	1344327
totes	1344312
possessing	1344167
suicidal	1344100
cruisers	1343786
masonic	1343624
forage	1343473
dyslexia	1343235
hubble	1343202
thugs	1343168
loco	1343167
hellenic	1343144
organics	1343136
dearborn	1343045
feds	1342978
ethel	1342863
yiddish	1342730
dopamine	1342414
multiplier	1342155
payoff	1341939
distinctly	1341851
sonar	1341822
assertions	1341764
baba	1341717
pebble	1341583
flasher	1341269
staffs	1341238
subcontractors	1341210
evangelism	1340905
hoo	1340710
denomination	1340584
abortions	1340486
patched	1340483
patriotism	1340427
battling	1340424
lesion	1340294
tickle	1340122
bandit	1339877
progesterone	1339832
acquaintance	1339448
ethyl	1339385
lambs	1339048
caramel	1339028
capitalized	1338350
maint	1338067
pancreas	1337924
loom	1337864
blouse	1337862
octopus	1337780
ara	1337611
receptionist	1337492
heightened	1337473
chests	1337446
ambitions	1337349
feline	1337137
zombies	1337112
grub	1337005
ulcer	1336605
cambodian	1336560
interagency	1336501
slew	1336497
synchronize	1336374
tay	1336095
hornets	1336044
crossfire	1335814
menstrual	1335681
canals	1335666
negatives	1335659
ankara	1335650
threading	1335630
duet	1335288
intolerance	1335075
ammonium	1334961
spandex	1334917
zephyr	1334891
tamara	1334577
tearing	1334273
muffins	1333924
autor	1333530
handyman	1333399
foothills	1333322
ethic	1333320
taxon	1333053
indefinite	1332966
cougars	1332775
atrium	1332575
thine	1332569
superiority	1332318
gestures	1332261
ambience	1332141
genet	1332113
nemesis	1332098
confessional	1332052
cardigan	1332008
neuronal	1331665
taunton	1331655
evaporation	1331645
devise	1331534
abolished	1331439
sorrento	1331285
checkers	1331147
uns	1331118
toying	1331063
parma	1330679
yuma	1330659
spokeswoman	1330418
baccalaureate	1330383
tripods	1330358
wreath	1330354
plight	1330333
opium	1330299
logistic	1330254
personalization	1330092
enema	1329511
easement	1329506
goalie	1329458
darkroom	1329388
irrational	1329359
hydrocarbons	1328870
gpm	1328603
arches	1328319
naturalist	1327928
encompassing	1327557
penetrating	1327533
destroys	1327503
prussia	1327260
lowers	1326880
cookery	1326261
uniqueness	1326240
cascading	1326136
metros	1326055
hangers	1325872
beatrice	1325653
policeman	1325650
cartilage	1325533
broadcaster	1325424
turnpike	1325099
migratory	1324637
jurors	1324485
mea	1324431
enumerated	1324371
sheltered	1324275
musculus	1324028
degraded	1323960
doctrines	1323892
seams	1323885
pleaded	1323774
elasticity	1323328
topo	1323260
eisenhower	1322947
flashlights	1322939
gutter	1322843
ulcers	1322752
sloppy	1322519
latham	1322412
flannel	1322321
volcanoes	1322196
jailed	1322095
ridden	1322007
grapefruit	1321427
contradictory	1321302
motorbikes	1321203
bonita	1320501
misunderstood	1320461
nippon	1320399
steamer	1320395
cong	1320389
barometer	1320357
decorators	1320345
exclaimed	1320051
diem	1319948
barge	1319916
psoriasis	1319757
spartan	1319649
mavericks	1319608
nea	1319530
crystalline	1319380
rumours	1319120
famed	1319098
riga	1318977
bengali	1318787
amtrak	1318727
resid	1318706
lessee	1318539
respite	1318533
goodyear	1318472
grimm	1317982
shetland	1317849
peacekeeping	1317554
provocative	1317415
guido	1317298
interferon	1317188
aas	1317123
selectable	1317026
rory	1316863
intersections	1316609
tasted	1316517
sma	1316487
licked	1316428
capitalization	1316045
banged	1316034
epi	1315354
responder	1315336
qv	1315301
rufus	1315206
thoracic	1315168
phaser	1315140
forensics	1315107
hopeless	1315103
infiltration	1314890
safest	1314785
daphne	1314777
ame	1314750
serine	1314674
bing	1314612
pollock	1314501
meteor	1314334
schemas	1314254
granville	1314240
orthogonal	1314156
ohms	1314152
boosts	1314011
stabilized	1313848
veneer	1313843
anonymously	1313723
manageable	1313633
wordperfect	1313376
slant	1313083
disciplined	1313063
selenium	1312892
grinders	1312851
pollard	1312749
comme	1312621
chops	1312600
broom	1312361
plainly	1312242
assn	1312220
punches	1312203
snare	1311615
shank	1311484
parachute	1311422
uphold	1311296
glider	1311196
revising	1311172
insignia	1310533
taos	1310519
nurture	1310338
tong	1310252
lotions	1310250
leash	1310125
hunts	1310081
adrenal	1309847
plantations	1309778
sixties	1309750
factions	1309625
humility	1309175
commentators	1309132
impeachment	1309121
acton	1309016
booting	1308810
engages	1308799
carbide	1308718
cunts	1308527
pullman	1308431
characterised	1308115
kinder	1307814
deems	1307732
outsiders	1307640
valuations	1307541
dodd	1307507
dissolve	1307386
adrienne	1306669
deduct	1306644
crawling	1306643
postoperative	1306536
modifier	1306506
cytology	1306449
nye	1306440
biennial	1306238
circuitry	1305986
muck	1305552
tweaks	1305012
colombo	1304950
readership	1304887
hoax	1304864
cohesion	1304739
dif	1304707
reconnaissance	1304699
antagonists	1304448
transducer	1304419
bachelors	1304345
serotonin	1304253
complements	1304168
observes	1303947
radiators	1303928
corporal	1303585
ligne	1303464
beagle	1303392
wary	1303191
cadmium	1303073
bodoni	1302983
speedo	1302913
locust	1302839
detachable	1302471
condenser	1302457
articulation	1302431
simplifies	1302397
sleeveless	1302246
motorists	1302021
villain	1301918
tbsp	1301901
waivers	1301886
oft	1301717
secures	1301645
leviticus	1301436
impending	1301330
rejoice	1301321
pickering	1300963
plumper	1300925
poisson	1300878
uterine	1300507
bursts	1300477
apartheid	1300164
versailles	1300145
morphological	1299968
hurdles	1299924
ria	1299359
geese	1299115
condemnation	1299011
candies	1298890
polio	1298845
sidewalks	1298816
formidable	1298736
pun	1298700
mecca	1298392
regatta	1298113
rested	1297976
paused	1297918
macbeth	1297856
polarity	1297690
overrides	1297543
abandonment	1297503
riff	1297450
widths	1297416
attenuation	1297336
nada	1297254
bertrand	1297253
broth	1297117
martins	1296812
telford	1296709
seduction	1296699
fertilizers	1296340
grapevine	1296319
maison	1296048
contrasts	1295820
daunting	1295706
topples	1295649
giuseppe	1295203
tae	1295188
improperly	1295182
futuristic	1294993
nebula	1294884
chai	1294847
obsessive	1294838
crows	1294733
transplants	1294723
referrers	1294626
junkie	1294569
admitting	1294545
blooming	1294311
mace	1294167
seminole	1294071
taper	1294069
rotational	1293795
withdrawals	1293348
synagogue	1292897
finalist	1292891
pornographic	1292757
sugars	1292666
armageddon	1292606
selectively	1292565
fallout	1292211
allure	1292131
intestine	1292080
ambassadors	1292040
stalker	1291772
reclaim	1291641
kingdoms	1291134
richness	1291074
converge	1291053
pianos	1290758
dol	1290674
workings	1290621
penelope	1290594
sophistication	1290552
extinct	1290530
ponder	1290410
messed	1290228
oceanside	1290126
revue	1290094
lunches	1290036
taiwanese	1289801
fooled	1289616
smear	1289528
rigging	1289503
derives	1289433
praises	1289337
sym	1289278
detachment	1289268
combos	1289126
cloned	1288962
fulham	1288945
caracas	1288885
bestseller	1288316
lids	1288238
pore	1288093
ey	1287922
radiance	1287790
downside	1287746
reissue	1287311
oily	1286829
quitting	1286725
striker	1286700
memos	1286640
grover	1286635
screams	1286631
masking	1286584
tensor	1286574
whitehead	1286485
whoa	1286431
patchwork	1285768
heinrich	1285402
breton	1285069
jaguars	1285032
assures	1284980
joys	1284745
tracer	1284708
frist	1284684
involuntary	1284621
allegation	1284509
infinitely	1284436
synthesizer	1284428
ejaculating	1284226
serge	1283914
morphine	1283748
waldorf	1283644
gymnasium	1283632
microfilm	1283628
lear	1283330
subsidized	1283216
chiefly	1283186
judah	1283019
conjecture	1283018
optimizer	1282890
restitution	1282669
indicted	1282603
blasting	1282601
confronting	1282338
pituitary	1282102
sow	1282086
repeater	1282082
wiz	1281900
autopsy	1281821
mastered	1281794
powders	1281550
debtors	1281454
grit	1281375
ym	1281281
slain	1281084
glenwood	1280317
horticultural	1280262
spamming	1280034
nearer	1280000
ancestral	1279982
mujeres	1279808
wartime	1279693
mou	1279615
faithfully	1279442
jain	1279356
revolutions	1279333
sei	1279042
geriatric	1279000
quail	1278967
tanker	1278916
mayan	1278824
administrations	1278511
grannies	1278265
hairstyles	1278230
sho	1278114
rector	1278087
nays	1278006
ballast	1277921
immature	1277806
taxing	1277669
icing	1277602
substituting	1277543
mellitus	1277528
multiples	1277478
executes	1277454
originality	1276869
pinned	1276850
cryptographic	1276731
gables	1276634
discontinue	1276606
disparate	1276596
bantam	1276580
boardwalk	1276569
ineligible	1276417
homeopathy	1276327
entrants	1276155
rallies	1276149
simplification	1276047
abb	1275914
insolvency	1275891
bianca	1275855
earthly	1275576
roleplaying	1275469
affective	1275468
histogram	1275220
conceive	1275176
wheelchairs	1275168
liberalization	1274688
insensitive	1274594
forfeiture	1274559
genotype	1274508
contaminant	1274269
disastrous	1274124
collaborators	1274121
proxies	1274057
rewind	1274043
gladiator	1273979
poplar	1273824
issuers	1273782
sinh	1273535
recourse	1273523
martian	1273255
equinox	1273041
schoolgirls	1272781
hinder	1272772
presume	1272666
astronaut	1272333
armchair	1272149
cecilia	1272020
lowry	1271991
constipation	1271923
nashua	1271630
strut	1271153
kari	1271114
oswego	1270792
appropriateness	1270661
koi	1270462
sues	1270296
tame	1270260
solstice	1270139
oats	1270000
eudora	1269763
candida	1269644
adjusts	1269156
plume	1269109
pickups	1268677
sparta	1268632
calypso	1268267
cheesecake	1268229
pantry	1268228
italics	1268200
reversing	1268143
murderer	1268134
courteous	1267713
wilt	1267600
smoothing	1267558
billet	1267502
porting	1267433
lubrication	1267423
pretending	1267391
hammock	1267376
shootout	1267279
receptions	1267234
fragmented	1266674
revoke	1266673
intruder	1266644
chevron	1266619
reinsurance	1266544
slated	1266404
wagons	1266327
tera	1265968
jennie	1265932
reina	1265881
energizer	1265855
clarksville	1265699
vandalism	1265676
plank	1265284
acetaminophen	1265258
paddling	1265200
wolfram	1265149
contraceptive	1264966
necrosis	1264854
ting	1264826
iva	1264734
interrogation	1264580
bonanza	1264434
lumbar	1264361
disparities	1264326
longing	1264187
irresistible	1264179
pilgrims	1264176
flamenco	1263952
osprey	1263936
disappearing	1263910
sau	1263695
enact	1263603
flammable	1263036
biometrics	1262923
inertia	1262749
misunderstanding	1262717
wasnt	1262688
softwares	1262446
deity	1262430
pruning	1262424
alchemist	1262419
hormonal	1261979
agra	1261719
mandolin	1261566
rolf	1261505
calender	1261303
swiftly	1261168
claws	1260902
brightly	1260823
virgo	1260695
manly	1260481
emit	1260296
shortened	1259942
rink	1259898
unrealistic	1259705
rhonda	1259699
fearful	1259606
potency	1259570
pings	1259320
flawless	1259140
peril	1258951
teaser	1258793
breaches	1258688
resultant	1258443
nestled	1258420
hairs	1258412
impairments	1258385
drastic	1258227
courageous	1258094
rho	1258046
transceiver	1257900
iterative	1257662
catered	1257516
guarded	1257448
neuron	1257316
pulsar	1257106
celery	1256388
pedagogy	1256372
reconcile	1256296
grammatical	1256167
collin	1256162
afrikaans	1256133
ecb	1256010
cinematic	1255895
admiration	1255669
ugh	1255553
malik	1255552
zanzibar	1255355
illus	1255038
offend	1254866
severance	1254666
numeracy	1254632
somali	1254574
caviar	1254529
sleepwear	1254319
quads	1254291
combating	1254280
numb	1254217
retina	1254145
maids	1253811
tempting	1253805
bureaus	1253506
voyages	1253448
galatians	1253356
enforceable	1253250
flo	1253201
planters	1253136
bouncy	1253106
retinal	1253019
sheath	1252872
louie	1252710
chaplain	1252671
benefiting	1252603
dubious	1252536
sponsorships	1252378
screenwriter	1252314
occupies	1252031
mammal	1251818
shielded	1251762
degeneration	1251754
listens	1251574
swirl	1251090
emery	1251050
twists	1250953
allele	1250569
purifiers	1250271
scot	1250219
commuting	1250178
intrigue	1250162
kama	1249987
blanche	1249687
eczema	1249564
northland	1249512
veg	1249104
roadster	1249088
dialect	1248837
nominating	1248835
fanatic	1248832
pave	1248651
confetti	1248493
fv	1248479
coverings	1248303
raptors	1248218
danced	1248001
slightest	1247920
libre	1247864
revive	1247670
corolla	1247399
dharma	1247164
chameleon	1247136
hooper	1246832
predominant	1246796
abode	1246541
savoy	1246516
abrasive	1246390
insecurity	1246155
koruna	1246139
edp	1245975
ensembles	1245829
backpacker	1245672
trustworthy	1245589
uniformity	1245452
comfy	1245404
assuring	1245395
conquered	1245330
alarming	1245253
dur	1245154
registries	1244915
eradication	1244873
amused	1244733
horizontally	1244673
knitted	1244471
doh	1244449
exploding	1244277
narrowly	1243642
campo	1243547
quintet	1243505
groupwise	1243376
ambiance	1243313
chun	1243227
rampant	1243101
suitcase	1243043
bakeries	1242917
fucker	1242729
polka	1242601
embarrassment	1242414
wiper	1242341
wrappers	1242242
spectators	1241932
iterations	1241775
mismatch	1241513
coronado	1241330
retaliation	1241314
oxides	1241167
qualifiers	1241115
inquirer	1240799
battered	1240729
dreadful	1240347
smokey	1240190
metaphysics	1239930
drifting	1239908
ritter	1239889
vacuums	1239682
attends	1239579
falun	1239295
nicer	1239249
mellow	1239234
boast	1239080
gents	1239020
respiration	1239001
rapper	1238941
absentee	1238718
duplicates	1238629
hooters	1238422
calligraphy	1238383
advantageous	1238029
corollary	1237974
tighter	1237965
predetermined	1237901
asparagus	1237837
fearless	1237723
airy	1237643
pref	1237465
progresses	1237331
canister	1237325
morningstar	1237271
stiffness	1237262
recessed	1237194
thrifty	1237174
canning	1237146
fmt	1237140
workmanship	1237052
palladium	1236873
totaled	1236803
complexities	1236710
vd	1236666
shipper	1236491
darryl	1236271
shan	1236170
hobo	1236134
wrinkles	1235825
illustrating	1235806
sly	1235755
reductase	1235682
raul	1235638
harnesses	1235407
loma	1235395
multivariate	1235305
perch	1235177
craven	1234807
divergence	1234790
kitchenware	1234755
homage	1234717
atrocities	1234612
immunoglobulin	1234289
hops	1234190
unitary	1233534
emmy	1233343
chez	1233100
admittedly	1233033
hospitalization	1232916
clubbing	1232841
microelectronics	1232801
observational	1232646
crashers	1232504
angst	1232364
liturgy	1232361
nativity	1232181
surety	1231980
deregulation	1231873
tranquil	1231687
carpentry	1231684
disseminated	1231545
staircase	1231474
cutler	1231345
sweetie	1231301
cradles	1231258
electorate	1231254
mideast	1231196
airs	1231177
reconstructed	1231139
resent	1231007
hispanics	1230856
podium	1230847
opposes	1230729
paranoia	1230604
faceted	1230444
silvia	1230323
distraction	1230299
dominates	1230223
gecko	1230211
despatch	1230187
fugitive	1229796
tucked	1229771
interchangeable	1229679
jericho	1229510
starship	1229480
turmoil	1229472
seeded	1229258
gilles	1229186
unjust	1228906
cyclists	1228897
fey	1228854
markedly	1228846
fascinated	1228746
disturb	1228732
terminates	1228728
bounced	1228595
exempted	1228595
brightest	1228553
nurturing	1228377
saddles	1228266
enzymology	1228135
scotsman	1227492
gushing	1227270
picker	1227005
distracted	1226846
secluded	1226750
criticize	1226742
bog	1226534
livelihood	1226471
mulder	1226271
godfrey	1226024
dialer	1225981
minerva	1225712
superseded	1225670
iceberg	1225495
caleb	1225445
christening	1225355
jealousy	1225297
syntactic	1225175
plumber	1225144
envision	1225007
codex	1224930
squeezed	1224837
judas	1224674
cosmology	1224470
dole	1224388
wick	1224351
gertrude	1224240
communists	1224226
noodle	1224073
owes	1223866
scents	1223833
bangle	1223618
bertha	1223467
levied	1223424
sag	1223285
barns	1223270
covenants	1223140
peat	1223084
donnie	1223068
proprietor	1222912
tofu	1222741
lizzie	1222470
raids	1222441
intuit	1222292
adoptive	1222288
solos	1222232
compartments	1222206
minimized	1222201
partnered	1221939
filibuster	1221836
facet	1221287
behaviours	1221081
importation	1221062
redneck	1221019
synthesized	1220873
encapsulation	1220769
samsonite	1220680
accordion	1220579
mss	1220495
planter	1220396
minimally	1220266
immaculate	1219765
pur	1219454
mailings	1219364
reindeer	1219300
ono	1219081
beachfront	1219052
telegram	1219049
shaken	1218549
crosswords	1218510
wares	1218442
integrative	1218387
rivalry	1218286
kelowna	1218259
verve	1218256
charley	1218174
carpenters	1218145
spree	1218040
embed	1217930
gurus	1217822
sunk	1217793
bespoke	1217478
inflicted	1217476
abbreviated	1217434
allotted	1217411
drowned	1217295
escorted	1217210
watersheds	1217085
brute	1216912
trimester	1216502
barracks	1216474
kidneys	1216443
electricians	1216354
warbler	1216351
onward	1216039
capricorn	1216037
kidnapping	1216019
inducing	1215951
dipped	1215912
lancet	1215888
antelope	1215883
terminus	1215859
castings	1215845
flanders	1215722
perm	1215568
rte	1215424
spectrometry	1215251
snippet	1215241
pellets	1215032
permeability	1214520
enclosing	1214363
starred	1214232
deacon	1214127
sweeps	1213879
butch	1213820
scart	1213599
normalization	1213382
skillet	1212990
bookcase	1212892
neoprene	1212726
offeror	1212585
assembling	1212486
thermo	1212207
diaphragm	1212110
chores	1211813
consignment	1211676
yarns	1211638
maintainers	1211328
liv	1211265
maarten	1211169
ginseng	1211113
blackout	1211055
detergent	1211009
seedlings	1210993
rosetta	1210991
fortified	1210684
reconsideration	1210658
barnard	1210624
grenade	1210206
profoundly	1209930
lana	1209857
bartender	1209797
mayfair	1209760
jag	1209711
maneuver	1209634
kang	1209372
ridder	1209367
vanished	1209355
crafting	1209082
lair	1209040
enclose	1209007
mowers	1208690
sinners	1208415
sienna	1208342
calves	1208012
defer	1207925
liars	1207786
els	1207650
sod	1207500
lacy	1207457
pharaoh	1207358
advocated	1207217
itching	1206981
reimburse	1206798
devotional	1206612
esperanto	1206278
taft	1206273
modalities	1206215
lighters	1206079
comparatively	1205974
shutting	1205847
spartans	1205788
endemic	1205766
tourney	1205705
reasoned	1205666
lawton	1205651
hydrologic	1205528
saith	1205270
astral	1205159
nep	1205112
ach	1205052
parallels	1204896
aimee	1204884
yelled	1204763
wren	1204605
csp	1204352
ait	1204086
terence	1204083
hamper	1203919
balkan	1203769
transduction	1203679
blurred	1203526
clarifying	1203505
aortic	1203393
smuggling	1203317
starcraft	1202927
martens	1202872
instincts	1202792
masquerade	1202457
deans	1202452
structuring	1202302
duality	1202153
kites	1202129
sensational	1202129
lipids	1202098
jurisdictional	1201956
smoother	1201781
desi	1201653
expulsion	1201583
cordoba	1201447
withhold	1201289
romano	1201287
grievances	1200994
betrayed	1200949
folsom	1200531
triggering	1200514
dumps	1200377
binocular	1200231
buckles	1200203
joyful	1200200
generalization	1200162
specialise	1200116
hin	1199932
remortgages	1199867
hanks	1199778
pancakes	1199765
dosing	1199682
crave	1199466
strobe	1199249
focussed	1199162
waffle	1199095
detectable	1199069
arrowhead	1198937
ripple	1198877
paycheck	1198864
sweeper	1198591
claimants	1198404
consolidating	1198303
shen	1197926
goldsmith	1197840
responders	1197839
inclination	1197709
keepsake	1197679
measles	1197305
arcs	1197124
upbeat	1196797
portman	1196679
ayes	1196545
amenity	1196507
donuts	1196447
salty	1196416
baptized	1196165
expelled	1196114
nautica	1196049
estradiol	1195949
rupees	1195946
betrayal	1195306
prototyping	1195134
flourish	1194963
zeros	1194886
heed	1194819
mein	1194720
sporty	1194690
graf	1194635
hawking	1194571
tumour	1194461
pooled	1194178
bora	1194117
shu	1194075
divides	1194034
stabilize	1193707
composing	1193544
handicrafts	1193497
healed	1193454
burmese	1193406
clueless	1193405
boon	1193354
valor	1193133
pedestrians	1193075
woodruff	1193004
radiotherapy	1192760
gathers	1192558
pawn	1192557
stitched	1192536
ceases	1191983
dorsal	1191905
transfusion	1191882
collie	1191722
zend	1191627
hereditary	1191152
exaggerated	1191139
lyn	1191078
buccaneers	1190784
spleen	1190381
allotment	1190325
recombination	1190311
messing	1190210
jeu	1190201
multiplying	1190135
empress	1190035
orbits	1189963
budgeted	1189863
whence	1189837
bois	1189697
slogans	1189647
flashback	1189561
trusting	1189507
photometry	1189460
sabre	1189329
stigma	1189307
sutter	1189190
abduction	1188510
ingestion	1188366
banda	1187929
attaches	1187711
adulthood	1187666
inject	1187647
tartan	1187619
prolog	1187552
twisting	1187497
tore	1187333
dunk	1187317
goofy	1187234
eth	1187222
mimic	1187154
aga	1186967
shielding	1186790
stormy	1186775
raglan	1186757
cdf	1186726
heterosexual	1186643
vulgar	1186559
pathological	1186406
mappings	1186365
hodge	1186264
snip	1186200
fascism	1186008
trimming	1185796
audiovisual	1185766
diagnosing	1185641
serene	1185408
neutrino	1185359
obligatory	1185319
wouldnt	1185260
codecs	1185012
corrugated	1184999
certifying	1184880
forbid	1184790
unhealthy	1184748
felicity	1184673
subj	1184420
asymptotic	1184419
ticks	1184410
fascination	1184058
isotope	1183977
locales	1183870
experimenting	1183850
preventative	1183776
splendor	1183490
vigil	1183443
robbed	1183375
temperate	1183312
crore	1182812
rebirth	1182806
winona	1182765
progressing	1182520
fragrant	1182515
deserving	1182463
banco	1182286
diagnoses	1182199
defeating	1182099
cortical	1182050
hotter	1181980
itchy	1181967
instantaneous	1181806
operatives	1181576
bulky	1181562
exponent	1181496
desperation	1181444
glaucoma	1181381
homosexuals	1181346
oversees	1180981
parlor	1180891
setter	1180860
categorised	1180778
diss	1180761
monumental	1180641
olaf	1180633
fer	1180616
diamondbacks	1180392
stirred	1180019
subtype	1179798
toughest	1179707
fil	1179476
facade	1179361
frankfort	1179105
monograph	1178904
literate	1178745
booze	1178694
widen	1178278
bikers	1178175
bubba	1178018
mutt	1177682
adjective	1177613
disciple	1177478
cipher	1177442
orwell	1177438
arrears	1177409
rhythmic	1177228
unaffected	1177035
bakeware	1176958
starving	1176943
vide	1176718
cleanser	1176623
sil	1176563
hearty	1176527
triton	1176486
deus	1176484
velocities	1176391
renewals	1176302
adore	1176240
entertainer	1176183
colds	1175947
dependant	1175892
thicker	1175797
weeping	1175714
ephedrine	1175618
closeup	1175476
venous	1175332
hereunder	1175002
chandeliers	1174940
moneys	1174915
ouch	1174728
infancy	1174715
teflon	1174667
cleans	1174622
dips	1174527
honoured	1174505
yachting	1174398
cleanse	1174251
chilly	1173528
rosters	1173435
herbicide	1173356
digs	1173214
bolivar	1173166
womb	1173095
irritating	1172816
monarchy	1172749
cheddar	1172483
corset	1172480
hinged	1172468
ql	1172450
chs	1171872
attendants	1171665
gopher	1171418
distal	1171371
cummins	1171350
zar	1171036
robins	1170991
booming	1170560
joss	1170180
shortfall	1170077
scandals	1170051
screamed	1170041
harmonica	1169994
cramps	1169978
enid	1169949
geothermal	1169879
atlases	1169823
kohl	1169730
digger	1169511
hosp	1169302
fluke	1168887
khi	1168772
espionage	1168656
pups	1168445
avenged	1168291
caches	1168115
stomp	1168038
glade	1168016
acidic	1167972
anc	1167914
pendulum	1167816
gangster	1167811
deliverables	1167801
bounces	1167784
censored	1167729
fascist	1167590
nehemiah	1167564
lido	1167509
matchbox	1167342
thinner	1167153
licks	1166907
caste	1166877
businessmen	1166763
jus	1166646
daft	1166488
incubator	1166449
experiential	1166382
psyche	1166306
eraser	1166247
rudolf	1166229
angling	1166195
jordanian	1166082
libra	1165757
stubborn	1165445
diplomats	1165251
physicist	1165020
tagalog	1164866
coo	1164824
requiem	1164661
bleu	1164481
redeemed	1164450
sighed	1164310
lures	1164163
ethylene	1164058
slows	1163999
inhibits	1163694
devastation	1163666
exploratory	1163652
spectrometer	1163594
heroine	1163455
achilles	1163397
outsole	1163206
flaps	1163036
inset	1162898
indifferent	1162837
polynomials	1162786
cadence	1162711
frosted	1162704
schubert	1162692
rhine	1162642
manifested	1162641
denominations	1162579
interrupts	1162573
openers	1162298
rattle	1162261
shasta	1161985
dob	1161965
insults	1161798
oatmeal	1161768
distilled	1161329
stricken	1161119
sidekick	1161100
rewriting	1160587
bahama	1160583
unrest	1160513
cascades	1160207
druid	1160196
outsider	1160162
abstinence	1160063
allocating	1159986
juveniles	1159818
nag	1159702
poodle	1159696
sitter	1159109
colder	1159029
laborers	1158941
tasmanian	1158924
hydrocarbon	1158791
lobbyist	1158764
kelvin	1158690
whispers	1158619
secondhand	1158335
swarm	1158175
clientele	1157771
ledge	1157598
technica	1157509
gratuito	1157499
peasants	1157447
nectar	1157393
hts	1157369
anecdotes	1157336
hort	1157221
bureaucratic	1157025
gilt	1157006
masterpieces	1156953
cooperatives	1156924
raceway	1156900
sopranos	1156891
symbolism	1156872
monsoon	1156756
closings	1156205
registrars	1156172
drown	1156106
strife	1156084
esprit	1155937
attaining	1155741
cto	1155741
consular	1155600
tunneling	1155527
treason	1155400
reckon	1155335
prosper	1155265
napier	1155222
methamphetamine	1155164
supremacy	1155145
murals	1154937
capillary	1154362
germain	1154136
bangs	1154062
knockout	1153966
radon	1153935
anchored	1153474
vers	1153450
mulberry	1153421
sinful	1153153
cheeses	1152848
obi	1152801
bradshaw	1152734
mythical	1152422
abyss	1152408
cristina	1152297
whitehall	1152191
malachi	1152183
autoimmune	1152087
coder	1152037
replicated	1152035
pom	1152017
timetables	1151874
anorexia	1151696
clipping	1151299
niece	1151039
irresponsible	1151026
pleas	1150940
softer	1150923
clk	1150818
paralysis	1150763
heartburn	1150762
devastated	1150759
empathy	1150746
tarzan	1150597
motivating	1150453
clockwise	1150363
shutters	1150202
flask	1150132
arisen	1150039
femmes	1150014
relentless	1149916
ribbed	1149880
omnibus	1149829
stables	1149823
frisco	1149767
inhabited	1149721
hereof	1149693
untold	1149599
observable	1149409
mitzvah	1149399
gretchen	1149394
lanterns	1149215
tulips	1149010
bashing	1148941
boosters	1148923
cyl	1148854
vigorously	1148581
interfering	1148534
idols	1147911
designating	1147879
denominator	1147752
nugget	1147435
reminding	1147429
gusts	1147366
xviii	1147271
magistrates	1146738
freestanding	1146641
resilient	1146560
procession	1146478
eyewitness	1146458
spiritually	1146331
hippo	1146063
tenancy	1146050
attentive	1146029
rupture	1145976
trad	1145826
assimilation	1145825
lyrical	1145693
clements	1145220
angelica	1144808
braided	1144706
ticketing	1144683
heterogeneity	1144613
wooded	1144287
bodied	1144243
intensely	1144112
dudes	1144089
altos	1143776
sleeved	1143664
overs	1143660
watercraft	1143465
propelled	1143427
artisans	1143402
bastards	1143397
aspiration	1143291
appended	1143227
cellulose	1143131
cathode	1143031
monographs	1142969
slammed	1142783
aviator	1142767
implicated	1142711
seriousness	1142658
conformation	1142434
intimidation	1142172
paladin	1141998
nests	1141883
civilized	1141850
marched	1141750
digitized	1141575
rotated	1141540
gaia	1141431
cassandra	1141291
cath	1141153
sighted	1140733
hopping	1140486
destin	1140373
rosary	1140145
scotty	1140138
platoon	1139832
taxa	1139655
brunettes	1139609
loneliness	1139466
pulley	1139390
alleging	1139024
unhelpful	1138852
synonymous	1138788
confectionery	1138693
regrets	1138347
consciously	1138251
microorganisms	1138217
cours	1138194
twister	1137848
footprints	1137798
sequoia	1137652
activator	1137547
priscilla	1137487
familial	1137440
stimulates	1137437
marquee	1137374
darkest	1137316
implying	1137239
conducive	1137118
resilience	1137097
thermodynamics	1137030
uncontrolled	1136988
ballads	1136796
seton	1136773
subgroups	1136569
catchy	1136483
tig	1136370
synaptic	1136251
hugely	1136221
bobcats	1136192
hostages	1136029
swahili	1135933
rosario	1135784
enrolling	1135687
fruitful	1135613
franks	1135609
commercialization	1135539
indemnify	1135404
satisfactorily	1135339
thinker	1135177
contestants	1135064
sia	1135008
cataloging	1135000
influx	1134784
convoy	1134689
tesla	1134572
sled	1134521
elan	1134393
pyramids	1134140
depended	1133997
unleaded	1133978
conveyance	1133899
mesquite	1133843
kroner	1133825
tortoise	1133746
milo	1133667
cultivate	1133655
inhibitory	1133408
phonics	1133211
crocker	1133130
refs	1132763
dialogues	1132697
meningitis	1132621
motivations	1132527
rees	1132483
asteroid	1132460
abolition	1132361
coax	1132263
padre	1132184
endings	1132071
lees	1131797
unlisted	1131675
philippians	1131551
conductive	1131505
mari	1131314
foresight	1130887
microscopes	1130559
peppermint	1130344
reagent	1130288
tod	1130210
castillo	1130206
achievable	1130204
remnants	1130064
glamorous	1129825
interacts	1129714
nailed	1129590
alum	1129510
frantic	1129446
comrades	1129180
cocoon	1129091
doth	1128975
gladys	1128937
interception	1128911
voltages	1128852
assignee	1128827
kip	1128817
bowers	1128617
strengthens	1128566
qual	1128429
dictatorship	1128173
valance	1128172
breezy	1128129
plow	1128101
pisces	1127882
orc	1127729
hemingway	1127716
mundane	1127622
rendition	1127385
yun	1127098
hui	1126915
matador	1126894
dang	1126793
foes	1126711
cloths	1126596
deletes	1126406
clowns	1126361
adjudication	1126202
lombard	1126144
barren	1126022
plead	1125870
bibliographies	1125785
behaved	1125698
embargo	1125637
condensation	1125621
yokohama	1125476
unplugged	1125423
vow	1125355
currie	1124911
claudio	1124668
blot	1124603
commentator	1124548
tailgate	1124504
patterned	1124478
sheen	1124463
specter	1124220
imam	1124147
lanier	1124012
overseeing	1123972
escalation	1123968
assent	1123944
hove	1123562
shading	1123541
polymorphism	1123494
semitism	1123470
sevenfold	1123401
woodbury	1123206
scrubbed	1123114
warts	1122886
epidemiological	1122731
medic	1122716
roundabout	1122610
harmed	1122572
paternity	1122549
conceal	1122483
grail	1122474
starvation	1122432
nostalgic	1122249
appointing	1121851
tabled	1121800
farsi	1121767
excelsior	1121611
seine	1121610
rial	1121550
flowed	1121468
sewn	1121181
zulu	1120236
criminology	1120106
rin	1120013
jeanette	1119942
rift	1119873
saviour	1119836
lapel	1119712
dup	1119506
syd	1119496
permittee	1119380
hangover	1119315
capitalize	1119296
turk	1119068
motocross	1118960
boomers	1118934
wedgwood	1118901
cupboard	1118886
youngs	1118868
archipelago	1118546
peep	1118456
deceptive	1118289
undertakings	1118260
lep	1118170
pecan	1118027
tinted	1117991
congratulate	1117780
benzene	1117769
topper	1117695
constance	1117681
manny	1117673
arse	1117611
osteoarthritis	1117604
czechoslovakia	1117405
vanishing	1117349
addictions	1117009
legislator	1116864
taxonomic	1116804
judo	1116748
notifying	1116655
aches	1116644
palmetto	1116605
kitchener	1116553
leaked	1116105
genera	1115824
sparked	1115748
idioms	1115741
poisonous	1115469
chime	1115076
spence	1115055
conner	1114986
hospitalized	1114878
mischief	1114861
fec	1114742
argent	1114728
delinquency	1114518
cana	1114443
wingate	1113966
sentimental	1113911
unsuitable	1113908
mildly	1113894
soybeans	1113467
awd	1113455
forging	1113430
pew	1113421
electrostatic	1113374
topological	1113296
waitress	1113106
coz	1113081
oversize	1113072
westinghouse	1112917
caribou	1112781
reb	1112692
expansive	1112609
footing	1112584
craftsmanship	1112478
cheetah	1111796
remit	1111713
bonnet	1111710
competed	1111700
stumble	1111648
fridges	1111508
undertook	1111486
hatchery	1111360
judgements	1111341
promenade	1111165
exhaustion	1111143
unborn	1110992
wendell	1110830
curr	1110624
hammers	1110481
fingerprints	1110433
conv	1110291
coasts	1110228
cheesy	1110227
emitting	1110155
concur	1109964
exert	1109622
madeline	1109233
sanskrit	1109184
pinto	1108872
worldly	1108744
wedges	1108674
corded	1108666
heirloom	1108649
pleasantly	1108641
portray	1108235
esoteric	1107813
luxe	1107771
messengers	1107624
mays	1107597
oboe	1106911
landings	1106841
graphically	1106821
shameless	1106631
communicates	1106439
hematology	1106193
bourgeois	1106120
yeh	1105898
napkins	1105787
expressway	1105782
unloading	1105668
steelhead	1105655
bakers	1105635
pears	1105539
heats	1105492
lucid	1105349
turntables	1105315
lobe	1105229
shiva	1105044
canaan	1104947
toners	1104880
kenyan	1104746
wynn	1104635
oppressed	1104591
infer	1104540
prosecute	1104300
motorbike	1104251
thatcher	1103923
sergei	1103798
bret	1103761
hauling	1103666
inconsistencies	1103637
battlefront	1103478
gosh	1103443
indebtedness	1103434
scramble	1103257
adversary	1103245
colossians	1103177
elsa	1103039
quaint	1102986
addicting	1102911
oswald	1102778
dipping	1102643
copa	1102329
revere	1102020
troopers	1101939
whitespace	1101865
doesn	1101832
solemn	1101329
eruption	1101076
celeste	1100853
deployments	1100842
gentry	1100809
insurgency	1100757
boyer	1100709
perceptual	1100348
enchanting	1100168
fz	1100038
preached	1099944
mica	1099816
instr	1099652
cadets	1099573
lads	1099545
rambler	1099485
drywall	1099391
endured	1099349
ensuite	1099268
fermentation	1099267
suzy	1099243
sumo	1098965
careless	1098944
chemists	1098786
inca	1098645
fad	1098363
julien	1098258
dandy	1098188
refurbishment	1098172
grassland	1097973
jeffery	1097821
narcotic	1097767
councilman	1097516
moulin	1097459
swaps	1097437
unbranded	1097415
astronauts	1097341
lockers	1097284
lookups	1097265
paine	1097105
incompetent	1096963
attackers	1096957
actuator	1096953
ain	1096838
reinstall	1096678
lander	1096557
predecessors	1096468
lancer	1096415
sorcerer	1096310
fishers	1096299
invoking	1096213
muffin	1096202
motherhood	1096193
methanol	1096088
miscellany	1096085
simplifying	1096075
slowdown	1096062
dressings	1096041
bridesmaid	1095969
transistors	1095939
partridge	1095499
synod	1095269
noticing	1095262
marys	1095130
lousy	1095083
pharm	1095064
foreseeable	1095016
nutritionists	1094916
newmarket	1094727
amigo	1094662
discerning	1094604
caddy	1094377
resistors	1094244
burrows	1094175
furnaces	1094016
zee	1093889
occupant	1093882
stm	1093592
villanova	1093438
juggling	1093403
wildfire	1093379
seductive	1093289
scala	1093246
iw	1093236
pamphlets	1093026
rambling	1092988
bedside	1092877
cesar	1092865
heuristic	1092637
archivist	1092502
legality	1092442
arbitrarily	1092401
gallup	1092401
antimicrobial	1092345
biologist	1092265
cobol	1092207
homolog	1092156
fruity	1091678
regulars	1091657
stratus	1091548
mysticism	1091535
urea	1091284
bumpers	1091055
accompanies	1090972
summed	1090845
chopin	1090795
torches	1090784
dominating	1090670
joiner	1090665
wildcard	1090545
explorations	1090457
guaranty	1090398
procure	1090281
oxidative	1090078
stillwater	1090036
sunsets	1089941
brits	1089837
cropping	1089740
pliers	1089440
kayaks	1089391
anastasia	1089286
arrogance	1089079
marxist	1089060
couldnt	1089020
diverted	1088982
forgiven	1088785
bleak	1088632
diplomas	1088455
fieldwork	1088417
christophe	1088406
damping	1088104
immunol	1087966
drudge	1087893
dolores	1087849
tramp	1087707
saliva	1087671
bootleg	1087651
intellectuals	1087570
winslow	1087569
minis	1087516
artemis	1087473
lessen	1087324
weller	1086983
syringe	1086828
leftist	1086612
diversions	1086522
tequila	1086390
admiralty	1086346
powdered	1086341
wildwood	1086218
granger	1086198
germantown	1085997
prevailed	1085924
glacial	1085890
bergman	1085880
pulitzer	1085771
tapered	1085713
alleges	1085517
toothbrush	1085306
delegations	1085235
plutonium	1085225
shredded	1085214
antiquity	1084937
subsurface	1084923
zeal	1084831
blaming	1084475
embark	1084355
manned	1084146
porte	1084129
johanna	1084085
granular	1083931
sant	1083874
bah	1083627
underscore	1083605
borg	1083569
glutamine	1083486
slutty	1083328
oscillations	1083060
doa	1082886
herbicides	1082880
inscribed	1082744
sphinx	1082363
tablature	1082226
spiegel	1082160
fertilization	1082078
glitch	1082062
gearbox	1082060
ceremonial	1082003
sonnet	1081841
stang	1081839
alejandro	1081765
constituencies	1081742
sprung	1081658
hedges	1081636
tensile	1081547
inflated	1081504
intercom	1081370
ase	1081301
envisaged	1081204
splice	1081179
crooks	1081161
splicing	1081116
campfire	1081022
prospecting	1080924
hubby	1080886
quilted	1080842
walled	1080801
graphing	1080629
biologists	1080526
immensely	1080442
relapse	1080134
debuts	1079829
diskette	1079701
commend	1079537
descend	1079518
contender	1079514
jakob	1079504
southland	1079489
bolster	1079347
nietzsche	1079334
diaspora	1079282
fol	1079067
moratorium	1079029
safes	1079012
goodnight	1078842
alcoholics	1078769
rocked	1078675
rancid	1078663
disparity	1078617
malice	1078607
swimmers	1078273
syllable	1078225
painfully	1078138
cai	1078053
pharmacol	1078030
sweating	1077565
demolished	1077432
wavelengths	1077318
unclaimed	1077291
racquet	1077282
cytoplasmic	1077273
catholicism	1077272
trident	1077184
lemonade	1077090
absences	1076894
andes	1076878
ciudad	1076725
steakhouse	1076686
stubs	1076600
josie	1076558
solarium	1076500
persists	1076478
fillmore	1076147
greenhouses	1076000
propeller	1075824
dents	1075764
spotlights	1075629
perks	1075589
anarchist	1075545
submerged	1075330
entrusted	1075233
calming	1074919
intending	1074805
cromwell	1074661
dissertations	1074532
highlander	1074446
solicitations	1074351
capacitance	1074344
birthstone	1074311
primitives	1074225
bong	1074219
lingual	1074214
unframed	1074209
iter	1074039
lar	1073991
punto	1073926
survives	1073826
vibes	1073710
darcy	1073638
funnel	1073571
moons	1073540
gent	1073509
thirsty	1073394
republication	1073323
freshness	1073306
zap	1073302
lathe	1073261
hippie	1073080
shabby	1072916
punched	1072910
petri	1072903
virgil	1072842
organizes	1072722
unaudited	1072719
summertime	1072673
marbles	1072553
airbag	1072515
cottonwood	1072505
mildred	1072160
sweetwater	1072143
deletions	1072091
cleopatra	1071914
cfm	1071871
undecided	1071780
startling	1071701
internationale	1071696
inductive	1071605
inadvertently	1071570
expansions	1071558
correlate	1071375
bursting	1071346
wird	1070907
bylaw	1070798
trims	1070444
epiphany	1070426
halves	1070410
moulding	1070332
melancholy	1070281
viewfinder	1070280
observance	1070245
leaps	1070198
hind	1070013
renaming	1069958
galvanized	1069940
plainfield	1069723
hoy	1069715
teapot	1069708
conveys	1069692
lends	1069614
squire	1069477
ache	1069323
bhp	1069158
counterfeit	1068957
pho	1068847
waller	1068830
pathogen	1068817
ust	1068690
overwrite	1068643
revitalization	1068588
yoke	1068387
resonant	1068288
outskirts	1068164
expedite	1068027
sweetness	1067747
crook	1067661
rearing	1067485
tins	1067443
typos	1067335
deliberations	1067151
glutamate	1067012
indifference	1066924
xix	1066918
invading	1066847
melton	1066642
dives	1066624
mikey	1066268
loot	1066250
telephoto	1066094
pooling	1065912
drury	1065856
coyotes	1065693
stale	1065657
cosmo	1065626
tbs	1065556
levers	1065488
sct	1065463
borderline	1065297
surgeries	1065292
lobbyists	1065281
cog	1065271
incarnation	1065224
strained	1065203
zionist	1065048
putty	1065017
reacted	1064981
admissible	1064978
sunless	1064860
puzzled	1064761
unexplained	1064682
patsy	1064602
thermometers	1064517
fourteenth	1064509
gaskets	1064503
compounded	1064491
chippewa	1064374
eldest	1064349
terrifying	1064336
climbs	1064289
cushing	1064284
uprising	1064094
gasp	1063868
nonstop	1063797
hummel	1063695
corgi	1063639
swans	1063572
tories	1063515
seasonally	1063317
hap	1063136
remnant	1063091
immoral	1062885
malkin	1062854
sacrificed	1062744
unequal	1062583
weaken	1062357
psychosocial	1062355
categorical	1062104
cupid	1061697
cline	1061564
backlog	1061536
thema	1061529
filmmaking	1061519
stalking	1061446
sturgeon	1061291
jap	1061217
piers	1061175
ensuing	1061138
mitigating	1060972
tint	1060842
dykes	1060752
revived	1060649
joachim	1060553
hodgkin	1060136
earle	1060105
hosea	1060033
haste	1059853
flakes	1059677
alfalfa	1059530
argyll	1059475
emil	1059389
joking	1059257
congresses	1059213
electrically	1059191
ophthalmic	1059134
rhetorical	1059051
prong	1059042
unreleased	1059041
simmer	1059011
vert	1058930
chaplin	1058854
smallpox	1058795
histology	1058645
overwhelmingly	1058636
waterway	1058632
klamath	1058380
atrial	1058379
migrated	1058366
equalizer	1058325
reacts	1057992
bain	1057756
norbert	1057679
complication	1057590
aubrey	1057365
vax	1057295
adaptable	1057129
sainte	1057077
yak	1056994
bitte	1056982
silt	1056975
fleur	1056974
endorses	1056882
expos	1056760
cherish	1056520
undead	1056085
berth	1056010
critters	1055985
uninterrupted	1055834
lint	1055759
blob	1055724
crabs	1055615
tuscan	1055307
ela	1055248
lingo	1055245
fundamentalist	1054766
subtraction	1054691
budding	1054566
roam	1054358
resemblance	1054299
hackney	1054260
leveling	1053902
piggy	1053871
stadiums	1053851
toto	1053776
saber	1053669
cataract	1053384
playable	1053258
midday	1053009
fait	1052908
innate	1052902
perf	1052768
interconnected	1052701
medallion	1052689
tunning	1052621
prominently	1052544
kant	1052527
platt	1052481
lexis	1052387
virology	1052306
nazareth	1052303
glanced	1051853
calais	1051811
rapture	1051733
sunbeam	1051656
abruptly	1051602
beetles	1051501
caspian	1051493
impair	1051194
stun	1051083
shepherds	1051051
subsystems	1051002
susanna	1050907
beading	1050881
robustness	1050852
interplay	1050504
ayurveda	1050490
mainline	1050473
folic	1050468
philosophies	1050256
lager	1050146
projecting	1049902
bluffs	1049829
goblin	1049829
ratchet	1049663
cee	1049659
parrots	1049654
yee	1049505
wicca	1049446
anthems	1049356
cygnus	1049315
depiction	1049250
tiered	1049114
optima	1048954
terrified	1048887
nocturnal	1048688
photons	1048648
transactional	1048644
emulate	1048404
accuse	1048371
doggy	1048362
anodized	1048339
exxon	1048332
hunted	1048330
hurdle	1048302
diminishing	1048246
lew	1048212
metastatic	1048176
encyclopaedia	1048143
errata	1048045
ridley	1047880
divas	1047835
trey	1047669
intrepid	1047626
zipped	1047626
babel	1047472
clustered	1047443
thankyou	1047316
alerting	1047216
insofar	1047092
primate	1047081
surrogate	1047047
breathable	1047032
differed	1046942
dickies	1046851
gonzo	1046835
eyebrows	1046652
compromising	1046514
programmatic	1046503
willingly	1046460
trs	1046429
teammates	1046222
harlequin	1046186
barracuda	1045994
revisit	1045819
appellants	1045523
insulting	1045324
prominence	1045264
cuckoo	1045203
inspires	1044925
initiates	1044901
acacia	1044793
whiting	1044301
fang	1044228
netting	1044090
grizzlies	1044053
methadone	1043973
contemplating	1043947
offsets	1043930
erasmus	1043704
sop	1043628
recalling	1043497
practising	1043343
hermitage	1043143
starlight	1043046
lotteries	1042832
coauthor	1042575
foyer	1042532
palaces	1042444
brood	1042305
azure	1042257
compel	1042085
airflow	1042045
contradictions	1041974
festivities	1041711
trenches	1041638
sabine	1041514
doorstep	1041402
sniff	1041321
dangling	1041274
unattached	1041180
negligent	1040936
gliding	1040577
cheung	1040359
honeymooners	1040308
woe	1040184
meditations	1040007
dieter	1039855
centerpiece	1039839
tranquility	1039691
unwind	1039665
halted	1039584
liza	1039449
outings	1039301
crotch	1039119
wavelet	1039052
drawback	1039041
smyrna	1038794
pathogenesis	1038707
diodes	1038697
realestate	1038690
reinstatement	1038681
hostess	1038635
weep	1038608
dipole	1038540
posse	1038358
mosquitoes	1038355
tangled	1038220
giga	1038186
agribusiness	1037906
frying	1037756
hesitation	1037676
imprinted	1037643
pixie	1037554
proofing	1037507
bereavement	1037389
surrendered	1037373
vehicular	1037138
bestand	1037052
workbench	1037033
landscaped	1036864
lula	1036790
westward	1036734
impala	1036625
commenter	1036613
converged	1036526
celsius	1036264
flicks	1036253
leopold	1036241
recognizable	1036118
ludlow	1036035
prefixes	1035803
saba	1035725
racquetball	1035723
embraces	1035616
flavours	1035572
pundits	1035470
unset	1035406
optimised	1035299
waxing	1035247
hitchhiker	1035199
gael	1035160
sinner	1035124
isotopes	1035059
entrez	1035049
auspices	1034946
coles	1034873
ergo	1034681
dissenting	1034592
melee	1034523
conduction	1034425
countess	1034368
pleading	1034105
grabber	1034069
crafty	1034039
orch	1033940
llama	1033922
peridot	1033816
montague	1033786
pacers	1033651
troubling	1033591
vowel	1033509
reuben	1033332
cob	1033106
fearing	1033027
coronation	1033026
parton	1032964
isabelle	1032778
dermatitis	1032522
reluctance	1032216
snowfall	1032198
inconsistency	1032085
gorman	1031868
apostolic	1031812
validating	1031766
newsstand	1031670
summoned	1031641
dossier	1031628
treble	1031575
galley	1031511
shovel	1031406
kam	1031306
entail	1031285
mashed	1031175
songwriting	1031090
aire	1031033
pacing	1030988
nighttime	1030862
fluxes	1030772
moan	1030590
finders	1030500
dictated	1030464
dca	1030303
opec	1030087
proximal	1030071
unfolding	1030013
deserts	1029901
milking	1029628
wilbur	1029357
suitably	1029188
canciones	1029159
enormously	1028873
qp	1028747
peroxide	1028613
cicero	1028580
scribe	1028438
nellie	1028215
outages	1028188
sleigh	1028137
complemented	1028127
formulae	1028052
fen	1028033
backlash	1027493
sank	1027160
frontage	1027134
blister	1027084
zs	1026992
qm	1026754
opacity	1026698
ration	1026649
humid	1026485
turing	1026480
portrayal	1026432
centenary	1026348
guile	1026260
lacquer	1026221
unfold	1026128
hammered	1026068
pedagogical	1025853
tutti	1025839
mined	1025833
caucasus	1025795
intervening	1025536
bale	1025459
astronomers	1025450
fishnet	1025386
combinatorial	1025254
thrills	1025183
therefor	1025143
unintended	1025052
sores	1024935
raman	1024735
pastures	1024520
smog	1024498
unattended	1024424
poa	1024369
playwright	1024239
punjabi	1024194
prem	1024164
zechariah	1024101
montpelier	1023924
selves	1023898
naturalization	1023665
whispering	1023584
dissipation	1023511
sprite	1023444
keel	1023303
fart	1023292
oxidase	1023113
leighton	1023039
atheism	1022796
gripping	1022602
cellars	1022403
caterer	1022391
pregnancies	1022382
tainted	1022281
dateline	1022263
remission	1022240
praxis	1022194
affirmation	1022188
perturbation	1022159
wandered	1022080
unassigned	1021964
adriana	1021932
reeds	1021880
lyndon	1021797
groupings	1021741
mems	1021728
angler	1021700
midterm	1021694
astounding	1021601
cosy	1021452
campsite	1021313
marketer	1021263
resend	1021151
augment	1020894
flares	1020861
gelatin	1020629
shedding	1020506
adenosine	1020486
glastonbury	1020336
funerals	1020335
milliseconds	1020126
swatch	1020069
eucalyptus	1020001
redefine	1020000
conservatism	1019836
backdoor	1019708
envisioned	1019572
bumped	1019181
cursors	1019027
cripple	1018899
divert	1018673
lofty	1018661
proclaim	1018465
kanji	1018304
vod	1018236
recreate	1018160
dropout	1018001
cropped	1017807
lockout	1017679
moron	1017416
townhouses	1017273
merton	1017238
horrific	1017211
ere	1017200
abacus	1017068
lifeline	1016950
richly	1016923
dao	1016773
conjugate	1016714
ravi	1016686
dogma	1016614
priori	1016603
vaguely	1016488
winch	1016374
yam	1016356
elektra	1016150
siberia	1016051
melons	1015937
shes	1015890
farley	1015887
seer	1015838
evils	1015737
spontaneously	1015714
sabotage	1015607
blueprints	1015443
limos	1015393
unavoidable	1015064
suppressor	1014850
ruthless	1014804
almonds	1014790
ecclesiastes	1014746
aptitude	1014706
birt	1014617
vial	1014511
chao	1014492
sharpening	1014460
seniority	1014348
jocks	1014285
prompting	1014238
objected	1014217
equator	1014051
unzip	1014009
guilds	1013989
blatant	1013927
floss	1013783
favoured	1013666
sarge	1013607
endnote	1013592
ridges	1013404
oysters	1013367
telugu	1013360
midwifery	1013285
huff	1013100
pornos	1013061
primates	1013017
gust	1012909
cate	1012807
receptacle	1012757
tangerine	1012609
puberty	1012229
crawler	1012165
angled	1012136
shorten	1012067
longhorns	1012066
shawl	1011728
overriding	1011434
samaritan	1011072
bends	1010930
grimes	1010676
unison	1010644
tabular	1010640
groff	1010436
amir	1010408
dormant	1010249
nell	1010110
restrained	1009965
tropics	1009932
concerted	1009816
ecumenical	1009712
tanaka	1009668
kwan	1009606
refrigerated	1009532
crouch	1009495
pence	1009358
formulating	1009335
lamentations	1009331
placid	1009328
napkin	1009290
contagious	1009095
lenin	1009073
inaccessible	1009035
marsha	1008975
administers	1008968
gradients	1008871
conspicuous	1008714
barbarian	1008628
retrieves	1008622
soaking	1008618
ferrous	1008569
reforming	1008318
gar	1008289
intrusive	1008177
thyme	1007823
parasitic	1007800
zillion	1007700
chino	1007675
ltr	1007655
abusing	1007630
caveat	1007458
receptive	1007362
toiletries	1007260
bedrock	1007239
clio	1006632
xvii	1006603
vulcan	1006324
musk	1006200
lucille	1006193
executions	1006127
forklift	1006085
refreshed	1005937
guarding	1005862
repurchase	1005668
windmill	1005542
orthopedics	1005337
lice	1005234
badgers	1004989
garter	1004872
appetizer	1004806
disbursement	1004750
telemetry	1004563
footed	1004559
dedicate	1004266
renewing	1004115
burroughs	1004109
consumable	1004056
depressive	1003641
stabilizer	1003521
skim	1003327
touche	1003271
ovary	1003163
rune	1003149
welt	1003072
accrual	1003020
veal	1002995
perpetrators	1002937
creatively	1002822
embarked	1002730
quickest	1002715
euclid	1002547
tremendously	1002541
smashed	1002472
abd	1002385
oscillation	1002305
interfaith	1002146
cay	1002108
automata	1002091
thunderstorm	1002030
payers	1002028
gritty	1001983
retrospect	1001979
dewitt	1001828
jog	1001808
hailed	1001750
miraculous	1001639
hounds	1001615
tightening	1001614
draining	1001566
rect	1001426
paroles	1001366
sensibility	1001279
rags	1001167
reborn	1001079
punching	1000845
distinguishes	1000579
treadmills	1000577
poi	1000422
bebop	1000401
streamlining	1000369
dazzle	1000224
trainings	1000194
seeding	1000093
ulysses	999894
industrialized	999879
dangle	999852
eaters	999793
botanic	999780
bronco	999773
exceedingly	999765
inauguration	999762
inquired	999701
repentance	999523
moodle	999462
chased	999429
unprotected	999415
merle	999346
savory	999249
intermediaries	999184
rotations	998916
evacuated	998915
reclaimed	998614
prefecture	998543
accented	998526
crawley	998383
montessori	998071
murine	997935
entomology	997894
rodent	997875
paradigms	997842
racket	997700
hannibal	997696
putter	997675
recursion	997602
flops	997539
sickle	997530
violently	997440
attest	997406
untouched	997170
initiator	997169
comforting	997036
zeiss	997032
creeping	997024
kerosene	996638
appraised	996617
restorative	996537
sunscreen	996319
chet	996200
peacefully	996177
antidepressants	996171
decentralized	996166
freaking	996113
bassist	995968
stature	995928
skaters	995848
sentry	995831
assaults	995815
luminosity	995649
berwick	995607
emulators	995604
vices	995524
karat	995377
ginny	995339
tolls	995273
degrading	995221
posh	995079
bangles	995072
stereos	994931
submittal	994921
fireman	994581
mink	994479
simulators	994420
zorro	994277
maniac	994236
antics	994105
ozark	993534
formative	993270
recognising	993218
interactivity	993207
corso	993128
constructors	993094
wrongly	992978
ipm	992935
cree	992892
rnd	992845
jama	992749
physicists	992692
malfunction	992684
falsely	992639
abbot	992552
magma	992528
smithfield	992361
hammersmith	992087
officio	991828
consul	991728
plagued	991605
parkland	991595
lahore	991561
aiding	991529
werewolf	991528
suckers	991255
midwestern	991253
swallows	991094
charisma	991085
chilli	991047
suspensions	990957
patronage	990921
canoes	990691
matilda	990513
fodder	990472
impetus	990419
peeled	990363
malnutrition	990258
inbred	990075
intercultural	989822
skateboards	989714
goshen	989642
whining	989593
functionally	989559
rabies	989553
catalysts	989486
arson	989351
readability	989322
cappuccino	989068
modulus	988969
cuisines	988926
tapestries	988787
transatlantic	988757
boosted	988320
sprayed	988292
gearing	988275
jak	988275
glutathione	988253
freeing	988180
kilkenny	988166
redress	988120
adoptions	988101
settles	988013
tweaking	987952
angina	987931
coupler	987783
seaman	987637
skulls	987461
cayenne	987401
minimizes	987331
balboa	987133
treatise	987068
defeats	987066
testimonies	987000
wainwright	986625
kali	986520
itch	986466
withdrawing	986264
solicited	986212
jai	985923
gard	985859
everglades	985843
chipping	985825
montage	985815
brilliantly	985811
ionization	985727
deja	985673
biases	985643
spalding	985518
dill	985517
sprawl	985396
reopen	985259
haunt	985188
hedging	985167
erased	985056
insulating	985043
resisting	984906
congregational	984849
qed	984828
waterfowl	984798
antiquities	984774
monsieur	984688
reacting	984631
inhaled	984613
fuses	984514
britt	984387
collide	984371
syst	984258
segregated	984139
blinded	983949
avengers	983939
technologist	983689
madras	983628
sacrificing	983589
pigments	983568
faiths	983524
impacting	983514
aquariums	983409
tinker	983290
echoed	983286
rigs	983211
elisha	983202
gazing	983196
arginine	983141
skepticism	983083
moot	983079
eighties	982906
televised	982625
simplistic	982397
amphibians	982133
freehold	982038
braid	981945
forester	981592
resisted	981525
encapsulated	981522
alp	981474
injector	981446
agar	981353
leung	981267
edo	981210
grained	981150
shiraz	981117
dani	980749
announcer	980698
polycarbonate	980341
disgrace	980086
mediate	979863
rein	979848
realisation	979841
irritable	979803
cunning	979573
fists	979557
divider	979417
cortez	979271
associative	979263
pennies	979169
chimp	978917
jos	978625
giraffe	978584
hemorrhage	978574
awning	978521
pia	978459
ointment	978458
spilled	978351
stroud	978336
lefty	978333
tripping	978231
heres	978028
azimuth	977916
logistical	977713
occidental	977561
vigor	977544
chariot	977505
buoy	977485
geraldine	977461
matrimonial	977357
squads	977281
tween	977071
payback	977064
disclosing	976980
hydraulics	976898
endpoints	976861
masthead	976725
ursula	976724
disbursements	976656
boucher	976649
candidacy	976629
hypnotic	976495
adultery	976493
quantification	976473
coolant	976352
seventeenth	976269
nanaimo	976235
temperament	975973
prostitutes	975877
parsed	975795
shamrock	975776
healer	975694
hive	975507
circulate	975458
warmers	975435
glued	975384
newt	975360
sycamore	975289
alleles	975151
weiner	975099
ola	975073
halftime	975029
belinda	974764
albright	974658
handwritten	974493
whsle	974453
shuts	974390
tenderness	974154
ocular	973769
sandman	973700
smelling	973663
dung	973533
scratched	973372
conclusive	973331
scoops	973251
eigenvalues	973051
alder	972850
polluted	972801
undersigned	972793
lark	972650
airbrush	972594
oda	972531
ppb	972495
restores	972420
lullaby	972209
trucker	971864
chiropractors	971844
hoes	971831
lawns	971756
midas	971675
mirroring	971543
choking	971485
castor	971100
plentiful	971017
massively	970841
stately	970817
aeronautical	970791
pwr	970509
raced	970447
deuce	970434
squirrels	970153
exhibitionism	970127
riser	969986
redux	969917
drawbacks	969891
compensatory	969793
evoked	969775
dictates	969650
couplings	969556
studded	969467
cleric	969331
individuality	969138
spared	968969
anticipating	968838
californian	968573
brownie	968396
equiv	968303
yao	968228
computes	968099
quits	968086
ensign	967853
restraining	967792
charismatic	967779
teleconference	967616
blockade	967434
nearing	967220
ruff	967030
tux	966952
burglar	966938
asymmetry	966872
warped	966860
cfd	966772
hamiltonian	966489
cdg	966484
algebras	966368
quotient	966254
tributes	966102
freezes	966045
knoll	965905
wildcat	965878
thinning	965822
inlay	965778
reddy	965755
primrose	965703
paco	965682
parting	965617
michelangelo	965533
corduroy	965501
avocado	965374
torpedo	965365
octets	965314
evaluator	965224
gid	965159
muffler	965036
jumpers	964686
troublesome	964520
manifolds	964488
eucharist	964355
variances	964262
objectivity	964042
massager	963862
incubated	963849
turnovers	963453
changers	963372
frs	963271
hereto	963160
magnetism	963103
osc	963011
inventive	962883
speculate	962777
clinician	962730
craze	962477
dispatches	962459
craftsmen	962328
curacao	962320
rapporteur	962192
desiring	962129
gump	961953
texan	961758
safeguarding	961678
grated	961391
submarines	961254
chromosomal	961144
provoke	960917
romana	960851
salesperson	960705
superfamily	960628
accommodating	960249
calvary	960162
banded	959981
deportation	959947
zoos	959877
activates	959851
cuttings	959725
hibernate	959696
ning	959666
invests	959654
extremists	959602
sculptor	959376
commended	959180
roper	959126
narrowing	959121
cyclical	958986
mechanically	958903
improvisation	958793
profanity	958756
toured	958722
archiver	958459
rainer	958446
playmate	958445
covariance	958402
scum	958309
bobble	958150
seasoning	958129
airfield	958086
flipping	958055
disrupted	958043
adolf	957923
adjourn	957864
restocking	957711
widows	957656
conveying	957594
citrine	957591
neoplasm	957579
rethinking	957374
precincts	957247
orientations	957179
volta	957170
mediums	957106
calumet	957088
pellet	957052
discern	957040
bran	957029
doggie	956964
inflow	956879
lymphocyte	956696
fumes	956671
futile	956638
disqualified	956438
fenced	956261
saigon	956181
eel	956144
animate	956038
faro	955606
resembling	955572
invertebrates	955451
totem	955271
elliptic	955168
agonist	955141
ffa	955141
experimentally	955140
hyperion	954995
drinkers	954994
hermione	954477
indus	954407
harms	954384
rethink	954177
musculoskeletal	954089
aggies	954036
asserting	953874
affluent	953564
ell	953465
truckers	953388
protesting	953288
dix	953273
lonesome	953264
liberated	953225
giro	953184
unconventional	953052
dor	952890
determinant	952869
reckoning	952715
fabian	952695
concurrence	952660
closets	952646
morpheus	952605
junkies	952461
carve	952422
jacquard	952416
metaphors	952416
assesses	952355
okinawa	952260
muster	952213
heartfelt	952092
labourer	952092
pertain	951882
quantified	951845
distortions	951716
democracies	951710
subclasses	951705
gideon	951296
gauntlet	950978
condolences	950967
martyrs	950900
hitter	950767
livelihoods	950751
psf	950636
cots	950620
telluride	950604
apnea	950562
mkt	950541
floodplain	950513
victorious	950493
sylvan	950229
crusader	949772
unnatural	949666
alphabetic	949640
tailoring	949075
shavers	949054
swish	949054
aborted	948827
blenders	948735
confessed	948695
symphonic	948618
asker	948596
nae	948489
drumming	948407
modernity	948305
patching	948289
fret	948234
olp	947879
booties	947856
abiding	947738
cancels	947718
luscious	947476
sighting	947441
relic	947341
teton	947032
newline	946974
slipper	946965
prioritize	946919
clashes	946852
ethos	946491
solenoid	946383
argyle	946309
cling	946281
underdog	946153
prophetic	946122
commune	945941
agatha	945908
tut	945899
copywriting	945850
technol	945817
haut	945626
asteroids	945561
gesellschaft	945558
circumcision	945537
neutrality	945285
ovulation	945199
snoring	944941
quasar	944899
euthanasia	944845
trembling	944767
okanagan	944713
reproducing	944694
liters	944685
comets	944483
unitarian	944278
blacklist	944221
governs	944138
rooftop	944071
goldfish	944054
delaying	944053
gums	944053
slimline	943938
reconstruct	943621
animator	943613
barbra	943589
toned	943575
erred	943538
modelled	943298
irreversible	943282
expiring	943240
encyclopedias	943160
mabel	943150
whistles	943039
jewellers	942988
understandings	942765
dared	942679
nudge	942601
seeming	942551
campsites	942480
lighthouses	942414
rosebud	942355
alf	942301
hemoglobin	942297
tung	941896
andromeda	941840
postpartum	941760
sixteenth	941640
origination	941562
doves	941403
landowner	941401
dalai	941377
preachers	941144
alden	941109
trampoline	940799
ramona	940790
glib	940763
restricts	940608
brutality	940589
gees	940569
fictitious	940552
rumour	940471
immortality	940401
intakes	940277
swearing	940094
saffron	939951
ragged	939497
peerless	939425
constitutions	939401
psychotic	939223
improbable	939043
pulsed	939013
ignite	938902
reiterated	938877
hornet	938739
jesuit	938697
atypical	938671
excessively	938566
contraceptives	938332
mounds	938273
dispatcher	938150
slimming	938150
devoid	938118
extraordinarily	938117
jms	938106
parted	938100
elites	937866
munster	937830
fifo	937691
correlates	937643
sufferers	937537
skunk	937406
interruptions	937384
placer	937312
casters	937228
lingering	937188
brooches	937071
heaps	937059
hydra	936887
anvil	936808
mandalay	936779
climbers	936725
blinking	936625
sweetest	936582
atty	936432
dishonest	936098
stalk	936028
mailbag	935992
inert	935898
dbl	935814
favorably	935793
vocation	935670
tribunals	935659
cedric	935584
doping	935575
postwar	935482
barebone	935401
thrombosis	935386
favours	935345
smarty	935252
witnessing	935019
eject	935010
seventies	934678
dilemmas	934567
rayon	934490
edwardian	934207
saunas	934002
foreigner	933982
policemen	933947
unfavorable	933594
mocha	933522
undergrad	933522
anomalous	933401
knockers	933273
katharine	933263
jitter	933242
barter	933226
supernova	933159
rowley	933154
modifies	933015
feminization	932937
frugal	932856
extremist	932852
starry	932707
thanking	932568
nouns	932444
hobbit	932223
consequent	932215
entrances	932167
multipurpose	932068
danube	932032
evasion	932025
cohesive	931743
filenames	931707
mayors	931628
tonne	931552
caster	931549
gospels	931528
wicket	931291
glycol	931263
manicure	931244
medial	931159
cora	931033
lazarus	930966
faxed	930853
bloomsbury	930852
vile	930726
misguided	930681
reunited	930359
colossal	930268
conversational	930233
karting	930230
inspirations	930159
brio	930104
blasted	930069
baskerville	930039
syndromes	929949
triples	929690
boutiques	929451
gro	929405
shingles	929355
screener	929199
hanukkah	929056
caf	929033
adsorption	928955
underwriters	928624
ppi	928587
pima	928354
actuators	928299
cumbersome	928240
internationalization	928140
pixies	928097
immersed	928061
philemon	927923
roasting	927677
pancake	927582
accrue	927430
transmembrane	927352
vented	927304
firth	927276
emf	927247
pont	926976
lunchtime	926969
miro	926891
consolation	926704
slams	926688
frazer	926500
outlay	926485
dreaded	926427
airing	926397
looping	926328
crates	926297
undated	926271
ramadan	926182
lowercase	926127
alternately	926120
technologically	926074
gracefully	925986
intrigued	925976
anaerobic	925967
antagonist	925886
pioneered	925810
exalted	925774
cadre	925745
tabloid	925735
serb	925437
jaeger	925432
pred	925427
solubility	925374
troubleshoot	925357
overthrow	925313
patiently	925254
cabot	925244
controversies	925227
hatcher	925119
narrated	925085
coders	925074
squat	925062
insecticides	925044
electrolyte	924970
firestone	924808
letterhead	924303
polypeptide	924296
illuminating	924257
artificially	924202
velour	924178
bachelorette	924066
saucepan	923948
freshest	923918
martyr	923824
hacienda	923729
koran	923696
zoned	923678
pubic	923627
pizzeria	923597
quito	923566
bae	923422
nitrous	923399
tiara	923335
elegantly	923241
airspace	923234
temptations	923092
convertor	923023
brahms	923012
genomes	923010
workable	923008
skinned	922957
irrigated	922939
hives	922837
ordinate	922750
groundwork	922732
cyril	922671
rodents	922613
seminal	922613
precursors	922464
resentment	922399
relevancy	922323
koala	922217
discus	922127
glaciers	921934
giftware	921825
peri	921769
manfred	921753
realistically	921741
hol	921731
polska	921685
loci	921682
subunits	921473
gaping	921409
infringe	921270
porta	921063
hula	921011
inferences	920996
laramie	920974
toothpaste	920874
mennonite	920713
subtitled	920644
abrupt	920475
abr	920451
fastener	920224
ctf	920173
foxy	920102
sexiest	920089
gambler	920056
dissection	919988
categorization	919979
nightingale	919893
inclusions	919743
fosters	919718
conc	919713
landau	919639
contemplate	919496
cassie	919262
peng	919135
fillers	918859
amigos	918800
symposia	918750
putt	918740
colonization	918698
crock	918524
ailments	918512
disagreed	918431
boldly	918403
narration	918263
hav	918122
typography	918022
unopened	917980
insisting	917904
yeas	917528
brushing	917514
resolves	917400
sacrament	917373
cram	917366
eliminator	917338
gazebo	917143
shortening	917061
preprint	916984
cocker	916858
cloves	916780
marketable	916698
presto	916533
retry	916420
hiram	916284
radford	916280
broadening	916191
hens	916152
implantation	916131
telex	916110
detoxification	915764
bowed	915747
whimsical	915719
harden	915461
ree	915443
molten	915434
aureus	915289
chm	915249
repaid	915240
beltway	914951
warmly	914734
grosse	914703
penang	914604
hogs	914503
sporadic	914484
eyebrow	914479
zippered	914468
brownies	914395
lessor	914394
kinases	914127
panelists	914083
charlene	914006
autistic	913942
unnecessarily	913931
equalization	913763
tess	913755
trois	913646
painless	913490
reused	913097
vari	912650
verdi	912609
annexation	912472
hydroxy	912422
dissatisfaction	912367
technologists	912190
applaud	912162
primo	912120
abolish	912065
climates	912060
speakerphone	911748
uneasy	911601
reissues	911355
shalom	911299
khmer	911263
busiest	911196
recordable	911164
dredging	911140
fray	911045
florian	911011
extrusion	910865
defamation	910696
clogs	910686
flank	910609
theron	910580
spawned	910559
cartel	910539
cep	910494
wiener	910477
theorems	910292
samplers	910269
numerically	910176
perforated	910092
intensified	910090
tamworth	909963
sexton	909942
postmaster	909852
washes	909792
shrugged	909664
electors	909611
departs	909579
zona	909468
crackdown	909394
lifespan	909304
mindful	909091
lurking	909060
hitherto	909042
cysteine	909023
egyptians	908846
responsibly	908843
looms	908800
spectre	908782
downright	908731
fantasia	908540
camisole	908502
refractory	908473
atoll	908471
counsellor	908417
shredders	908338
inexperienced	908331
gags	908238
outraged	908238
rips	908203
futurama	908083
smother	908026
ironman	907976
ducts	907928
frosty	907842
marmot	907714
remand	907694
mules	907690
sash	907517
spoof	907481
moaning	907347
ponies	907292
presets	907172
separations	907134
originates	907115
penicillin	907048
amman	907030
blight	906914
physique	906903
maturation	906863
internals	906850
bungalows	906811
refractive	906750
independents	906674
grader	906624
transducers	906611
contentious	906591
cheering	906545
intercollegiate	906352
archibald	906271
emancipation	905990
duchess	905868
rainier	905792
commemorate	905709
spout	905624
perish	905332
snapper	905301
hefty	905281
ipr	905270
hoist	905107
narrower	905072
captivity	905059
peyton	904978
overloaded	904957
shorthand	904902
ceres	904726
bravery	904631
lizards	904416
fergus	904212
sincerity	904202
hairless	904138
oar	904125
lactation	904112
flagged	904026
offbeat	903860
relics	903821
relish	903789
teenie	903739
protons	903658
imagining	903598
machined	903576
belongings	903475
eviction	903425
lire	903373
legislatures	903321
unchecked	903033
knocks	902819
regionally	902752
alfonso	902737
showcasing	902702
contradict	902559
certifies	902529
scarcity	902492
primes	902401
fleeing	902311
filament	902120
theorists	901905
liturgical	901774
easements	901657
celia	901589
disguised	901508
implanted	901418
exogenous	901214
sault	901099
thrash	901098
trolls	901081
flor	901057
antiquarian	901046
fluency	900900
uniting	900891
oleg	900793
behaves	900721
slabs	900683
conceivable	900676
analyzers	900494
agate	900451
incline	900347
hartmann	900171
scorer	900076
swami	900023
oilers	899959
listers	899702
bai	899696
ordinated	899694
soliciting	899652
thoroughbred	899633
arlene	899632
oneness	899615
dividers	899551
climber	899495
recoverable	899487
commonplace	899385
intellectually	899290
cruces	899225
casanova	899118
himalayan	898952
lactose	898662
competitively	898566
downfall	898472
nahum	898297
bookcases	898268
strides	898259
raja	898115
vanish	898091
lofts	897893
feral	897865
ute	897846
neurosurgery	897802
transmits	897775
ringgit	897590
impatient	897557
aforesaid	897511
elbows	897459
truce	897431
ukranian	897259
parmesan	897145
kiosks	897044
stairway	896992
woodrow	896896
sou	896817
boar	896795
vertebrate	896746
hooking	896673
physiotherapy	896301
laird	896267
multiplicity	896177
objectively	896169
resigns	896160
billabong	896141
prepayment	896127
anguish	895923
perfected	895903
petal	895903
bangers	895838
handgun	895787
miscategorized	895672
odors	895586
mite	895541
clipped	895429
innovator	895365
mitochondria	895356
amicus	895203
vijay	895191
redirecting	895155
shih	895014
cervix	894957
jed	894798
dries	894704
sikh	894501
annoyance	894491
grating	894474
prostitute	894367
mina	894199
elixir	894100
sewerage	894074
guardianship	893986
gamblers	893967
autre	893881
mantis	893825
peeps	893768
alerted	893630
reverence	893456
remodel	893360
carpal	893307
sardinia	893307
natalia	893305
outweigh	893196
condiments	893141
adventist	893083
eggplant	893073
bunting	892992
avenger	892897
spar	892695
undocumented	892661
waugh	892508
captivating	892504
vaccinations	892431
tiers	892403
gutierrez	892345
centurion	892171
propagate	892094
needham	892074
prosecuting	892014
slavic	891702
photocopying	891610
nutritious	891604
marguerite	891582
vapour	891492
pluck	891481
cautiously	891365
prick	891337
contingencies	891328
avn	891310
dressage	891248
phylogenetic	891107
coercion	891100
morbid	890907
refresher	890804
picard	890790
rubble	890671
scrambled	890511
cheeky	890500
arco	890491
agitation	890368
proponent	890334
truthful	890045
woodpecker	889997
herds	889724
bioethics	889659
redo	889612
penetrated	889589
piranha	889332
rps	889240
uncompressed	889021
pseudomonas	889009
adder	888956
weakest	888908
weakening	888902
avionics	888869
minimization	888832
nome	888754
ascot	888745
linearly	888695
anticipates	888574
genesee	888503
poignant	888416
germs	888353
grays	888341
frees	888094
punishable	888057
fractured	888016
psychiatrists	887988
bom	887929
waterman	887924
brat	887829
uranus	887779
multiplex	887722
salient	887583
bradbury	887554
babysitting	887553
gabe	887476
beehive	887185
censor	887109
aeon	887034
shorty	886954
injecting	886905
discontinuity	886807
semitic	886778
wits	886638
enquirer	886566
perverted	886556
downturn	886537
bordering	886496
fission	886480
modulator	886464
widowed	886454
tombstone	886313
choreography	886297
nth	886135
begged	886076
buffering	885982
killarney	885875
flushed	885862
scoping	885859
cautions	885761
lavish	885755
roscoe	885705
brighten	885679
vixen	885674
mammography	885647
whips	885594
marches	885498
nepalese	885220
xxi	885167
communicable	885046
enzymatic	884992
melanogaster	884888
extravaganza	884680
anew	884664
commandment	884612
undetermined	884592
horner	884554
yah	884520
conceded	884501
circumference	884474
postpone	884440
underestimate	884360
disproportionate	884241
pheasant	884202
alonso	884090
bally	884078
marrying	883879
carvings	883858
cooley	883844
exponentially	883638
chechen	883505
complains	883320
bunnies	883222
choppers	883221
earphones	882970
outflow	882953
resided	882941
terriers	882936
scarab	882933
toasters	882911
skiers	882874
weasel	882627
raunchy	882625
biologically	882600
venerable	882393
qe	882338
pell	882004
toasted	881930
admirable	881910
illuminate	881857
fades	881747
octane	881715
bulge	881613
lucinda	881381
funders	881234
kal	880963
brittle	880926
environmentalists	880659
bandits	880573
politely	880542
soapbox	880443
watermelon	880379
ingenious	880368
carols	880237
pensioners	880099
elongation	880062
obadiah	879661
boardroom	879524
taping	879253
somatic	879135
fcs	879085
hepburn	879009
fetched	878933
alderman	878712
slump	878659
laude	878641
nerds	878641
coughing	878491
simulating	878491
hiatus	878386
enrol	878274
upholstered	878180
evangelist	878138
louvre	878086
spurious	878052
gloom	878018
apts	877838
aikido	877686
batches	877634
dap	877625
angelic	877537
astrological	877393
nobility	877305
shippers	877245
cav	877191
wildflowers	877094
polygons	877083
delimited	877068
noncompliance	876981
afternoons	876925
ramifications	876834
wakes	876767
ashore	876754
workman	876678
swimmer	876633
sitio	876589
unload	876542
loon	876231
babysitter	876171
linotype	876121
marge	876008
pes	875938
mediators	875844
hone	875783
jockeys	875781
wanderers	875723
seater	875688
deliverable	875589
sips	875588
badness	875536
sanding	875431
undertakes	875314
miscarriage	875107
vulgate	875090
stoned	875046
buffered	874997
provoked	874929
lakeshore	874675
herr	874531
fables	874484
aland	874439
pelham	874326
crumbs	874286
wort	874102
ronin	874042
comps	873979
greco	873704
palisades	873674
edema	873634
confidently	873614
commences	873487
dispense	873185
dangerously	873155
figaro	873051
sadie	873023
protested	872878
capitalists	872866
carotid	872749
accusing	872745
stink	872742
convent	872700
childish	872504
squish	872292
adhered	872136
priesthood	872119
jagged	871939
midwives	871918
nab	871774
cyclones	871733
dispersal	871628
overt	871540
snowflake	871518
verbally	871241
squeak	871207
sterilization	871203
assessors	871189
chenille	871179
dehydration	871176
haircut	871157
misconceptions	871106
constituting	871104
undeclared	871082
bari	871052
nuns	870978
songwriters	870813
tolerances	870770
incarceration	870763
pronounce	870681
scorpions	870680
hierarchies	870515
lactating	870425
incompleteness	870398
aquamarine	870235
dearly	870151
suggestive	870113
sedimentation	870020
optometry	869991
electrified	869811
mobilize	869760
attendee	869716
unbalanced	869699
dialogs	869618
rpt	869614
gypsum	869600
slime	869502
baroness	869484
trajectories	869368
winnings	869323
imaginable	869241
bromide	869119
leapfrog	868848
lui	868809
thermoplastic	868795
crusaders	868725
summing	868568
lament	868477
gregor	868432
terraces	868409
canyons	868385
predatory	868192
descendant	868120
disgust	868088
deterrent	868064
banked	867916
duplicating	867869
rationality	867752
screwing	867732
dismal	867714
ranches	867691
cochin	867689
tuba	867647
prologue	867619
encodes	867564
whaling	867521
garamond	867510
cirrus	867450
kilometer	867428
patrols	867425
stumbling	867151
swung	867135
outlaws	867086
waved	867023
modifiers	866970
hijack	866886
libel	866830
ellipse	866759
accorded	866653
alarmed	866610
justine	866589
fryer	866546
jest	866519
eskimo	866211
dammit	866034
luce	865938
ade	865770
editable	865732
greats	865724
boron	865654
strapped	865570
bolivian	865511
reluctantly	865419
phobia	865143
woodwork	865089
centrifugal	864931
authorship	864815
riffs	864669
cavities	864610
cravings	864461
decidedly	864360
pau	864325
apathy	864296
mercantile	864143
stalled	864089
infused	864069
peaked	864000
stronghold	863984
tetra	863969
alb	863789
retrofit	863679
bearded	863617
greasy	863561
coalitions	863507
tactile	863413
vowed	863379
cinematography	863361
carnage	863190
asher	863144
skier	863046
storyteller	862964
ingenuity	862805
ischemia	862690
mort	862532
infested	862499
wristbands	862423
creeks	862386
bessie	862285
hibiscus	862263
rheumatology	862196
somers	862120
rattan	862064
coroner	861881
cray	861878
irregularities	861864
tiled	861822
waterbury	861797
selectivity	861736
elaboration	861667
hectic	861581
haggai	861554
demonstrators	861535
raiser	861493
sanger	861440
mullen	861397
periphery	861378
predictors	861325
snuff	861230
convene	861206
woodwind	861164
vai	861083
calmly	861072
horribly	861042
dilute	860860
contemplation	860693
rcd	860693
woodside	860652
gaseous	860376
megabytes	860372
afflicted	860349
gloomy	860297
naturist	860242
zephaniah	860156
airbags	860142
plethora	860134
cabriolet	860017
retiree	859761
anthropological	859724
orchards	859602
prophecies	859451
buckeye	859329
dollhouse	859304
stereotype	859245
escalade	859130
breakaway	859017
marques	858800
sealants	858645
septuagint	858613
dinghy	858539
pertains	858424
gnus	858386
melia	858360
feedbacks	858356
concurrency	858294
clothed	858285
plummer	858241
hoya	858222
italians	858192
flied	858118
talon	858061
repellent	857921
ped	857816
blowers	857636
sorcery	857364
abstain	857265
remodeled	857096
barring	857025
undermined	856986
situational	856889
tid	856784
bestowed	856773
chakra	856752
habeas	856701
inactivity	856676
crewe	856635
grassy	856550
aprons	856540
clumsy	856450
vivendi	856090
columbian	856074
emulsion	856056
fielder	856041
biosphere	855964
plumpers	855867
pounded	855854
ollie	855837
stint	855795
federalism	855647
rousseau	855380
sarcasm	855288
laminating	855279
accomplishing	855220
colitis	855207
unincorporated	855075
liang	854892
cryogenic	854862
homologous	854791
overturned	854788
uphill	854529
hassles	854443
maximus	854412
symptomatic	854363
warmed	854320
parable	854274
jolt	854101
affords	854024
bipartisan	853951
rhodium	853812
exchanger	853734
preseason	853733
bumble	853616
intimidating	853580
deadlock	853482
placenta	853389
brainstorming	853009
wea	852937
deriving	852924
sarcoma	852882
sniffer	852878
quadrangle	852865
elects	852825
eradicate	852744
bioscience	852691
tricia	852613
residuals	852590
likeness	852586
jem	852527
alpaca	852363
degrade	852281
xref	852210
flemish	852160
shred	851931
mailers	851914
tented	851833
steamed	851680
skew	851662
aroused	851443
hollands	851308
modernism	851192
remittance	851132
sieve	851108
alienation	851014
didn	850882
guidebooks	850828
reddish	850815
wye	850654
biosciences	850563
habakkuk	850528
binge	850412
impulses	850339
interpol	850320
pleads	850104
cyst	849967
hexadecimal	849815
scissor	849814
goliath	849803
smyth	849678
caprice	849643
mott	849625
hors	849560
horned	849509
jazzy	849457
headboard	849441
fowl	849429
janus	849375
hester	849278
benevolent	849253
superstition	849215
standardised	849008
cations	848975
cohorts	848834
ecole	848801
centos	848794
hysterectomy	848218
housings	848199
camilla	848057
pharmacokinetics	847806
loopback	847648
torsion	847556
ultrastructure	847532
rarity	847526
limbo	847468
lucida	847391
shove	847364
leftover	847319
sykes	847255
anecdotal	847245
accusation	847191
arboretum	847088
flake	847014
ischemic	846688
illustrators	846656
hating	846508
pate	846490
sewers	846440
spores	846417
plugging	846392
mahmoud	846353
arent	846105
vignette	846095
shears	846047
homebrew	845987
pheromone	845929
fireball	845925
flutes	845896
tabernacle	845877
decorator	845861
minced	845695
harmonious	845686
westerly	845387
modernisation	845269
despatched	845261
munitions	845156
symmetrical	844976
liberalisation	844936
modality	844936
ornate	844908
utilise	844792
midwife	844751
appellee	844662
granules	844647
uniformed	844566
multidimensional	844556
rollout	844429
snug	844329
homegrown	844286
reinforces	844193
coveted	844165
dirham	844154
myc	843956
prohibitions	843936
esophageal	843935
moulded	843811
deceived	843803
approximations	843701
convict	843701
intermediates	843661
albumin	843629
grantees	843587
tossing	843538
regularity	843301
criticised	843171
sativa	843170
lawfully	843098
paramedic	842997
goethe	842898
stressing	842896
slade	842883
potable	842826
intensities	842758
dumas	842623
antidepressant	842606
jester	842423
notifies	842395
recount	842385
ballpark	842357
orca	842212
mascara	842185
proline	842097
dearest	842074
nema	842041
nook	841950
wipers	841917
snoopy	841861
commensurate	841778
schiller	841687
bowler	841643
unleash	841566
bls	841403
koss	841293
captioned	841241
wiser	841127
gallant	841095
summarizing	841077
disbelief	840992
gon	840908
baritone	840869
unqualified	840861
cautioned	840858
recollection	840826
relativistic	840680
rotors	840598
bagels	840450
locomotives	840342
condemns	840158
fastening	840156
jeweler	840136
subliminal	840040
insecticide	840009
ostrich	839627
maud	839579
spline	839571
undisclosed	839542
flirting	839540
letterman	839451
misplaced	839213
prosecutions	839176
dido	839057
towson	839013
poisoned	838998
researches	838885
malayalam	838802
chou	838762
discriminating	838711
loo	838586
pallets	838429
uplink	838389
exclamation	838388
terrence	838249
intercepted	838199
ascendant	838163
flung	838045
probationary	837987
abducted	837949
warlock	837920
breakup	837900
fiche	837884
juror	837876
eam	837839
bowden	837751
goggle	837713
railing	837646
metabolites	837631
cremation	837617
brainstorm	837616
banter	837592
balconies	837519
awaken	837473
bateman	837393
pigeons	837245
coffeehouse	837150
singularity	837148
signify	837139
granddaughter	837137
trolling	837054
subdirectory	836860
progeny	836764
grads	836760
alters	836752
andi	836638
gratefully	836497
divergent	836489
fleets	836439
dorian	836234
donut	836168
libido	836163
fuselage	836161
diabetics	836133
tackled	836117
ballerina	836077
shoals	835875
paseo	835840
tributary	835802
clique	835775
rosy	835700
redheads	835620
curran	835578
diam	835571
satanic	835363
ragnarok	835353
summarised	835268
torment	835075
mussels	835042
emigration	834941
conscientious	834936
howl	834901
hobs	834729
eft	834657
endometriosis	834649
cushioning	834625
hir	834553
ecclesiastical	834473
crippled	834447
belvedere	834387
hilltop	834355
tabor	834301
nar	834213
tenet	834143
acetyl	834126
boomer	834072
fifteenth	834050
chute	834005
perinatal	833998
multichannel	833915
petr	833914
bohemia	833864
daredevil	833828
mountainous	833765
fonds	833672
ogre	833396
unforeseen	833382
pickles	833360
submissive	833354
curses	833291
goss	833170
mulch	833160
stampede	833159
utilised	833028
marinas	832793
whine	832743
streptococcus	832686
nus	832617
landfills	832187
fatality	831998
baud	831889
looming	831822
undies	831803
zo	831746
prepay	831707
sped	831623
kodiak	831578
printout	831541
nonresident	831513
ankles	831284
roo	831225
soulful	831148
mosques	830923
fouls	830765
guerilla	830523
squeezing	830359
fisk	830309
canes	830262
serendipity	830226
follower	830052
euler	829981
sequentially	829930
yogi	829863
landslide	829560
alumina	829273
degenerate	829248
spiked	829239
evolves	829175
cru	829127
misrepresentation	828908
iberia	828865
duffel	828727
goodrich	828535
strung	828473
subfamily	828429
chanting	828312
wrestler	828254
perennials	828218
officiating	828215
hermit	828204
behaving	828159
ary	828151
matchmaker	828108
sagittarius	828086
locates	828023
dysfunctional	828019
bulletproof	827989
josiah	827945
deepen	827936
stenosis	827708
chg	827698
acadia	827587
pats	827514
abrasion	827493
valentin	827489
mora	827473
reciprocity	827417
opportunistic	827337
analogs	827241
crease	827105
hillcrest	827097
cantor	827009
wis	827005
econometric	826995
cro	826599
bartholomew	826553
ringers	826364
diced	826353
fairgrounds	826321
perseverance	826234
cartons	826215
mustangs	826212
enc	826190
pharmacological	826010
headwear	826002
paediatric	825984
impede	825677
academically	825603
clasps	825395
tilted	825316
vicar	825292
confines	825227
prank	825027
repent	824802
agreeable	824533
centrum	824340
kinks	824164
riddles	824133
pulpit	824005
appreciates	823964
contoured	823932
marshes	823852
schematics	823845
bellies	823818
dojo	823594
corrosive	823545
ambush	823531
interfacing	823522
palazzo	823331
franciscan	823305
heparin	823123
figurative	822947
gait	822923
hardcopy	822857
emphasised	822783
connective	822706
bonfire	822652
aversion	822368
dunlap	822211
biophysics	822025
chromatin	822007
roxanne	821928
stiles	821755
stewards	821566
chauffeur	821561
wasteland	821501
elicit	821500
plotter	821499
henrietta	821495
slapped	821476
bitten	821475
cymraeg	821453
alc	821446
meek	821398
lind	821381
doodle	821153
arb	821147
martyn	821022
dynamo	821005
chronologically	820941
whitfield	820767
stow	820763
eide	820678
summon	820528
skeletons	820482
shabbat	820362
parchment	820192
accommodates	820179
lingua	820013
stacker	819913
distractions	819863
forfeit	819806
paddles	819765
unpopular	819691
republics	819675
touchdowns	819638
plasmas	819628
inspecting	819552
retainer	819543
hardening	819519
barbell	819496
loosen	819463
awk	819454
bibs	819379
beowulf	819374
sneaky	819351
undiscovered	819328
smarts	819187
synthetase	819156
imputed	819115
alignments	818971
cabs	818965
coached	818870
cheated	818815
restroom	818668
spatially	818499
willows	818438
preprocessor	818360
hump	818286
delft	818200
marginally	818058
communicative	817986
grieving	817774
chastity	817743
invoicing	817605
carney	817574
flipped	817365
faust	817186
fright	817153
harbors	817115
adorned	817078
obnoxious	817052
diligently	817011
surfaced	816989
decays	816962
glam	816946
cowgirl	816923
mortimer	816893
marvellous	816789
nouvelle	816766
easing	816730
layoffs	816522
matures	816389
picket	816389
thrones	816386
emilia	816308
eyre	816296
maturing	816105
margarine	816072
illogical	816055
awakened	816053
beet	816051
suing	816011
brine	816003
sneaker	815930
waning	815920
cartwright	815878
glycoprotein	815668
armoire	815525
queued	815362
sab	815338
hydroxide	815265
piled	815240
mtd	814891
twinkle	814811
lodgings	814732
fluff	814535
shifter	814520
cartography	814365
supple	814347
geld	814215
predicates	814158
unfit	814145
uttered	814010
rumanian	813941
zeitgeist	813936
nickelodeon	813928
apar	813885
tending	813856
shaggy	813846
elongated	813787
ordeal	813617
pegs	813564
astronomer	813549
hernia	813497
incompetence	813401
stabilizing	813337
anil	813282
flicker	813276
pullover	813191
relieving	813191
towering	812993
operas	812910
slaughtered	812883
hoodwinked	812815
assaulted	812496
beastie	812460
rouse	812361
appel	812311
yucca	812282
harvester	812218
emmett	812084
spiel	811922
shay	811914
impurities	811903
stemming	811874
inscriptions	811818
obstructive	811779
tentatively	811676
tragedies	811653
interlude	811630
retroactive	811542
briefed	811483
dialects	811410
vas	811307
ovid	811300
carcass	811220
gizmo	811158
atherosclerosis	811099
casually	811018
scamp	810996
demography	810954
freedman	810881
migraines	810844
newborns	810548
restarted	810384
reprise	810286
meow	810281
kilograms	810086
zig	810033
packager	809981
populate	809976
lash	809951
ills	809854
arcane	809848
impractical	809745
danes	809689
decentralization	809561
honeymoons	809542
authoritarian	809504
judaica	809397
cardholder	809244
peavey	809165
pebbles	809090
ident	808896
quicksilver	808862
sacked	808821
omen	808657
effortlessly	808626
forfeited	808522
cysts	808464
penney	808242
stipend	808238
conceptions	808213
snorkel	808168
amin	808139
iridium	808103
conserving	808082
toppers	807994
amulet	807959
informally	807876
alternator	807829
underwriter	807753
panhandle	807615
sarcastic	807611
indemnification	807413
bombed	807277
complexion	807246
daisies	807181
informant	807179
elt	807125
sorrows	807102
guaranteeing	806596
aegean	806529
boobies	806401
sandia	805918
pacs	805829
sluggish	805640
helms	805535
brig	805525
sherpa	805395
tuff	805372
coy	805301
ligands	805262
sorghum	805178
grouse	805156
nucleotides	805018
reginald	804860
wierd	804835
pasted	804813
moths	804700
enhancers	804629
collaborated	804574
lila	804554
evoke	804417
slotted	804346
fila	804290
decking	804252
dispositions	804177
accelerators	803832
nit	803690
amorphous	803676
tributaries	803547
townships	803546
rab	803468
hideaway	803405
dwayne	803400
coda	803385
cyanide	803269
assam	803070
marek	803041
interlibrary	802976
mousse	802908
provenance	802902
sog	802844
shameful	802660
chiffon	802599
fanfare	802594
mapper	802564
boyce	802519
dystrophy	802482
archaic	802317
elevate	802256
deafness	802253
footballs	802029
bec	801894
sala	801858
laureate	801795
contemporaries	801735
syphilis	801731
vigilance	801669
appalling	801647
palmyra	801644
foxes	801589
affixed	801075
tss	800925
ticking	800814
pantheon	800776
gully	800734
epithelium	800663
bitterness	800632
brill	800254
defy	800149
stor	800075
webbing	800065
bef	800062
consumes	799880
lovingly	799867
agua	799754
thrush	799638
bribery	799623
smokes	799555
untested	799452
ventilated	799431
overviews	799401
kettles	799237
ascend	799236
flinders	799158
hearst	799065
verifies	799064
reverb	799031
kays	799027
commuters	798995
nutmeg	798944
crit	798931
chained	798899
canceling	798827
magnify	798801
gauss	798776
precautionary	798721
artistry	798720
travail	798694
livres	798634
fiddler	798576
wholesome	798427
wrists	798287
severed	798281
mites	798205
rubric	798108
headlamp	798089
operand	798061
puddle	798026
azores	797934
kristi	797822
vegetative	797739
agora	797585
macho	797523
sob	797503
elaborated	797387
reeve	797352
embellishments	797340
willful	797316
grandeur	797270
plough	797262
staphylococcus	797120
mansions	797050
busting	796835
foss	796670
overheard	796526
wooster	796428
persisted	796385
whereabouts	796302
substring	796291
haydn	796271
symphonies	796204
reclining	796181
smelly	796103
bounding	796043
hangar	795985
ephemera	795879
annexed	795870
atheists	795807
umpire	795626
testicular	795619
orthodoxy	795593
kilt	795500
doubtless	795425
wearable	795330
carling	795298
buildup	795268
weaponry	795170
keyed	795167
esquire	795101
cryptic	795088
primus	795011
landline	794931
wherefore	794878
entrees	794851
corpora	794823
priv	794784
cholera	794749
antiviral	794582
midsummer	794561
colouring	794518
profiler	794504
intoxicated	794218
minimalist	794120
mysore	794110
jerks	794019
wolverines	793978
protagonist	793668
mise	793664
darius	793662
bullion	793602
deflection	793586
hateful	793568
rata	793546
propensity	793501
journalistic	793412
essences	793380
kingfisher	793272
moline	793197
takers	793151
dispensed	793001
hiroyuki	792919
walleye	792756
lemons	792745
bagel	792721
stratum	792612
vendetta	792535
wists	792363
lod	792188
restrain	791906
clutches	791875
chil	791835
walkway	791729
cults	791725
whit	791698
coos	791674
amaze	791672
petrochemical	791555
rembrandt	791514
estado	791430
easel	791426
carer	791142
humankind	791114
potion	791095
ovation	791068
paddock	791033
inverters	790872
numerals	790772
surpassed	790684
vino	790639
gable	790611
johnnie	790582
thirteenth	790404
laced	790357
quill	790160
cie	790150
saa	790124
zucchini	789907
mares	789891
enthusiastically	789840
fetching	789835
chaps	789805
lanai	789800
tendon	789636
chiral	789614
fermi	789613
newsreader	789577
bellows	789546
keats	789512
cuddly	789500
deceit	789420
caro	789406
unmarked	789316
joyous	789285
shp	789258
boswell	789185
venting	789114
estrada	789105
pricey	789080
shekel	789030
infringing	788981
diocesan	788971
readout	788900
clarifies	788676
gunner	788624
dimes	788616
verso	788583
samoan	788362
absorbent	788293
grossly	788099
cranky	788077
cleft	787981
paparazzi	787967
merida	787837
interceptor	787823
clog	787644
hongkong	787407
rox	787390
impoverished	787379
stabbed	787357
teaspoons	787293
banding	787236
nonstick	787234
origami	787120
arf	787113
yeti	787113
comedians	787111
awnings	787081
umbilical	787072
sill	787068
donates	786994
foursome	786898
lucknow	786867
bleaching	786739
isolde	786673
startled	786546
mathematician	786512
untrue	786470
algonquin	786386
moisturizing	786354
hurried	786287
disqualification	785928
angiotensin	785904
spitfire	785890
staggered	785755
vacated	785708
summation	785545
querying	785460
autonomic	785295
pathname	785276
ufos	785217
fitz	785101
dura	785069
fingered	785042
manatee	784958
apprentices	784896
qh	784895
restructure	784872
larval	784870
resettlement	784797
mistakenly	784752
radiative	784730
drapes	784596
intimately	784589
koreans	784577
womans	784484
groin	784476
booted	784230
allie	784184
algerian	784119
frat	784114
electrics	784073
joni	783994
sprouts	783956
bower	783946
stencils	783762
extremity	783703
reinventing	783667
orphaned	783636
requisites	783633
prudence	783272
shopped	783241
hypnotherapy	782969
gingerbread	782940
abp	782935
tasteful	782786
puritan	782700
checkpoints	782699
osiris	782592
affirming	782545
pieter	782509
salud	782447
excavations	782380
forearm	782319
distract	782232
seaport	782221
flashed	782215
longs	782210
sideshow	782188
classifier	782108
repro	782095
buns	781861
deceive	781724
colonialism	781677
civilisation	781592
starved	781539
scorers	781526
sitcom	781513
pastries	781448
colosseum	781308
stipulation	781273
authorizations	781164
emptiness	781071
holsters	781042
neuropathy	781009
backorder	780990
shoemaker	780888
cushioned	780862
dada	780782
hastily	780738
mcf	780728
invader	780375
patriarch	780160
conjugated	780152
consents	780128
unethical	779893
nils	779829
polynesian	779752
swain	779597
alphanumeric	779429
grumpy	779351
lain	779288
holm	779257
sirens	779211
mourn	779010
benelux	778909
abandoning	778900
oddities	778893
soften	778877
caters	778870
troupe	778742
blacksmith	778685
tol	778670
coagulation	778662
suicides	778646
girly	778626
powerfully	778523
archdiocese	778518
compromises	778348
orbiter	778331
thirdly	778310
classifying	778247
deepening	778101
keyless	778081
repatriation	778044
tortilla	778015
dissociation	777982
watercolour	777961
unfairly	777870
opticians	777697
calico	777581
wrongs	777466
bottleneck	777462
pores	777460
regressions	777421
undermining	777295
burnside	777266
colossus	777214
buckeyes	777127
bodywork	776961
applique	776815
frivolous	776741
indecent	776640
dishonesty	776567
redefined	776506
oiled	776472
microbes	776466
empowers	776442
sharpen	776397
tots	776366
goalkeeper	776318
phonetic	776290
blurb	776249
compiles	776146
encoders	775930
oppressive	775923
coined	775848
boomerang	775713
structurally	775559
moray	775524
caveats	775459
simeon	775459
onslaught	775336
birdie	775268
disseminating	775265
lanyard	775214
horst	775209
interlock	775135
noses	775113
pagers	775102
treasured	775075
sharpness	775037
esophagus	774911
corral	774830
jackpots	774727
optometrists	774547
zak	774508
fortnight	774454
hickey	774415
erode	774411
unlicensed	774368
plunged	774276
reals	774273
modulated	774207
defiant	774167
termite	774144
ibuprofen	774136
drugstore	774046
brisk	774000
audiology	773987
integrals	773873
lysine	773823
sizzling	773529
macroeconomics	773466
tors	773414
thule	773372
meath	773366
ponce	773276
perjury	773202
kaleidoscope	773182
busters	773022
generality	772930
absorber	772906
vigilant	772884
nessus	772859
pronto	772727
vistas	772687
imager	772671
eerie	772484
kannada	772480
sailboat	772469
hectare	772450
netball	772434
furl	772402
arne	772400
holographic	772398
stonewall	772286
wrestlers	772270
salaam	772146
jackass	772104
respirator	772060
installments	771768
hogg	771751
partying	771706
sav	771612
exited	771601
geometrical	771574
crispy	771553
priory	771548
coffees	771495
sequin	771263
epsom	771110
bandwagon	771081
corpses	771075
wiping	771053
mercenaries	770978
bronchitis	770970
myst	770889
polymerization	770823
therese	770671
whirlwind	770647
howling	770604
apprehension	770598
nozzles	770575
raisins	770569
turkeys	770482
snitz	770432
unbelievably	770322
pasting	770229
hora	770107
butyl	770092
ppd	770078
forested	770069
unrivaled	769989
bobbie	769971
roadways	769898
shale	769742
diligent	769726
varna	769723
maidenhead	769684
almanacs	769550
adversity	769501
randomness	769441
muon	769372
caliper	769125
woolf	769007
innovators	768952
anode	768949
microprocessors	768935
tps	768923
stk	768873
torts	768869
siting	768852
misinformation	768751
aneurysm	768715
closeups	768597
egress	768408
prp	768367
eroded	768360
adjectives	768358
crepe	768351
dum	768244
bol	768207
alastair	768187
agr	768186
sheepskin	768103
concave	767903
heresy	767790
armory	767773
colognes	767669
contestant	767668
snell	767608
believable	767479
anesthesiology	767475
forthwith	767470
avert	767435
oat	767422
guise	767344
curiously	767288
fullness	767287
culminating	767216
melatonin	767159
vomit	767124
bongo	767108
compounding	766965
afar	766928
terr	766866
ebb	766862
xw	766847
shaky	766843
bloke	766763
brutally	766671
cess	766665
pennant	766635
electrochemical	766527
nicest	766525
slalom	766320
necks	766318
lak	766290
calif	766201
aquatics	766182
levee	766160
hindus	766092
lurker	766082
chews	765973
hoodies	765908
phony	765758
vila	765694
powerless	765643
nikko	765450
populace	765410
grasslands	765407
deliberation	765336
soles	765275
monolithic	765266
jetty	765224
engr	765076
luster	765041
subcontract	765016
overrun	765007
undone	765001
prophylaxis	764974
cotswold	764736
delia	764694
guillermo	764681
unstructured	764651
habitual	764616
alhambra	764577
mee	764543
uplift	764473
causeway	764322
murderers	764280
restated	764163
nukes	764161
duplicator	764157
reopened	764133
fundamentalism	764112
australasian	764002
guid	763997
inhabit	763992
conglomerate	763968
rerun	763880
segmented	763834
cranberries	763804
fastened	763772
leas	763763
pleated	763707
handshake	763580
extradition	763489
digests	763468
innovate	763429
perils	763414
jerky	763325
dismantling	763308
proportionate	763294
compte	763169
snowmobiling	762920
boroughs	762904
fora	762888
deliverance	762817
resists	762795
discourses	762715
subdued	762612
adhering	762600
falk	762552
codon	762548
suspicions	762540
hampered	762485
pylori	762484
acidity	762392
formaldehyde	762336
detriment	762284
welder	762199
cyp	762160
switcher	762008
prejudices	761936
goldie	761914
mab	761904
purported	761701
mockingbird	761628
tron	761622
mangrove	761505
gab	761419
fawn	761340
juicer	761216
echelon	761206
arranger	761074
scaffolding	761062
prin	761049
narrows	761015
metallurgy	760960
sensed	760898
baa	760809
queuing	760682
insuring	760583
babcock	760541
boasting	760454
shiite	760385
valuing	760278
argon	760267
hooray	760229
norah	760039
carefree	760001
biotin	759942
salter	759826
testicles	759817
ascertained	759738
morph	759670
econometrics	759665
msec	759615
marconi	759608
fluctuation	759586
jeannie	759553
expatriate	759469
twenties	759419
tantra	759417
codified	759394
overlays	759289
thingy	759227
monstrous	759187
comforters	759111
conservatories	759096
ruskin	759090
stetson	759072
accuses	758916
calibre	758866
nobles	758833
germination	758724
lipoprotein	758600
planetarium	758569
fumble	758520
discos	758519
attrition	758511
robles	758412
proverb	758380
darin	758338
mercenary	758335
clams	758323
reis	758322
sess	758115
tightened	758050
merrimack	758049
levies	758010
speck	757962
billboards	757851
searcher	757746
gutters	757721
tourmaline	757524
murderous	757472
rudder	757465
microns	757451
unifying	757450
anaesthesia	757394
amusements	757117
scares	757085
escalating	757021
bluebird	756972
mahjong	756807
deformed	756805
wretched	756795
interstellar	756734
decadent	756726
kenton	756726
underestimated	756706
incarcerated	756593
unsurpassed	756587
surpass	756552
loudspeakers	756521
annihilation	756291
junctions	756278
transferase	756181
stoppers	755997
snowshoeing	755979
memoranda	755848
steaming	755813
magnifying	755792
uppercase	755750
serra	755717
cirrhosis	755655
metrology	755521
hideous	755404
abreast	755392
intuitively	755329
connexion	755291
stoneware	755158
pathogenic	754932
riverfront	754891
humanist	754866
extremities	754773
pompano	754755
tyrant	754753
skewed	754743
decency	754590
papal	754586
nepa	754537
sequenced	754522
sprang	754483
palais	754450
obscured	754411
teaming	754348
aromas	754291
duets	754275
positional	754179
glycine	754156
vee	754126
breakthroughs	754083
mountaineers	753987
throwback	753896
gestation	753772
powering	753767
logins	753667
butchers	753573
apologise	753572
panoramas	753547
plenum	753523
aotearoa	753452
geologist	753409
piccadilly	753373
hydrolysis	753353
axioms	753280
labia	753273
immunizations	753182
existential	753168
sweaty	753121
mogul	753098
fiercely	753076
varnish	752945
hysteria	752923
addis	752836
nei	752406
breached	752367
rounder	752345
perched	752206
jah	752165
dsr	752124
cytoplasm	751966
insistence	751954
aer	751952
sedimentary	751871
clockwork	751820
chlorophyll	751616
scop	751566
shipyard	751557
centering	751534
sunroof	751495
dvorak	751433
etch	751420
answerer	751395
briefcases	751326
intelligently	751299
bogart	751274
vials	751274
amit	751265
imputation	751196
albrecht	751185
densely	750999
untranslated	750998
droit	750988
odin	750987
raffles	750961
reconnect	750950
teeny	750932
distrust	750887
assassins	750842
fraternal	750526
benthic	750456
carlin	750350
lithograph	750286
refinements	750263
ure	750260
stoner	750035
repost	750029
resurfacing	749935
eloquent	749900
spitzer	749811
cwt	749804
silas	749747
wondrous	749709
decrees	749695
dunne	749643
hyperbolic	749600
bisque	749555
touchstone	749531
standoff	749527
solano	749467
acoustical	749458
photovoltaic	749291
orchestras	749197
redline	749194
grieve	749133
reigns	749095
pleasurable	749068
tunis	748880
tama	748862
bustling	748755
galt	748698
flue	748601
solvers	748582
lucerne	748525
fiasco	748520
emir	748486
rockabilly	748455
deacons	748430
tumours	748269
loudspeaker	748194
handicapping	748187
slings	748142
dwarfs	748098
tatu	748062
evangelion	748011
excretion	747934
breakage	747897
jing	747756
apportionment	747683
petro	747577
notations	747550
reins	747535
midgets	747506
homemaker	747389
broadest	747282
scrambling	747235
misfortune	747088
drenched	747017
ddt	746864
categorize	746842
loa	746812
foreskin	746783
jornada	746704
reflexology	746457
astonished	746416
kiel	746403
subconscious	746396
incandescent	746311
foundries	746127
registrants	746123
disappoint	746066
sweats	745983
capstone	745950
publicized	745744
mobs	745728
cris	745686
federalist	745665
rehearsals	745337
massa	745334
portrays	745333
hidalgo	745148
prosthetic	745138
firewood	745126
serenade	745115
microfiche	745109
watergate	745023
setbacks	744995
weathered	744944
truffles	744901
anno	744751
aural	744671
gatekeeper	744634
decommissioning	744603
lawless	744548
gestion	744424
thermodynamic	744363
patrice	744305
profiled	744294
gout	744272
coincides	744261
disambiguation	744255
mmmm	744217
bittersweet	744199
inhuman	744168
gentiles	743912
jardin	743823
rubs	743664
isolating	743612
bigfoot	743525
mycobacterium	743481
irritated	743436
despise	743347
cultivars	743303
floated	743248
fresco	742977
rundown	742924
auteur	742886
custard	742881
carbondale	742808
prius	742757
dias	742642
hasan	742630
gizmos	742625
branched	742573
shipbuilding	742523
mildew	742515
tombs	742507
frown	742356
fulfilment	742294
accords	742249
steels	742066
privy	742055
caretaker	741969
antonia	741916
mystique	741903
feeble	741884
gentile	741856
contractions	741796
disp	741714
oes	741714
loaders	741695
trouser	741623
combatants	741621
annuals	741453
sepia	741438
differentials	741431
champlain	741317
valence	741315
deteriorated	741291
droits	741186
brava	741156
disobedience	741082
underscores	741004
roadshow	740927
gat	740844
unpack	740819
divination	740762
haw	740732
cultivating	740719
nationalities	740719
russel	740606
nephrology	740548
squamous	740420
triumphant	740201
ise	740106
superbly	740069
chianti	740058
hombres	740046
domestically	739951
constrain	739857
brandi	739726
artefacts	739689
gra	739610
magicians	739610
tchaikovsky	739587
contended	739548
nazarene	739498
refineries	739487
swimsuits	739285
automates	739276
whomever	739123
genevieve	739113
shiloh	739060
damper	739042
sidelines	739031
preservatives	738739
wagga	738631
kenai	738583
bobs	738558
forgiving	738478
unplanned	738463
characterisation	738410
ppa	738365
yahweh	738314
madman	738188
peering	738177
slumber	738023
shimmering	737967
rigidity	737874
bane	737796
rudd	737675
inventing	737637
chipped	737567
pelvis	737554
potluck	737489
ane	737466
creamer	737189
forts	737169
tumbling	737156
columbine	736938
portables	736893
interprets	736890
fledged	736854
aquinas	736797
surat	736651
hourglass	736642
dormitory	736616
paloma	736571
confiscated	736553
discharging	736514
gunmen	736479
disables	736378
lockport	736083
pollack	736042
hoyle	736006
arousal	735904
unnoticed	735869
ridicule	735827
thaw	735810
vandals	735789
inhibiting	735774
reinstated	735718
unpacking	735623
darien	735570
intersect	735520
mammary	735293
trampolines	735159
hillman	735079
designates	735054
garnish	735054
trimmers	734977
levis	734906
peeling	734906
blindly	734867
unintentional	734766
durant	734706
repertory	734672
toi	734431
diddy	734427
conveyancing	734395
disagreements	734371
apl	734248
echinacea	734177
rok	734170
frigidaire	734068
bene	733903
hah	733893
halibut	733860
fifties	733852
silverware	733698
goody	733518
ideologies	733393
feminists	733366
sculpted	733208
dugout	733159
battleship	733158
contraindications	733080
talisman	732967
eels	732927
rebuttal	732926
shun	732826
underside	732798
blackwood	732706
alumnus	732688
archeology	732660
ontologies	732524
fenders	732496
frisbee	732489
giggle	732371
hyperactivity	732324
seagull	732263
worden	732219
polos	732192
bonaire	732178
spinners	732007
deforestation	731941
annealing	731899
maximizes	731875
streaks	731843
roderick	731735
bor	731700
corinth	731699
perverse	731650
glittering	731507
eurasia	731423
jails	731402
casket	731278
dickey	731267
ako	731264
detour	731235
carpeting	731010
yorkers	730976
husbandry	730860
frustrations	730841
visibly	730759
defunct	730743
resection	730730
dioxin	730728
islamist	730697
unveil	730688
circulars	730662
brant	730649
layoff	730418
facelift	730403
decoded	730276
gry	730248
dodger	730179
merciful	730131
ihs	729971
tun	729783
kinship	729489
euphoria	729486
springtime	729486
acuity	729449
popper	729308
transmittal	729176
blouses	729119
assholes	729076
equilibria	728991
requester	728952
hemlock	728886
sniffing	728863
serialized	728699
uncanny	728621
stringer	728602
milligrams	728399
jab	728373
snohomish	728364
stork	728360
intramural	728160
concede	728130
combustible	728024
fallacy	727996
tania	727994
nicknames	727804
noam	727782
waistband	727693
noxious	727668
tunic	727598
farce	727546
drowsiness	727441
metastasis	727420
greenbelt	727260
chants	727229
lunatic	727014
reachable	726951
pyrenees	726846
radioactivity	726795
auctioneer	726743
recovers	726682
howdy	726642
gregorian	726486
haggard	726438
reorder	726368
aerosols	726363
manger	726351
archeological	726316
logarithmic	726171
completions	726002
yearning	725986
transporters	725979
sandalwood	725962
chills	725945
whack	725891
drone	725818
breezes	725599
esteemed	725524
godly	725475
spire	725421
distillation	725410
edging	725390
mathematicians	725310
decontamination	725304
soe	725241
euclidean	725143
cymbals	725139
salina	725106
antidote	725073
emblems	725056
caricature	725038
formalism	725003
shroud	724966
aching	724865
stead	724786
recoil	724770
eyepiece	724687
reconciled	724666
daze	724665
raisin	724623
amb	724602
bibl	724602
bobcat	724471
freehand	724461
killeen	724194
amounting	724168
jamming	724167
applicator	724079
mezzanine	723950
boer	723945
poisons	723921
nameless	723821
trot	723756
zed	723574
humidifier	723510
susanne	723465
collapses	723452
musically	723361
intensify	723310
voltaire	723215
longwood	723201
harmonies	723176
mainstay	723051
accumulating	722990
indebted	722906
breathed	722762
mucosa	722682
dachshund	722619
syringes	722414
misled	722408
breakpoint	722346
mani	722180
stoney	722080
culprit	722061
transact	722029
nepali	721935
regimens	721735
wok	721724
slicing	721532
reproducible	721496
spiced	721294
berne	721248
skydiving	721219
bogota	721171
datagram	721139
pron	721115
cag	721061
nicks	721039
puncture	721038
platelets	721026
lighten	720932
pamper	720825
practised	720812
canteen	720738
nineties	720708
hysterical	720682
disinfection	720663
perfusion	720631
darkened	720629
requisition	720588
postseason	720559
shrug	720506
boils	720481
enchantment	720440
smoothie	720414
greta	720377
covey	720367
donne	720360
punisher	720360
tabbed	720355
coquitlam	720238
auctioneers	720211
loathing	720103
duc	720031
dials	719996
enhydra	719960
bianchi	719801
roadrunner	719708
woof	719614
ominous	719585
misfits	719573
parlour	719479
hammocks	719398
quieter	719364
poking	719323
buyout	719257
replays	719212
adrenergic	719163
bottling	719140
caldera	718968
baseman	718950
techie	718888
tallest	718826
wrestle	718785
entrenched	718649
rectify	718616
virtuous	718510
aster	718311
transparencies	718272
davy	718258
snails	718131
decipher	718096
incapacity	718072
mittens	718053
overkill	717969
ferns	717875
curls	717837
diag	717798
effortless	717369
hydroelectric	717342
ens	717319
cranial	717207
hindsight	717180
wrecked	717161
wince	717079
orientated	717028
friendliness	717008
abrasives	716996
invincible	716995
healthiest	716946
prometheus	716662
brl	716629
rushes	716600
deities	716578
dha	716495
wot	716416
geog	716402
comanche	716357
melts	716330
trickle	716225
disapprove	716169
erratic	716141
familiarize	716100
cashing	716047
spousal	716004
insufficiency	715964
abusers	715904
vick	715811
drifted	715718
mallard	715695
airman	715660
propagated	715547
hardships	715455
neurobiology	715436
sabres	715329
diamante	715290
foraging	715284
corsets	715206
dowd	715198
wasps	715192
bureaucrats	715124
wham	715089
chien	714912
barm	714636
amplitudes	714554
mitre	714477
premiered	714477
institutionalized	714449
tonnage	714382
corals	714311
circulatory	714276
centerline	714232
chairmen	714170
mille	714163
portlet	714004
continuance	714003
histone	713949
unrecognized	713901
totalling	713845
premieres	713761
affectionate	713693
translational	713640
unimportant	713560
ferrara	713533
greener	713531
bowles	713526
endowments	713514
grudge	713383
interstitial	713309
zoological	713303
tanzanite	713291
helical	713286
fondue	713242
norse	713187
windscreen	713157
wetting	713009
othello	712951
supersonic	712875
bosom	712863
maniacs	712832
earmarked	712693
foothill	712693
uncheck	712620
bales	712551
blackbird	712523
causation	712509
rapes	712505
persecuted	712476
cif	712428
deciduous	712424
photosynthesis	712367
straighten	712282
convocation	712226
precaution	712130
playmates	711966
empirically	711937
pon	711807
deteriorating	711763
cypriot	711638
fascia	711549
philanthropic	711469
fryers	711360
layering	711284
geriatrics	711244
maneuvers	711243
stratified	711208
picky	711200
critter	711175
begs	711023
emphasise	710976
barth	710974
uit	710941
mooring	710930
perla	710761
micheal	710613
busts	710437
endoscopy	710402
buzzwords	710369
cutaneous	710334
lumen	710305
airwaves	710271
porters	710270
jagger	710230
forgery	710220
setups	710211
pereira	709810
drawstring	709804
infrequent	709747
midrange	709737
mull	709728
ort	709723
superpower	709679
recliner	709665
brandenburg	709648
incision	709483
trisha	709441
urs	709189
adjuster	709135
jumble	709075
impeccable	709026
shari	709021
marketplaces	708974
cognac	708950
wading	708872
characterizing	708768
gawker	708746
gagging	708679
imitate	708662
grasping	708592
cyclist	708585
borneo	708560
generics	708514
mortuary	708507
magneto	708487
crunchy	708304
teletext	708277
bode	708009
sealant	708008
thorns	708005
harriers	707949
rightful	707949
roto	707851
mnem	707762
fidel	707716
scarecrow	707651
concertos	707552
extracurricular	707470
mosaics	707414
squirters	707410
pious	707407
utterance	707360
undeveloped	707303
basalt	707293
undisputed	707158
distracting	707133
tonal	707113
urns	707007
unfolds	706998
brocade	706921
ashtray	706842
seaweed	706781
psychoanalysis	706684
hesitant	706662
poco	706572
prevails	706535
microchip	706475
candlelight	706312
votive	706291
wafers	706243
kors	706218
susquehanna	706151
modulo	706086
antler	706024
tarts	706018
cuthbert	706009
nance	705947
nikolai	705821
babble	705693
spankings	705693
pretreatment	705640
jer	705589
pessimistic	705575
niches	705555
untill	705438
winnebago	705410
quid	705406
shortwave	705254
overlooks	705194
diversify	705173
quaternary	705080
subtracted	705073
hugging	705015
postman	704985
hikers	704921
overboard	704860
goddesses	704843
cuties	704840
faithless	704794
regained	704791
coolidge	704774
ephraim	704707
preheat	704559
microdrive	704526
rookies	704414
foggy	704386
shone	704369
potpourri	704221
criticizing	704200
leafy	704018
passionately	704008
stroking	703857
jarhead	703745
momo	703739
uzbek	703624
signatory	703581
energized	703484
brite	703473
matured	703391
minimums	703383
needlepoint	703376
dolor	703247
firefighting	703099
disallow	703061
procured	703040
exch	702961
excellency	702863
camels	702766
partie	702708
kilo	702703
tou	702666
justifying	702637
moisturizer	702595
remanded	702500
empresa	702469
disagrees	702395
lowdown	702375
trove	702353
eased	702343
slay	702325
deprive	702310
kremlin	702296
filer	702264
thea	702234
apologetics	702171
lusty	702157
threonine	702059
siti	701984
encephalitis	701939
virtuoso	701858
buzzing	701772
dauphin	701702
arias	701697
steed	701658
paraffin	701612
kenner	701601
unites	701591
stimulant	701584
anamorphic	701502
subspace	701491
cleats	701439
realising	701421
millet	701394
circ	701340
invert	701338
pressured	701219
sml	701084
clarifications	701082
zionism	701066
retin	701007
vermilion	700945
grinned	700875
disjoint	700766
carats	700302
hijacked	700295
tch	700292
checkbook	700219
enlightening	700155
endlessly	700150
coworkers	700044
hasty	700024
dexterity	699921
puzzling	699889
gio	699874
nods	699860
dieses	699843
reincarnation	699755
heuristics	699709
sumatra	699692
tunisian	699586
hologram	699535
macular	699475
scrape	699467
eral	699456
refinishing	699420
chia	699409
prized	699404
leyland	699374
arresting	699349
bewitched	699295
reloading	699248
hombre	699131
munch	699127
resumption	699072
irma	698956
intimidated	698954
bidirectional	698950
traitor	698922
clove	698870
chica	698851
illiterate	698828
starfish	698823
kurdistan	698815
boro	698771
widened	698758
heartbreak	698736
bordered	698730
preps	698730
mallet	698695
leech	698609
mylar	698551
giver	698546
discontent	698504
congestive	698490
schilling	698426
battleground	698388
tectonic	698377
equate	698365
gaz	698126
punishing	698111
seedling	698104
pathologist	698084
dwellers	698059
mouthpiece	697980
elmwood	697674
parr	697446
pob	697441
ods	697397
nymph	697326
reassuring	697307
gujarati	697249
leno	697173
sida	697130
astor	697049
predictability	696786
pajama	696776
adenocarcinoma	696712
toning	696570
gestational	696556
snowball	696495
travelogues	696478
crl	696473
prematurely	696334
fueling	696312
frail	696174
adventurer	696132
orthopaedics	696128
crayons	696127
tikes	696108
revamped	696076
irradiated	696038
awfully	695995
mayflower	695987
arched	695888
curfew	695833
enlist	695738
bree	695686
vedic	695671
exemplified	695667
stylistic	695661
corneal	695659
profane	695633
ubi	695630
crusher	695578
riva	695575
cornelia	695516
romney	695398
macaroni	695373
electing	695296
dictation	695273
swank	695208
robber	695207
evacuate	695163
conveniences	694957
roving	694802
drinker	694735
softened	694610
modeler	694542
peking	694453
progressives	694413
linger	694372
fillet	694345
maar	694289
creationism	694276
churn	694218
nimbus	694079
nog	693906
psychosis	693904
smartest	693861
fei	693847
firsthand	693803
gigi	693792
madre	693680
impart	693647
muted	693571
feats	693557
turbidity	693551
mountable	693550
kiki	693528
concomitant	693507
oceanographic	693279
scaffold	693175
oui	693168
millie	693078
nonzero	693060
leisurely	692959
loki	692933
dislikes	692897
mayonnaise	692896
scavenger	692800
touted	692690
candace	692678
kava	692548
kronos	692536
adjuvant	692429
limitless	692234
sari	692213
preventable	692085
hangman	692058
bumpy	692057
aleph	692035
mastermind	691975
vaccinated	691950
sloping	691942
mitt	691902
acceptability	691803
constitutionally	691690
disapproval	691656
bavarian	691623
surcharges	691592
crucified	691548
masons	691447
chapin	691412
permutation	691382
surges	691328
literatures	691322
mulligan	691165
unlucky	691119
yawn	691112
distort	690980
fod	690938
ketchup	690926
alimony	690884
tng	690832
viscous	690820
mun	690756
unambiguous	690655
loosing	690534
canopies	690494
handicraft	690476
emphysema	690397
epistemology	690331
piling	690226
soloist	690180
rejuvenation	690123
chn	690113
anaconda	690100
basilica	690055
amine	689951
robbers	689884
carfax	689852
leveraged	689842
wega	689837
meng	689565
burley	689481
plasmids	689370
woofer	689321
juliana	689217
millimeter	689180
snape	689130
lowland	689014
sausages	688797
spake	688769
feud	688736
subordinated	688679
roundups	688620
awoke	688520
parka	688453
unheard	688452
prune	688443
scouse	688392
endanger	688311
cairn	688283
nomadic	688268
timo	688239
spock	688188
decompression	688078
disgusted	688056
draco	688044
galena	687986
inactivation	687939
lymphatic	687936
olfactory	687774
prolong	687609
knits	687393
kroon	687367
builtin	687295
thinly	687257
rollback	687217
garnett	687133
galen	687054
bobo	687016
weaning	686970
snowshoe	686932
arable	686899
backside	686895
parallelism	686870
brut	686829
candlewood	686815
vernacular	686729
latitudes	686699
alkali	686657
mowing	686481
painkiller	686454
nutty	686428
foreseen	686427
sever	686306
myeloma	686302
expend	686291
gist	686228
auntie	686225
afghans	686172
scallops	686087
blames	686067
subdivided	686060
osteopathic	686054
vividly	685942
happiest	685902
countermeasures	685854
wildflower	685715
stackable	685662
barebones	685569
merino	685519
reserving	685501
nagasaki	685439
stooges	685421
jello	685368
wid	685205
indented	685193
barium	685116
toric	685050
looting	684998
humming	684949
disclaim	684877
shearer	684835
hydrophobic	684750
millard	684667
diameters	684665
exerted	684640
justifies	684608
returnable	684421
ohs	684292
resuscitation	684251
cancelling	684137
stratification	684087
regenerate	684077
cahill	684017
titre	683909
tumbler	683888
adagio	683835
sunburst	683806
bonne	683697
improvised	683629
bela	683475
startups	683441
flocks	683381
ranting	683328
bothering	683314
garnered	683295
erupted	683128
meltdown	683066
fling	682999
rainwater	682941
comrade	682880
ascended	682764
redefining	682668
vesicles	682450
piccolo	682432
resizing	682412
porcupine	682384
showrooms	682373
verifiable	682372
chopping	682362
lobo	682347
enacting	682306
havens	682272
bacterium	682268
sideline	682175
stabbing	682088
metamorphosis	682082
bushing	682067
ligament	682060
translocation	681939
serialization	681921
playgrounds	681916
hilda	681905
wanderer	681710
flattened	681575
zips	681530
spitting	681477
eigenvalue	681416
inconvenient	681396
seacoast	681254
conductance	681191
imperfections	681140
chancery	681098
raving	681070
mudd	681029
niels	680887
explodes	680853
lindy	680830
panzer	680717
soviets	680586
hed	680469
tweeter	680465
executor	680460
poncho	680428
choirs	680332
faerie	680250
stinger	679953
wreaths	679767
collapsing	679748
tasteless	679742
tomahawk	679666
tact	679597
projet	679585
instructive	679471
absorbs	679416
mathematically	679333
godwin	679214
drier	679179
duplicators	679012
bothers	678994
parades	678980
cubicle	678968
rana	678929
avanti	678832
shoved	678693
invokes	678680
papaya	678666
cannons	678613
auger	678597
macclesfield	678574
mongoose	678562
instrumentals	678493
iconic	678475
sulfide	678464
chromatic	678407
rife	678405
rallying	678311
gambit	678274
enoch	678182
carriages	678104
dales	678083
polled	677955
agnostic	677953
emptied	677794
denounced	677747
slt	677739
delusion	677674
jogger	677597
occlusion	677590
verity	677567
covent	677431
turret	677420
reinvestment	677417
chatterbox	677356
neutrons	677323
precede	677234
huts	677145
silo	677145
polystyrene	677128
jodhpur	677076
intelligencer	677072
pluralism	676841
domes	676815
tetanus	676716
bcd	676712
neuromuscular	676701
caribe	676681
multifamily	676654
eras	676528
execs	676432
hiker	676389
manuf	676324
strategist	676186
wildest	676143
outlays	676122
zloty	676066
foodstuffs	676007
osmosis	675967
priming	675954
vowels	675898
sulphate	675595
soothe	675582
mariposa	675565
advancements	675545
bock	675516
clandestine	675470
migrations	675332
hovering	675329
leary	675295
slurry	675229
ker	675110
tamper	675054
pugh	675025
beretta	674777
punishments	674731
chiropractor	674694
vibrational	674685
heathen	674664
obsidian	674636
unduly	674618
dressers	674582
winger	674578
argonne	674484
rigged	674484
domicile	674245
chargeable	674046
fanning	673919
meu	673903
spurred	673818
logics	673802
optimise	673721
wha	673618
osage	673592
coeds	673554
peregrine	673489
tabitha	673447
subdirectories	673425
crumb	673404
fostered	673329
culmination	673218
revolves	673208
guilder	673189
comparator	673185
mend	673176
theoretic	673137
sealer	673127
sleazy	673126
softening	673071
onstage	672953
waterproofing	672937
glimpses	672846
riel	672825
pinky	672775
hattie	672774
mints	672742
invertebrate	672587
rebellious	672476
carnitine	672440
trib	672392
tastefully	672333
capo	672218
pairings	672197
guesthouses	672189
yikes	672164
grate	672155
exorcism	672113
grilles	672094
mim	672065
cultivar	671996
orson	671985
teammate	671936
diseased	671899
sequencer	671784
grandparent	671763
demonic	671684
margot	671568
socialists	671504
deduced	671465
collaboratively	671454
buttocks	671441
unmanned	671369
rainbows	671316
gunnar	671314
mums	671177
burials	671030
bountiful	670943
eunice	670943
lossless	670897
imbalances	670836
mesopotamia	670812
andean	670782
poseidon	670781
superconducting	670775
armpit	670727
spectroscopic	670727
ratify	670714
mew	670699
worsening	670617
metalworking	670470
groundhog	670464
mexicans	670447
ginkgo	670404
fiend	670385
drapery	670328
bernice	670319
deported	670316
decedent	670247
dimethyl	670215
muzzle	670209
entrant	670173
schoolhouse	670098
baku	669930
telescopic	669870
vespa	669846
phasing	669837
lactate	669830
monorail	669750
retribution	669720
bookworm	669719
sabbatical	669704
stallman	669672
skeptic	669651
backlit	669646
slander	669482
basing	669209
baits	669063
fireside	669054
onshore	669051
millimeters	668987
disposing	668877
wicks	668862
pathologists	668854
pathol	668793
suffrage	668785
triumphs	668748
fortifying	668667
sleepless	668650
kinesiology	668627
potions	668599
tern	668594
squirts	668573
storybook	668432
watered	668362
lass	668332
grenades	668252
fleas	668194
contrasted	668191
opting	668064
hauled	668036
taupe	668030
ventured	667828
hookup	667786
recite	667761
myron	667755
ctg	667728
keepsakes	667641
seawater	667633
contenders	667535
kneeling	667490
negation	667373
conveyors	667310
dismay	666985
fulfills	666928
rota	666899
smelled	666832
jute	666652
printmaking	666564
heals	666561
prim	666550
reconstructive	666536
bookshelves	666482
trespass	666474
conciliation	666424
glycerol	666347
wiseman	666243
compasses	666161
groomed	666142
leaping	666113
impunity	666112
sunken	666107
sliders	666098
inaugurated	666076
encountering	665979
itemized	665953
infernal	665860
defamatory	665848
eir	665822
pang	665803
swag	665733
reared	665694
pampered	665691
yap	665660
bottlenecks	665612
pyrex	665560
inquiring	665555
sculpting	665551
numero	665544
sedans	665446
praising	665441
dpt	665373
momentary	665271
launchers	665269
commemoration	665193
finishers	665193
psychologically	665105
holstein	664959
interdependence	664949
serpentine	664938
droplets	664868
inducted	664860
hangings	664847
uninitialized	664811
conor	664769
sundry	664664
repercussions	664658
protestants	664611
therefrom	664600
espace	664482
hydrological	664396
runes	664374
wrecking	664341
pique	664313
breweries	664123
forecaster	664080
quickie	664065
stephane	664032
swore	663914
parabolic	663833
boreal	663788
bankroll	663777
bioassay	663756
interventional	663658
tabulation	663603
journeyman	663552
enlighten	663527
descartes	663524
trier	663496
arbitrage	663490
flashy	663405
prowess	663380
abstractions	663339
enriching	663315
dogwood	663309
trampling	663308
signet	663285
bello	663280
iroquois	663270
convergent	663263
digested	663226
trumpets	663094
majoring	663080
glitches	662997
embodies	662953
equivalency	662890
messe	662879
manhood	662829
sedation	662829
cannibal	662720
nephews	662609
oblivious	662553
atmospheres	662543
stricter	662497
harmonics	662416
devi	662406
highschool	662389
centimeters	662368
lavatory	662326
roughness	662305
destructor	662267
accelerates	662266
opts	662207
ancients	662181
relocations	662175
wilco	662169
snapping	662153
jethro	662123
kee	661954
cauliflower	661931
anova	661864
midfielder	661834
feudal	661772
tornadoes	661715
unbearable	661692
docklands	661586
perpetrated	661581
tanzanian	661560
msl	661549
basses	661302
boarded	661185
eon	661163
olympian	661158
syllabi	661092
safeway	660812
livre	660631
mozzarella	660606
mano	660493
interferes	660376
uta	660374
devotions	660255
myra	660254
devotees	660251
acquaintances	660243
sectarian	660133
yonkers	660092
fathom	660038
republish	659997
cools	659994
endoscopic	659973
appreciative	659787
innumerable	659786
parramatta	659728
disproportionately	659439
noticeably	659429
furs	659392
synchrotron	659379
memorize	659359
volumetric	659238
atonement	659226
extant	659214
unmask	659195
umpires	659165
shuttles	659164
chisel	659044
hyperplasia	659015
mysteriously	658895
parodies	658866
prado	658805
wayward	658772
legit	658762
redness	658742
dreamland	658669
scrapped	658622
wands	658592
orphanage	658587
illustrious	658575
disruptions	658563
erasure	658545
fishy	658490
preamp	658453
pauses	658415
intoxication	658221
freelancer	658122
glimmer	658110
radars	657862
materiel	657766
blooded	657681
slamming	657644
syllables	657589
staffers	657548
daw	657495
whim	657481
teddies	657456
upsilon	657441
sizable	657359
coenzyme	657347
filmy	657205
timid	657204
afterlife	657149
mather	657118
cml	656974
tampering	656946
counterpoint	656765
weavers	656749
magically	656694
pied	656612
thyself	656608
wristband	656462
chiller	656419
rooting	656335
pretended	656171
barra	656133
nigh	656088
therewith	656052
interment	656046
ales	656034
worthing	656012
partitioned	656002
sump	655880
aller	655865
sucrose	655854
populous	655650
filipina	655554
modesty	655467
cortisol	655425
banshee	655401
supersedes	655386
veils	655338
bullseye	655334
cajon	655061
zest	655010
leif	654963
sumptuous	654877
chronically	654834
preschoolers	654800
unenforceable	654753
fisheye	654623
wayside	654520
spotless	654479
gerontology	654400
predation	654369
exacerbated	654253
infestation	654175
wich	654089
linearity	653966
huey	653943
aerials	653913
summits	653897
stylist	653865
porosity	653813
sprayer	653691
banc	653586
gliders	653558
corby	653551
barbed	653497
prognostic	653473
unregulated	653166
mult	653131
legions	653127
bbl	653093
dona	653056
lustre	653026
hadith	653000
wer	652990
sunflowers	652881
lobos	652655
ecstatic	652452
reportable	652430
campania	652300
carotene	652203
blasphemy	652149
wisp	652143
enrollees	652023
countenance	652005
skinning	651983
sanjay	651914
compaction	651904
juicers	651885
methionine	651849
sift	651805
ooze	651716
delimiter	651701
forsaken	651676
richfield	651652
recounts	651632
hangout	651555
striptease	651526
burgeoning	651445
adventurers	651398
amnesia	651098
bigotry	651095
leaky	650957
contradicts	650946
cherie	650790
klip	650774
leven	650761
menswear	650641
pagans	650545
wrenches	650528
actuate	650482
dinars	650398
capote	650297
molar	650262
fume	650207
montevideo	650159
sunglass	650136
afloat	650052
bruised	649995
flattering	649975
followings	649951
brigades	649851
engrossed	649739
accretion	649735
dashes	649659
impeach	649609
asha	649600
atrophy	649500
bullpen	649496
mamas	649492
brag	649472
dysplasia	649328
efl	649266
earls	649223
utopian	649210
confers	649197
totality	649192
kota	649105
circumvent	649016
dil	649006
hyped	648758
epidermal	648698
boulders	648649
autopilot	648646
decrypt	648562
batik	648561
negotiator	648522
crain	648503
utilising	648375
muff	648249
mam	648152
odour	648137
snag	648074
sonja	648040
fringes	647924
excavated	647899
plex	647886
smoothed	647836
replaceable	647830
forint	647794
nudism	647738
formulary	647671
affirms	647629
irvin	647619
gulch	647573
striping	647561
excavating	647551
recoveries	647449
irrevocable	647399
hola	647293
hoody	647288
moaned	647258
axles	647257
graciously	647172
seasonings	647102
fcp	646879
roxbury	646799
clamping	646787
whiplash	646745
dildoes	646723
radiated	646698
takeoff	646648
wiggle	646578
henna	646514
cartesian	646504
bribe	646492
propel	646427
yank	646395
outspoken	646375
shag	646319
asymmetrical	646301
trolleys	646189
interlocking	646188
verily	646173
doped	646161
headband	646148
ardent	646145
outperform	646090
harmonization	646080
forcibly	646076
differentiating	646004
hitters	645933
konrad	645930
wickets	645923
restarting	645879
presided	645810
wideband	645650
shimmer	645534
tremor	645479
restructured	645413
aerodynamic	645328
evaluative	645214
loaned	645205
violins	645187
extravagant	645154
ghent	645064
astute	645050
subtracting	644955
bram	644950
logbook	644880
pict	644722
inflict	644706
rotates	644637
invalidate	644635
ridiculously	644498
legible	644449
towed	644374
rescues	644336
disregarded	644203
wim	644148
auguste	644138
salted	644121
causality	644085
tiling	644082
ethnographic	644047
attractiveness	644031
waffles	643995
doubly	643982
calamity	643887
fandango	643875
catalysis	643856
aristocrats	643852
brewed	643852
annexes	643849
lisle	643841
fiance	643815
sprawling	643805
vulture	643760
mislead	643671
wrongdoing	643639
ventral	643596
twa	643531
gunter	643434
retard	643417
iranians	643395
medio	643387
platters	643296
canto	643291
commandos	643235
germanic	643196
harassed	643111
repeatable	643089
discriminated	642954
scf	642833
weekender	642797
milner	642775
welders	642723
sponges	642645
semifinals	642629
cavendish	642516
quantization	642511
surfacing	642476
receptacles	642454
vegetarians	642443
revered	642226
transponder	642144
harassing	642128
gottlieb	642011
dislocation	642009
shingle	641972
timbers	641894
undergoes	641893
guatemalan	641762
iguana	641679
glaring	641607
choker	641488
tilting	641484
ecologically	641483
scoreboards	641350
conquering	641337
mohr	641307
spaceship	641284
harass	641237
meditate	641196
tunica	641138
hues	641113
aorta	641057
unconfirmed	641004
denominated	640954
degenerative	640910
delve	640909
ostensibly	640883
crimp	640746
lumps	640708
facie	640686
cretaceous	640648
fished	640536
oregano	640532
drizzle	640385
boaters	640369
visualisation	640277
bracing	640265
handlebars	640117
blackmail	640108
interconnects	640011
playtime	639975
enrollments	639898
criticality	639809
geoscience	639782
remorse	639738
clout	639706
spacers	639630
jours	639577
deferral	639532
wag	639468
vlsi	639453
feces	639441
fella	639391
mountaineer	639387
bute	639368
pondering	639349
transcriptions	639196
metered	639193
quintessential	639007
stockpile	638911
psychics	638898
westlaw	638858
hetero	638817
meteorite	638778
purposely	638753
lucifer	638710
worshipped	638710
extruded	638691
unholy	638652
lakh	638641
phage	638631
spectacles	638567
dulce	638505
vogt	638480
muttered	638459
lags	638410
aquila	638375
wray	638369
hajj	638344
longstanding	638194
knitwear	638159
spat	638094
apocalyptic	638084
fatties	638062
henceforth	637996
fillings	637835
argo	637756
inflows	637653
estuarine	637623
strapping	637568
socialization	637564
expedient	637449
unconditionally	637438
caving	637293
ices	637257
secreted	637230
alkyl	637228
artichoke	637213
leasehold	637210
chaucer	637035
livery	637025
recapture	637003
chevalier	636912
hairdressing	636890
incompatibility	636858
anchoring	636601
navigable	636534
biomechanics	636417
microcomputer	636402
personas	636387
milieu	636367
discipleship	636321
stonehenge	636299
magnifier	636210
injure	636129
knuckles	636080
esters	636043
intermission	635947
ablation	635932
nutcracker	635908
amazement	635889
medusa	635873
pagoda	635860
manifests	635847
dosages	635845
prn	635844
primed	635804
keg	635769
recited	635754
multiplexing	635637
indentation	635608
reformers	635569
ensued	635554
ahem	635512
justly	635498
throats	635484
retardant	635478
shankar	635443
barrage	635351
overheads	635321
pis	635260
pari	635215
buoyancy	635211
curled	635094
peeping	634909
dermal	634812
sizeable	634748
aftershave	634700
paces	634682
heaviest	634656
earners	634571
tenderloin	634525
chee	634368
hamburgers	634321
walnuts	634262
oliva	634239
margie	634150
broadened	633960
lashes	633924
esplanade	633820
francophone	633817
prairies	633532
conical	633510
mocking	633379
tricked	633300
etymology	633299
raccoon	633241
shrinkage	633197
cheaply	633136
allege	633028
draped	632982
hamsters	632941
thrashers	632925
subtly	632895
manslaughter	632840
calibrate	632788
rambo	632674
consort	632622
shad	632614
serrano	632561
niacin	632524
ormond	632493
bibliographical	632340
fleeting	632301
wynne	632290
glyph	632257
marinated	632251
marko	632242
genotypes	632148
evacuees	631987
urbanization	631951
unwired	631849
skyscraper	631816
plumb	631703
needlework	631646
tooled	631629
submersible	631600
condensate	631581
caballero	631541
undefeated	631537
annoyances	631516
krs	631472
uti	631392
kino	631373
bacchus	631294
chuckle	631276
photographing	631261
unfolded	631236
trackers	631230
dissident	631185
unify	631185
israelites	630902
tur	630902
rit	630833
briar	630788
wavy	630746
swapped	630736
stent	630695
vermillion	630677
moulds	630674
angiography	630672
hindered	630375
dunst	630357
specialisation	630341
bloated	630335
pranks	630189
plasticity	630148
mantel	630116
crux	630081
languedoc	630025
fatima	629943
armband	629940
disordered	629904
belated	629847
stemmed	629826
lek	629740
cartoonist	629692
englishman	629632
flotation	629539
geol	629529
winder	629454
paralyzed	629449
deterrence	629437
junta	629394
cardin	629389
shrunk	629377
crammed	629358
aardvark	629356
cosmological	629347
isotopic	629175
hatchet	629134
unsuspecting	629128
understated	629121
obit	629100
amphetamine	629029
shia	628987
grout	628986
dismissing	628972
cetera	628823
windfall	628791
filaments	628762
jocelyn	628760
kilometre	628740
pastels	628711
companionship	628687
stallions	628618
creeper	628591
paramedics	628582
epidemics	628484
illegitimate	628435
curie	628416
bootable	628409
slag	628375
skit	628359
undisturbed	628268
decimals	628191
transcendental	628143
boe	628020
chantilly	627967
farmed	627899
paola	627843
elwood	627796
malo	627765
hocking	627715
prerelease	627686
femoral	627670
visceral	627549
fructose	627522
complicate	627501
zooming	627373
indistinguishable	627287
extinguisher	627236
subpoenas	627235
rincon	627151
donny	627077
fledgling	627057
traversal	627036
erick	626971
skillful	626936
kcal	626895
midfield	626813
hypersensitivity	626786
groot	626768
sado	626661
compensating	626448
prosthesis	626412
overrated	626366
reasonableness	626171
nuances	626064
alberghi	626061
knuckle	626011
kelp	625965
taker	625940
placeholder	625880
bastion	625778
massages	625667
scraping	625503
tupelo	625495
gypsies	625473
concurring	625439
batt	625435
dbms	625399
asb	625397
videotapes	625380
assemblage	625379
backseat	625339
manipulations	625309
accomodate	625306
watery	625163
aylesbury	625151
kwacha	625121
coiled	625071
sipping	625038
chondroitin	625033
beatrix	625027
sandpiper	624992
vamp	624910
cheerfully	624899
overarching	624895
janes	624883
selectors	624866
internationals	624853
estuaries	624839
paleontology	624763
sledge	624637
stepper	624580
gilded	624578
reykjavik	624574
murdering	624555
waterskiing	624494
unbroken	624361
superheroes	624266
sages	624245
tropic	624139
capella	624127
marg	624095
leftovers	624074
condemning	624016
urethane	623985
entourage	623801
sprinklers	623756
familia	623690
accum	623651
datsun	623594
iota	623590
realist	623441
geochemistry	623273
reflectivity	623270
suppressing	623167
linea	623134
scorn	622924
crusades	622814
whirl	622629
apprenticeships	622515
dop	622505
pervert	622485
asymptomatic	622473
retails	622432
defences	622425
humiliating	622405
circled	622289
withers	622279
sprout	622268
elicited	622261
swirling	622196
minot	622135
campos	622063
evidentiary	622040
clinging	621996
bunches	621858
bagged	621852
synthesize	621698
localisation	621660
negotiators	621652
deviate	621562
overridden	621423
blackened	621405
hinds	621387
whereupon	621340
racially	621276
stinky	621254
expertly	621232
muriel	621174
hostilities	620995
atelier	620988
colloidal	620948
guarantor	620937
imperialist	620927
veneers	620852
reaffirmed	620845
zambezi	620826
tibia	620778
penned	620680
kiddie	620660
conte	620643
tulare	620625
venturi	620615
sundries	620602
horatio	620583
cheered	620572
linebacker	620538
danzig	620497
neurol	620454
beanies	620377
irreducible	620321
trixie	620294
ridgeway	620291
bled	620251
verifier	620212
throbbing	620136
sleepers	619995
eurasian	619924
solace	619439
pesky	619402
moles	619237
salvia	619227
unloaded	619203
projectile	619140
transplanted	619060
bandages	619046
duma	618991
handcuffs	618948
scripted	618912
beacons	618822
ated	618813
mutagenesis	618743
stucco	618601
posada	618562
vocalists	618560
tiburon	618555
intrinsically	618549
geiger	618526
obits	618473
jekyll	618453
impervious	618433
andaman	618430
spoofing	618368
reauthorization	618324
poolside	618321
shams	618299
shawls	618290
flourishing	618258
precedes	618190
pita	618153
bruises	618130
skeptics	618036
instructs	617982
palatine	617975
nast	617933
motorist	617922
peritoneal	617883
lor	617806
freebie	617797
lowes	617732
carnation	617654
publicize	617593
kangaroos	617447
bulimia	617339
intros	617326
ladybug	617279
analyser	617269
slum	617168
ruffle	617143
algorithmic	617133
rectifier	617118
banknotes	617061
bassoon	616967
knack	616898
rivet	616847
scrapbooks	616828
hydropower	616792
aggie	616732
tilly	616707
clearances	616567
denominational	616549
grunt	616546
meas	616518
talmud	616436
spreader	616246
grammars	616228
otolaryngology	616150
overalls	616138
snowmobiles	616080
oca	615984
doubted	615926
ravaged	615867
lagrangian	615851
whistling	615829
upholding	615713
ailing	615697
obeyed	615636
eases	615614
tattooed	615612
ghostly	615565
hippocampus	615552
crim	615516
repeaters	615492
mutiny	615416
delusions	615375
foresee	615358
rations	615287
bitterly	615238
reimbursements	615214
encodings	615152
windmills	615081
perpetrator	615080
actionable	614993
cornea	614968
overfull	614919
cleverly	614880
kitchenette	614812
misunderstandings	614801
liberian	614793
repairers	614605
counsellors	614582
numerology	614496
amis	614484
barware	614412
normalize	614288
sisterhood	614263
lightening	614205
buffs	614179
overturn	614160
phenotypes	614119
doit	614034
thoughtfully	613948
kieran	613944
mortem	613938
triplet	613821
rencontre	613753
sonics	613745
risking	613699
lotta	613607
proprietors	613594
archaeologists	613471
ingress	613315
tentacle	613311
gros	613260
barbers	613252
prednisone	613251
salespeople	613216
motility	613185
retires	613181
dengue	613129
duro	613120
commotion	613065
incineration	613046
shanks	613020
organza	612986
deduce	612968
centralised	612965
unbreakable	612944
depictions	612929
bolted	612878
materialism	612804
eternally	612704
senseless	612682
rabid	612676
reassure	612572
recollections	612559
gtc	612546
probed	612535
separators	612416
resetting	612382
funnies	612296
cumin	612220
pox	612191
keystrokes	612188
hamlets	612171
setters	612145
inertial	612132
unwritten	612026
ona	611995
payee	611882
cinematographer	611879
preorder	611875
ventilator	611764
jammed	611686
micrograms	611645
moveable	611629
housekeeper	611578
pediatrician	611570
cymbal	611557
convective	611543
haymarket	611520
agrarian	611488
nosed	611383
shogun	611360
rescheduled	611319
bala	611215
sidestep	611210
preemption	611168
microbiological	611130
corticosteroids	611087
lovable	611002
pseudoephedrine	610989
stockholder	610962
quanta	610901
synapse	610878
airplay	610851
sawmill	610850
abram	610831
catharine	610792
uppers	610789
sib	610749
pitman	610728
consented	610686
perseus	610655
leathers	610647
styx	610615
embossing	610583
redirects	610548
congested	610511
banished	610490
fuzz	610459
meticulous	610335
terraced	610317
multiplexer	610315
buttermilk	610262
laces	610254
dendritic	610213
minima	610170
toil	610151
operands	610094
hugged	610040
mikael	609977
conceptually	609952
flurry	609891
warmest	609811
hardwoods	609727
capping	609654
parisian	609595
humanism	609580
hipster	609542
accel	609528
horrified	609528
annualized	609526
testis	609433
tigger	609354
unusable	609354
bertram	609348
perturbations	609338
approximated	609299
adversaries	609176
consulates	609148
aunts	609018
mau	608979
vapors	608939
breakdowns	608930
skylight	608911
periodontal	608880
uncredited	608734
gemma	608694
rupiah	608679
bullish	608644
constantinople	608631
hippy	608617
northerner	608466
mackintosh	608350
fabricators	608308
mutated	608283
layne	608270
moonstone	608255
sheng	608205
monarchs	608160
strep	608154
unsolved	608013
roost	608008
strenuous	608008
unreasonably	607930
synergies	607877
shuffling	607850
fundamentalists	607822
ludicrous	607777
amyloid	607679
understandably	607662
icarus	607634
tenets	607614
albanians	607501
goff	607489
dialed	607455
pius	607440
garb	607429
steadfast	607212
niall	607008
reckoned	607006
promissory	606992
overflows	606966
mitts	606942
rik	606934
nappy	606925
fuchsia	606808
chowhound	606801
muscat	606795
queried	606763
squarely	606579
softness	606574
crayon	606502
rotting	606382
salamander	606369
driveways	606363
exhilarating	606284
lukas	606222
aswell	605976
excepted	605976
skippy	605968
sooners	605949
flavoured	605932
maritimes	605895
marque	605877
texaco	605833
bookmakers	605781
ditches	605732
millionaires	605712
evade	605626
coverages	605602
bap	605536
specialities	605519
pars	605500
loca	605462
systematics	605458
renderer	605451
rework	605413
coffs	605245
scourge	605240
twig	605227
cleansers	605215
lapis	605210
bandage	605193
detach	605182
webby	605178
virginity	605174
apogee	605076
allergens	605072
mala	605068
doctrinal	605040
worsen	605022
tankers	604915
adaptability	604882
cramped	604859
whopping	604841
wept	604753
bes	604667
cust	604628
racking	604529
anim	604471
corrects	604324
shunt	604152
vanishes	604002
synch	603920
patten	603919
obedient	603887
allis	603850
estimators	603814
sects	603808
functionalities	603803
evidences	603703
modo	603697
mux	603697
fetishes	603675
outrigger	603622
enclave	603583
anxiously	603576
fibrillation	603564
ascribed	603527
licorice	603489
strikers	603470
statically	603378
ipl	603377
developmentally	603247
optimist	603119
ingles	603102
senders	603095
gratification	603077
seashore	603064
automaton	603051
unskilled	602968
steamy	602955
marinade	602864
brigadier	602807
extinguishers	602766
stratosphere	602754
updater	602721
consonant	602690
fld	602661
acetic	602572
nicaraguan	602481
unarmed	602459
dyeing	602404
intolerable	602372
republished	602365
tawny	602308
sconces	602285
insulator	602268
endometrial	602218
absinthe	602158
hegemony	602154
focussing	602001
tryptophan	601765
hygienic	601727
extensibility	601622
sufferings	601565
tahitian	601226
propagating	601225
sacraments	601185
bianco	601147
salma	601080
layman	601070
consortia	601068
bungee	601002
vellum	600914
ignatius	600857
alternates	600819
configures	600721
emperors	600721
multilevel	600671
renoir	600542
stalks	600494
stanza	600482
mucus	600467
suspenders	600447
londres	600323
morons	600305
dismantle	600275
terminations	600264
novices	600229
grasped	600185
pharos	600179
bequest	600153
beggars	599943
reimplemented	599864
eavesdropping	599854
redeemer	599836
numerator	599807
florin	599783
gds	599782
quixote	599715
resurgence	599699
chaise	599684
paternal	599628
dey	599591
metastases	599586
rained	599532
timings	599523
carburetor	599510
merges	599509
indigent	599487
trellis	599436
jeopardize	599413
flet	599362
bds	599285
hydrolase	599034
koa	599024
mobilized	598956
mythic	598878
crystallization	598814
someplace	598811
marries	598788
echoing	598763
antibacterial	598735
extremism	598707
edgy	598685
fluctuate	598674
tasked	598662
tema	598581
flips	598531
recitation	598378
macrophage	598373
aptly	598371
alleviation	598330
liege	598284
remittances	598259
useable	598152
romances	598133
nieces	598057
characterizes	597841
councilor	597825
jellyfish	597803
reissued	597758
noa	597699
papyrus	597531
wiggles	597528
fop	597456
candlestick	597438
spector	597379
medica	597335
incumbents	597216
vern	597198
writable	597093
reflectance	596983
bunn	596973
circling	596967
sheik	596893
pints	596841
chiba	596836
coliform	596574
selena	596568
realignment	596434
girdle	596431
siamese	596411
undermines	596389
veiled	596352
blotting	596335
intimates	596202
supercomputer	596172
eruptions	596161
javelin	596077
bouncer	596061
phenol	595974
jigs	595902
lifetimes	595870
grundy	595865
stares	595840
eastward	595830
histamine	595808
byline	595807
bedlam	595688
yon	595677
entree	595667
synergistic	595587
desist	595578
grasshopper	595548
rheumatic	595472
tillman	595439
autobiographical	595417
piety	595389
embody	595383
petites	595347
gris	595329
crawled	595326
handball	595308
stylized	595250
folate	595199
manitou	595043
soiled	594973
goofs	594965
dich	594830
froze	594804
superfluous	594748
plexus	594663
systolic	594662
unreachable	594589
disarm	594302
sot	594289
merc	594280
tacit	594255
modernist	594100
waring	594071
chansons	594055
parenthesis	594053
reorganized	594039
daybreak	594037
rallied	594035
quakers	594003
pentecost	593950
weathering	593893
totalitarian	593878
putters	593867
interrelated	593829
beulah	593780
southbound	593606
unveiling	593479
burg	593300
astray	593275
blisters	593207
patios	593195
infirmary	593188
firebox	593165
synopses	593161
venta	593134
hinted	593097
sanctity	593033
sadr	593032
tuples	592947
gad	592912
modus	592874
pedantic	592825
diarrhoea	592800
sonatas	592757
barbecues	592677
bullies	592628
notoriously	592582
lucius	592541
deadwood	592477
kirsty	592433
commonsense	592396
caustic	592242
rook	592238
emporia	592166
gleaming	592118
dominoes	592112
violators	592087
reconfiguration	592029
tua	591973
parochial	591954
bertie	591948
sledding	591928
lakefront	591925
excision	591924
traceability	591915
lemony	591827
recursively	591811
auctioned	591730
basset	591680
limiter	591593
precedents	591579
dah	591493
exiled	591466
blueberries	591420
pall	591376
mustered	591369
pretext	591360
comprehensively	591313
whisk	591308
flared	591294
amar	591258
deference	591217
limelight	591099
artful	591043
alg	591026
eld	590912
hoosiers	590768
criss	590717
glynn	590714
audacity	590668
unmet	590631
toa	590630
competes	590593
compositional	590484
trig	590455
catawba	590386
downwards	590276
ordinal	590170
moat	590169
inasmuch	590089
plotters	590087
caress	590047
hails	590036
gila	590020
swam	590013
downed	589997
magnitudes	589997
wilfred	589974
mauve	589931
metairie	589773
hazy	589765
twitch	589741
polluting	589667
glorified	589520
combed	589458
reclaiming	589446
pedicure	589392
duplexes	589303
backplane	589253
transceivers	589179
disrupting	589177
biodegradable	589155
spore	589081
baptists	589001
unrealized	588985
paraphrase	588920
hei	588814
flounder	588770
crept	588735
fibrous	588651
swamps	588604
epilogue	588566
hoof	588494
epistle	588449
acetone	588439
alanine	588422
exiles	588295
clapping	588220
finesse	588192
spt	588151
ries	588106
blitzkrieg	588026
nickels	587964
cordelia	587959
infrequently	587862
banbury	587839
favoring	587753
converging	587721
choctaw	587588
interactively	587553
mufflers	587357
quarks	587246
firma	587233
inquisition	587218
reputed	587127
dinah	587063
walkways	586893
seduce	586830
bearers	586762
kimono	586714
guesses	586707
oxidized	586703
sharif	586651
bloodstream	586625
underpinning	586589
resistivity	586588
impossibility	586554
ceylon	586473
conformal	586464
racquets	586445
courant	586440
sherri	586386
invasions	586379
eminence	586334
nevermind	586282
moa	586245
canna	586192
potters	586134
detergents	586127
liberate	586056
bombardier	586022
cytotoxic	586015
frag	586002
gunther	585995
colophon	585944
hanged	585915
morin	585890
flatter	585847
acquitted	585811
unforgiven	585762
thesauri	585719
dimmer	585447
sola	585411
cauldron	585394
uts	585381
dredge	585318
relais	585318
tingling	585316
preferring	585281
allocates	585248
cordial	585191
kabbalah	585115
reassurance	585108
punks	585036
superintendents	584971
unannotated	584968
nervousness	584958
delineated	584942
imaginations	584912
dari	584871
patchy	584858
haters	584847
quarrel	584822
bess	584688
millennia	584676
pathophysiology	584609
frith	584571
aryan	584547
tendering	584531
transitive	584498
remixed	584468
furthering	584432
connoisseur	584423
idealism	584414
hypoxia	584378
penile	584219
positron	584172
separable	584172
metallurgical	584166
ordinating	584142
molybdenum	584079
awa	584068
liqueur	584063
spokes	584032
pastime	583995
pursues	583983
hexagonal	583972
throated	583963
contravention	583933
bugle	583867
bacteriol	583839
healers	583831
luxemburg	583783
disperse	583775
binomial	583709
incoherent	583589
fours	583578
mullet	583341
canfield	583314
hardball	583270
renovate	583168
devout	583135
strom	583118
actuary	583033
purdy	582858
unfurnished	582836
rattus	582811
blinding	582773
latches	582760
cosmetology	582725
emitter	582685
yom	582525
inaction	582486
formatter	582317
rhinestones	582289
shootings	582285
splitters	582275
pizzas	582245
northward	582145
trotter	581944
subversive	581770
winders	581715
impediments	581632
armoured	581611
walkie	581611
breathless	581582
intertwined	581569
postmarked	581559
steen	581515
devolution	581494
avion	581489
corkscrew	581475
reunification	581462
izumi	581461
moderating	581459
trop	581441
affections	581402
inherits	581312
mortals	581270
purgatory	581266
dooley	581228
vise	581219
comer	581184
unsaturated	581171
tillage	580982
pere	580965
nonexistent	580905
discloses	580877
liquidated	580872
decoders	580842
validates	580816
dae	580763
easterly	580752
jackman	580704
lagged	580631
biophysical	580585
lasagna	580560
landers	580554
belton	580549
tapas	580527
hawker	580518
calla	580506
curriculums	580491
vertebrates	580443
rezoning	580411
toughness	580404
disrespect	580381
exclusivity	580322
motivates	580262
debuted	580254
lifeguard	580245
lagging	580241
uncovering	580148
indeterminate	580061
kilmarnock	580044
refreshment	580038
momentarily	580030
festa	580029
lute	579984
rosette	579959
sequels	579925
licensor	579923
changeable	579904
tragically	579874
coexistence	579667
supervises	579499
trumps	579462
redistricting	579388
amritsar	579340
justifiable	579334
pram	579211
twofold	579166
sicilian	579142
mekong	579130
anesthetic	579013
anisotropy	578752
unearned	578731
thwart	578726
potted	578679
chanson	578617
redox	578593
cladding	578590
incurring	578546
retransmission	578538
luau	578492
gracias	578452
overlaps	578409
meticulously	578401
convalescent	578385
sitka	578381
mackerel	578375
goings	578232
brim	578190
clinch	578103
provident	578089
leprosy	578079
chum	578060
cometh	577974
interceptions	577809
fitter	577713
appt	577669
nonviolent	577599
glut	577556
fasten	577472
evangelicals	577424
cunny	577408
goddamn	577357
locksmith	577318
interrupting	577270
sulla	577268
accra	577217
bimbo	577216
daggers	577197
pleases	577183
jamboree	577150
multicolor	577120
moors	577097
geranium	577066
kendal	577056
tritium	576954
revolve	576832
leaching	576688
isomorphism	576532
estab	576493
waged	576479
stockbridge	576459
invariants	576445
waxed	576427
concourse	576414
confine	576267
jaded	576218
mingle	576213
yardage	576154
neve	576117
gte	576107
bodybuilders	576098
ranchers	576052
purify	575957
radii	575939
desolate	575923
withdraws	575896
choked	575811
expander	575810
whereof	575793
regt	575768
electrolysis	575752
signatories	575731
pape	575722
gruesome	575704
wetsuit	575666
peroxidase	575596
pleadings	575571
defying	575443
sacs	575432
rahul	575341
perished	575319
tentacles	575086
britons	575047
pringle	575028
outcast	575027
neurologic	575026
faraday	574988
oblong	574884
macabre	574859
ophelia	574836
popeye	574806
wearer	574739
excerpted	574727
spotter	574725
pyongyang	574720
propriety	574461
declarative	574454
semaphore	574430
attainable	574420
hearsay	574382
tristate	574376
standardize	574340
recyclable	574324
knickers	574208
roomy	574188
overloading	574133
brutus	574102
angioplasty	574091
obscurity	574064
heros	574043
deseret	574001
colonists	573950
matting	573938
overflowing	573925
capers	573876
androgen	573862
entice	573825
kilogram	573782
pacemaker	573772
evaluators	573681
nears	573618
pah	573538
lasso	573529
soot	573490
mog	573487
yonder	573428
virulence	573379
standout	573329
ptt	573266
bdrm	573184
heretic	573176
comparability	573133
industrialization	573050
cabana	573027
draught	572982
comical	572946
generalizations	572942
waiters	572903
gasped	572887
catwalk	572806
geologists	572789
caverns	572761
homesite	572721
boarder	572698
pecos	572685
blurry	572668
minibus	572625
bumping	572620
unfunded	572521
jobsite	572475
greets	572428
ova	572242
disbursed	572222
waxes	572169
ballooning	572153
antineoplastic	572086
amplify	572038
shitting	571996
whiz	571987
bevel	571985
coden	571963
straining	571963
congressmen	571962
dft	571955
strapless	571902
seduced	571872
qualitatively	571866
ejection	571826
flourished	571826
whitefish	571826
puyallup	571745
dodgy	571643
parasitology	571637
thymus	571613
handlebar	571572
lesbianism	571514
angrily	571493
locators	571456
belive	571451
croquet	571392
vacate	571365
phytoplankton	571293
neath	571177
soundness	571173
casseroles	571156
generational	571038
marquise	571007
burrito	570930
coriander	570822
bonjour	570709
xxiii	570665
protracted	570661
siegfried	570589
affaires	570494
manipulative	570483
hypnotize	570472
eyelid	570411
liaisons	570409
backers	570374
evocative	570353
undeniable	570329
taming	570317
centerfold	570261
precluded	570150
warlord	570147
repressed	570118
perforce	570099
snider	569966
barons	569865
wrigley	569758
sensitivities	569661
boundless	569644
hopelessly	569641
amphibian	569502
grandchild	569493
substation	569476
optically	569457
sucre	569392
pasteur	569321
affine	569258
valuables	569237
indignation	569138
sprinkled	569059
menstruation	568953
stuffs	568879
hijacking	568873
antichrist	568853
blurbs	568853
emptying	568836
downsizing	568766
subcutaneous	568736
creatinine	568725
factorization	568673
reiterate	568668
reliever	568592
ender	568591
indenture	568576
coney	568494
trailblazer	568494
himalayas	568487
avenida	568464
ern	568446
shocker	568444
monopolies	568399
sowing	568345
refrigerant	568258
frills	568246
wad	568187
shearing	568179
presidio	568126
ruining	568101
pinion	568048
yew	568000
roux	567980
windward	567968
haunts	567924
unsere	567888
rectangles	567852
caseload	567784
brawl	567755
delirium	567749
collaborator	567685
unfounded	567645
heroism	567544
xenopus	567468
reflectors	567464
endorsing	567422
kiwanis	567289
barrister	567264
neglecting	567179
assertive	567151
weirdness	567128
oblast	567121
saxony	567081
karel	567060
datos	567059
glycogen	567003
tain	567002
vane	566982
detainee	566979
alienated	566940
hoosier	566854
tum	566807
balearic	566782
synagogues	566747
toluene	566731
tubal	566730
photocopies	566666
photonic	566485
hijackers	566418
entangled	566416
mane	566268
liberating	566218
ultrasonography	566162
embarking	566084
taupo	566050
possum	566038
tonneau	566027
cynicism	566023
thos	565923
bayonet	565835
considerate	565833
toxicological	565828
extraneous	565823
janitor	565779
environs	565770
platypus	565585
thereunder	565535
kink	565510
holla	565475
reverses	565468
multilayer	565457
reunite	565367
mohair	565343
chore	565322
hawkeye	565317
steers	565315
crockery	565243
juries	565211
presidente	565142
preemptive	565069
gare	565042
legacies	564969
subcontracting	564933
counterterrorism	564895
communicators	564843
embodiments	564809
theologians	564715
pertussis	564707
concentrator	564655
astrophysical	564644
pairwise	564633
enticing	564554
embankment	564483
quadruple	564461
crazed	564416
xxii	564394
filmstrip	564383
shortcake	564371
equipping	564364
fondly	564334
whither	564313
chilliwack	564279
counteract	564264
sighs	564251
tetracycline	564215
discouraging	564172
paramilitary	564112
flipper	564088
eyeball	564079
outfitter	564070
flasks	563990
immunological	563977
wifes	563949
phenyl	563947
preservative	563826
famously	563800
lca	563740
bossier	563701
tribulation	563701
franchisees	563686
falco	563635
bridesmaids	563590
rhea	563563
raided	563537
controllable	563524
surfactant	563507
culvert	563434
prescriptive	563344
salaried	563303
spanner	563176
mises	563099
firehouse	563098
intolerant	563093
rarities	563011
puri	562911
battled	562859
karts	562850
orthodontic	562807
visors	562763
obstructions	562728
leste	562720
lithography	562718
proofreading	562652
discredit	562526
evokes	562522
grotesque	562402
artistes	562399
dehydrated	562353
initializing	562323
waveguide	562210
aussies	562148
reinhard	562108
spoils	562007
suburbia	561985
optimally	561918
monasteries	561836
crucible	561747
modena	561724
generalize	561707
hasta	561700
polymorphisms	561676
sexist	561675
embryology	561609
styrene	561584
pronouns	561577
alumnae	561573
inducible	561562
misconception	561546
rudimentary	561512
riesling	561461
triage	561450
sown	561441
protege	561434
beak	561383
settler	561352
silencer	561225
rabble	561223
rung	561161
foreclosed	561139
allergen	561033
piped	560993
orpheus	560918
retour	560894
insurgent	560851
crystallography	560845
frosting	560844
rightfully	560837
gallbladder	560763
nightwear	560749
sconce	560741
medici	560731
marshals	560722
ovaries	560629
daddies	560504
crumbling	560502
impressionist	560436
relegated	560404
allotments	560354
stagnant	560321
follies	560249
fairways	560195
watercolors	560192
dells	560024
tekken	559895
lactic	559889
cleanly	559873
unclean	559843
seizing	559841
molasses	559840
katana	559797
tablecloth	559793
boson	559775
milled	559693
purifying	559532
delineation	559512
schooner	559495
analgesic	559472
dignified	559464
numbness	559421
mya	559365
geez	559306
papier	559250
crocheted	559219
machinist	559196
anima	559141
acetylcholine	559111
apologized	559056
meshes	559032
pud	559022
firsts	559005
ferrets	558993
enlight	558954
grotto	558927
wop	558906
twas	558866
agonists	558825
marais	558804
loam	558710
politique	558615
photometric	558540
carnations	558424
buzzer	558420
rivets	558409
hatching	558388
leveled	558348
graces	558332
trams	558296
vickie	558279
tinnitus	558278
corinne	558254
adheres	558200
collusion	558087
libertarians	558019
rawhide	557948
downers	557935
propos	557913
sequestration	557860
inositol	557774
follicle	557719
knotted	557715
agitated	557666
inspectorate	557647
sorter	557591
misused	557511
saudis	557504
octal	557500
relieves	557488
debilitating	557447
linguist	557433
keypress	557406
rigorously	557390
erroneously	557341
centrifuge	557232
especial	557190
betray	557182
curators	557145
marla	556982
suspending	556969
mormons	556828
projective	556791
fandom	556784
debacle	556654
argh	556652
bennet	556649
plantings	556598
proclaiming	556541
purposeful	556458
undress	556329
arbitrators	556318
procrastination	556228
gauze	556178
unpossible	556158
precepts	556093
bronchial	556025
constellations	555967
gazed	555917
skips	555853
forceful	555765
unilaterally	555763
hypoglycemia	555733
rut	555550
revaluation	555420
conditionally	555419
moira	555353
tenured	555349
debentures	555252
acyl	555154
rehoboth	555141
hera	555100
subterranean	555068
rumored	555054
dlr	554927
amuse	554922
fixer	554896
villager	554896
sealy	554834
condensing	554824
emanating	554768
foy	554765
assassinated	554713
brodie	554639
untimely	554611
baguette	554596
haves	554576
erections	554572
associating	554535
romp	554517
overpriced	554501
grantor	554481
orbiting	554479
idiom	554390
tangle	554384
legitimately	554365
resubmit	554355
congratulated	554293
couriers	554201
rah	554164
saggy	554140
unwelcome	554108
subtypes	554068
concurred	553997
merch	553953
uplinked	553949
upsets	553892
northbound	553891
sceptre	553865
cardigans	553850
ket	553849
rasa	553839
confederacy	553823
matinee	553768
snatched	553712
plunder	553689
midweek	553652
impromptu	553624
rialto	553600
bustle	553596
durations	553596
trawl	553588
shredding	553533
reiner	553526
risers	553448
searchers	553428
gamut	553397
czar	553393
unedited	553318
shattering	553294
inhaler	553285
refute	553232
granularity	553212
albatross	553191
formalized	553151
retraining	553125
naa	553087
nervosa	553073
certificated	552911
amphibious	552903
spicer	552873
mush	552867
shudder	552841
surfboard	552808
eyesight	552771
parson	552694
infidelity	552693
firemen	552655
handguns	552606
ideograph	552568
contrived	552567
papillon	552534
exhausts	552501
opposites	552468
dreamers	552467
citywide	552455
stingray	552405
franchisee	552339
foal	552193
slinky	552098
hesitated	552047
weatherproof	552016
precarious	551985
hodder	551910
pease	551869
oxy	551839
testifying	551790
postmenopausal	551725
topographical	551708
instructing	551625
dreary	551606
tuxedos	551602
batters	551521
gogo	551506
crispin	551401
duffle	551355
horrid	551326
scraper	551301
dryness	551208
wreckage	551081
decl	551048
paras	551039
gophers	550942
noes	550899
relist	550898
dockers	550835
captives	550815
screwdrivers	550806
despised	550781
guitarists	550780
conqueror	550776
innocents	550766
manta	550732
unprepared	550682
dost	550675
surfboards	550551
deteriorate	550543
compo	550501
treacherous	550477
filet	550472
infidel	550445
volley	550438
carnal	550376
larceny	550282
midpoint	550233
malagasy	550164
versed	550146
nair	550039
confronts	550037
polymorphic	550026
phenomenology	549995
substantiated	549969
lorry	549887
recaps	549885
parliaments	549876
mitigated	549808
fet	549806
resolver	549729
youngster	549722
enigmatic	549719
anthropologist	549689
opcode	549650
bridle	549609
revamp	549489
herbarium	549452
stretcher	549362
arista	549323
unknowns	549216
enfants	549165
leila	549151
cpo	549117
berliner	548939
chamomile	548922
mobilizing	548814
allo	548744
wayland	548679
methylation	548650
effecting	548639
ecol	548572
hallucinations	548492
unravel	548449
prostatic	548402
smugglers	548326
intimidate	548321
rubens	548286
android	548244
galilee	548227
primaries	548226
frenchman	548217
converges	548216
lation	548189
anisotropic	548152
tiller	547999
ambrosia	547978
springboard	547972
orifice	547964
rubella	547935
eisenberg	547901
constitutive	547872
bragging	547836
signoff	547802
hordes	547773
sapphic	547745
showcased	547620
beryl	547615
cooperatively	547557
forerunner	547456
grinning	547388
triplets	547289
billionaire	547268
leucine	547247
jobless	547242
slingshot	547235
cutout	547177
disgruntled	547163
slashed	547151
coker	547115
watchful	547093
resurrected	547014
appalled	546911
skyscrapers	546909
silenced	546848
vanities	546813
beecher	546750
goog	546720
evaporated	546714
democratization	546665
affliction	546664
zag	546660
biostatistics	546653
intestines	546612
cilantro	546588
garvey	546494
saute	546457
iba	546454
idyllic	546274
certiorari	546237
satchel	546210
contributory	546087
peruse	546052
giggles	546025
revel	546018
alleys	545964
crucifixion	545878
suture	545876
tice	545628
madly	545418
stiller	545339
experimented	545333
calipers	545274
penalized	545272
pyruvate	545225
loggers	545185
steeped	545166
whew	545112
orchestrated	545088
gripe	545043
summa	545031
eyelids	544998
conformational	544957
choreographer	544863
impressionism	544835
thereupon	544789
archers	544641
steamers	544633
bubbling	544616
forbids	544611
disdain	544536
exhausting	544523
absurdity	544495
magnified	544491
horsemen	544447
alabaster	544438
reigning	544415
abnormality	544301
georgie	544299
varicose	544285
newtonian	544275
bribes	544178
kidnap	544164
coercive	544162
romanticism	544125
luo	544082
federations	544021
syed	544013
forme	544011
urination	544007
cautionary	543828
escalate	543764
spotters	543738
sider	543665
reinstate	543660
mitral	543640
unthinkable	543523
lowly	543486
antisocial	543419
gangsters	543337
daemons	543331
outburst	543324
foundational	543288
scant	543285
mattered	543236
fitzroy	543222
huntley	543198
raspberries	543159
sorely	543086
pail	542968
isotropic	542963
enlaces	542901
obtainable	542833
elvira	542816
flier	542812
mastiff	542726
drummers	542634
carcinogenic	542625
reformer	542609
solemnly	542502
lum	542447
supercharged	542418
liberally	542405
dahlia	542383
primavera	542302
timescale	542282
concentric	542281
fico	542275
loin	542236
overwritten	542184
kor	542161
perle	542072
unwarranted	542055
marmalade	542036
terminally	542033
pirated	541893
applauded	541860
leavers	541859
ravine	541765
aquifers	541598
rescuers	541516
exponents	541488
revitalize	541413
californians	541233
procuring	541222
permeable	541165
pours	540889
napalm	540829
leer	540734
nave	540726
racetrack	540692
arranges	540677
riveting	540655
absorbers	540636
valhalla	540625
biweekly	540617
adoration	540601
hows	540560
derailed	540511
amity	540428
superiors	540373
decanter	540350
starve	540312
leek	540296
shortness	540171
fid	540082
rua	540078
monologues	540049
subroutines	540026
subspecies	540016
fronted	539979
lightest	539862
banquets	539857
bab	539816
picnics	539733
compulsion	539715
prerogative	539699
broiler	539610
ctn	539583
lickers	539571
abscess	539538
paraphernalia	539519
heretofore	539456
skimpy	539449
memento	539411
lina	539408
reflexive	539275
tumbled	539245
masterful	539218
insoluble	539192
drool	539170
sepsis	538965
oscillators	538862
choline	538818
removers	538753
diffuser	538713
casas	538695
rouble	538678
zac	538537
postnatal	538524
semper	538522
repressive	538468
clos	538455
sweeter	538443
spilling	538379
tallied	538377
saucers	538238
keying	538196
ballpoint	538137
lupin	538085
eidos	538029
gondola	538006
elizabethan	537873
willfully	537804
orienteering	537789
hein	537728
spines	537700
reiter	537632
puss	537622
podiatry	537614
truffle	537610
amphitheatre	537609
taka	537576
beal	537553
stupendous	537480
flutter	537468
acumen	537435
blockage	537432
hallo	537426
abo	537387
shiver	537359
shatter	537328
obstet	537302
pickled	537175
chicos	537150
cliche	537105
chlorinated	536987
hades	536971
hypothesized	536962
superimposed	536936
upbringing	536930
burdened	536893
zonal	536783
unsustainable	536766
interdependent	536723
rockwood	536720
civics	536690
literals	536638
unanticipated	536616
randal	536592
seminoles	536579
tabulated	536537
dandelion	536527
workloads	536507
nuance	536418
pretrial	536326
rotator	536238
myosin	536215
mtx	536193
classmate	536177
catechism	536172
carpool	536160
honky	536122
driftwood	536080
rosalind	536035
armpits	536022
joysticks	535935
visualized	535925
clitoral	535832
carsten	535795
anointed	535681
mythological	535673
convertibles	535667
interspersed	535642
tpm	535433
horseman	535405
oscilloscope	535361
nervously	535312
intruders	535253
mgd	535236
dictators	535230
levees	535147
chaparral	535132
decaying	535123
hillel	535101
slacker	535041
muses	535008
bandana	534893
oars	534885
padlock	534885
classed	534847
informer	534834
pentecostal	534827
freer	534734
extrapolation	534730
fennel	534724
telemark	534719
dismantled	534661
overcame	534653
exertion	534586
smit	534539
solidly	534492
flywheel	534433
affidavits	534419
weaves	534416
chimera	534360
handkerchief	534356
interviewees	534271
foaming	534246
barbarians	534239
tailors	534239
splendour	534238
niveau	534228
ital	534178
oskar	534178
sheriffs	534165
tassel	534111
admiring	534106
nondiscrimination	534079
harmonized	534046
khartoum	534040
leans	533946
fixings	533926
leith	533913
baffled	533868
deactivated	533780
wasteful	533777
oligonucleotide	533735
golgi	533726
channeling	533698
stopwatch	533682
tripoli	533655
subscript	533645
refraction	533614
substandard	533570
fillets	533526
aztecs	533509
consults	533497
phoned	533497
convener	533449
dailies	533406
hoi	533312
foils	533300
retract	533226
moya	533207
commercialisation	533184
cunni	533146
cardinality	533090
inaudible	533047
nurtured	532990
frantically	532981
buoys	532923
qn	532898
tinting	532889
epidemiologic	532868
burnie	532719
bushings	532686
radionuclide	532661
tait	532621
typeface	532621
disintegration	532584
changeover	532525
termites	532490
theologian	532469
decryption	532436
sigmund	532302
individualism	532234
starboard	532189
precludes	532183
burdensome	532141
helly	532080
protestors	532067
brest	532054
renown	532051
murky	532036
abl	531961
truthfully	531942
tongs	531760
perpetuate	531738
cyborg	531731
yanks	531722
hematopoietic	531699
clot	531650
imprints	531640
cabal	531622
inflationary	531530
musa	531505
materia	531494
interwoven	531489
beggar	531456
cuddle	531391
pard	531358
workbooks	531345
fallback	531340
permutations	531337
extinguished	531285
downer	531275
abelian	531258
silhouettes	531191
quantitatively	531097
transferee	531097
abundantly	531094
declination	531042
sheepdog	531037
cameraman	531013
replicating	530836
excesses	530820
mucous	530783
poked	530699
slashes	530627
renovating	530576
dwarves	530545
cakewalk	530525
pyro	530496
tye	530460
stinks	530420
behav	530336
blackfoot	530299
caricatures	530268
artiste	530213
glycemic	529927
slicer	529901
joshi	529845
repose	529829
hasten	529792
tendered	529782
temperance	529773
risque	529634
operable	529630
resembled	529601
guerrillas	529563
helpfulness	529518
omitting	529384
anzac	529381
kulkarni	529362
earthy	529313
rabbis	529276
mendelssohn	529262
adored	529243
embellished	529217
aggrieved	529207
feathered	529207
investigational	529176
photojournalism	529167
assisi	529132
aggravating	529126
centaur	529060
insulted	528901
climatology	528858
pinhole	528793
bioengineering	528779
fugitives	528765
alveolar	528752
passe	528622
soya	528530
anecdote	528528
exorcist	528473
biofeedback	528471
honduran	528447
partake	528425
pseudonym	528325
douche	528261
altitudes	528260
resistive	528207
carolinas	528204
chubb	528168
snooper	528147
strikingly	528013
firepower	527957
ges	527901
unmodified	527849
keystroke	527840
rancher	527626
grocers	527586
simulates	527549
flathead	527541
castellano	527516
vesting	527458
misspelled	527420
panache	527342
hallelujah	527297
joes	527292
morn	527290
cayuga	527234
nob	527204
glug	527133
bodyguard	527109
gnats	527105
gubernatorial	527080
goran	527051
solon	527040
detract	526815
sparky	526786
portraying	526784
wirelessly	526720
factored	526631
pitted	526572
enlarging	526472
wrecks	526445
polymeric	526380
bombardment	526342
salivary	526331
dares	526302
async	526227
kristian	526160
circadian	526142
analgesics	526137
siesta	526110
prakash	526094
satirical	526088
phenotypic	526049
paar	526032
pelagic	526004
agronomy	526000
antoinette	525982
vss	525957
cynic	525906
weightlifting	525901
amenable	525863
audiophile	525736
runways	525612
frowned	525610
motorcycling	525603
testbed	525548
pediatricians	525530
sass	525529
fingerprinting	525484
tasking	525455
rout	525451
emulated	525423
pus	525387
tweaked	525365
rubies	525361
checkered	525351
phonological	525332
hatched	525318
sketching	525200
snappy	525121
hypocritical	525120
opa	525110
trample	525057
colonic	525019
courtship	524964
zircon	524912
cupboards	524906
ploy	524632
tolerable	524562
spellings	524560
magi	524549
canopus	524540
alonzo	524504
tutto	524481
attenuated	524381
dutchess	524342
wattage	524330
puke	524316
inefficiency	524302
expeditionary	524266
amortized	524228
humanistic	524179
travelogue	524172
triglycerides	524165
merci	524151
shotguns	524142
discounting	524118
booms	524101
thirties	524053
swipe	524034
demented	523930
upkeep	523744
truncation	523702
pomeroy	523634
musketeers	523597
glee	523509
downgrade	523487
biliary	523440
universalist	523377
ywca	523307
resized	523228
japonica	523160
megabyte	523109
forgets	523069
grapple	522941
lowlands	522901
inseam	522873
stimulants	522738
pressurized	522666
sld	522656
massagers	522624
greenery	522463
proverbial	522327
histological	522218
clays	522200
honeycomb	522145
tranquillity	522131
numa	522109
denier	522095
udo	522085
etcetera	522071
reopening	522061
monastic	522059
uncles	522032
soared	522016
quantifying	521991
householders	521937
nestor	521921
chanukah	521842
fumbles	521802
nitrite	521790
catchers	521787
mouser	521786
knysna	521759
impediment	521719
hel	521616
anarchists	521598
ponderosa	521564
whoops	521504
perilous	521498
devonshire	521495
tanto	521483
catamaran	521463
preoperative	521435
violets	521391
nouvelles	521380
nether	521363
helios	521342
wheelbase	521303
monomer	521251
nomads	521242
refueling	521240
biennium	521176
coho	521165
ramble	521153
quartile	521119
hexagon	521031
geodetic	520927
ambulances	520856
natura	520810
anda	520808
hams	520778
lubes	520715
consensual	520709
altimeter	520696
idiotic	520570
sharpener	520516
stellenbosch	520496
parti	520451
cerberus	520431
ascorbic	520414
bering	520372
dichotomy	520273
covalent	520122
erg	520108
tarpon	520099
bough	520067
hoot	520039
herewith	520021
radix	520001
borealis	519979
workmen	519975
grist	519954
policyholders	519933
racecourse	519908
extraterrestrial	519864
servicemen	519821
duster	519771
pronoun	519635
phylogeny	519625
signer	519577
plankton	519467
sloth	519428
steely	519388
pkt	519372
seamus	519345
pulleys	519294
sublets	519233
fates	519225
unthreaded	519198
stews	519188
cleanups	519162
flowchart	519109
tacky	519106
nourishment	519014
gravitation	518971
antiwar	518947
loophole	518925
drags	518855
menopausal	518820
retrograde	518799
relive	518779
sade	518768
exaggeration	518741
shadowy	518730
liquors	518686
reproducibility	518602
archangel	518576
abalone	518562
creases	518489
primordial	518353
nourish	518307
geometries	518295
uplifted	518223
quirks	518148
bundy	518060
pina	518051
acceptor	517979
precondition	517932
percival	517918
gingham	517865
batterie	517848
gossamer	517806
teasers	517803
beveled	517750
hairdresser	517732
consumerism	517715
plover	517710
mow	517690
boneless	517668
disliked	517659
impurity	517636
intracranial	517625
tatoo	517554
solute	517518
worshipping	517494
mumps	517472
chasm	517410
haggis	517401
electromechanical	517397
styli	517320
fpm	517178
greenish	517156
regiments	517093
rockaway	516971
exhibitionist	516962
selfishness	516960
reactionary	516934
adriatic	516843
bott	516827
godiva	516824
ejected	516726
grappling	516692
hammering	516690
masculinity	516630
mingling	516622
earnestly	516566
bld	516545
capitalizing	516482
lightfoot	516482
scribes	516413
rucker	516309
leed	516306
monologue	516277
amphitheater	516272
browsed	516248
vive	516213
bundling	516208
signaled	516116
clem	516016
littered	515939
acutely	515934
profess	515888
razors	515834
masse	515818
rearrange	515809
warfarin	515790
legumes	515772
speculated	515724
rohan	515694
overheating	515689
inflate	515640
worded	515624
quant	515573
fleshy	515537
devonport	515529
copywriter	515456
desirability	515437
bodybuilder	515398
poss	515378
sundown	515154
ravel	515098
flycatcher	515073
persistently	515059
decoy	514956
balsam	514937
bombshell	514928
subdomains	514827
baruch	514672
kale	514661
huck	514551
verdicts	514499
horrendous	514498
complainants	514414
addy	514407
fabricating	514366
authorise	514314
outcry	514311
eyeglass	514260
waterside	514215
pecans	514201
grime	514156
extortion	514104
juke	514099
schnauzer	514083
hairdressers	514023
cordon	514009
prioritized	513976
colorless	513918
rabin	513910
idealistic	513900
workday	513832
eared	513815
earphone	513796
cutlass	513706
jinx	513630
illiteracy	513610
rigor	513599
carcinogens	513567
greyhounds	513490
addressee	513417
amalgamation	513407
informants	513364
tics	513267
sublimation	513241
preponderance	513239
cowardly	513225
harnessing	513221
pretentious	513208
extenders	513189
fishman	513186
tsk	513082
cervantes	513060
wielding	513003
gusto	512932
maidens	512909
maia	512861
messianic	512854
generalist	512816
humbly	512799
gastronomy	512744
huckleberry	512730
langue	512557
unworthy	512430
expectant	512397
catheters	512352
azerbaijani	512327
footy	512263
joinery	512230
wasatch	512195
octagon	512182
equates	512180
azalea	512162
jeannette	512149
fruition	512138
florentine	512090
tacos	512088
dwelt	512083
misspellings	511972
oberon	511914
magnetics	511835
halide	511816
enslaved	511814
vil	511793
cathay	511749
metabolite	511744
clo	511673
genders	511585
headgear	511580
jura	511523
harming	511509
insole	511475
thurrock	511406
cardstock	511391
journaling	511377
correspondingly	511369
principled	511349
legalized	511346
predicament	511344
hilly	511265
aisles	511227
slacks	511225
trusty	511192
subtropical	511155
sager	511124
gratuitous	511122
fatally	511107
caged	511070
subcommittees	511016
ephemeral	510994
radium	510988
dissimilar	510952
ramesh	510940
mutilation	510928
prawn	510828
phylum	510826
kon	510819
mephisto	510818
prf	510810
waveforms	510793
algal	510781
waging	510771
infringed	510768
gimmicks	510762
reparations	510714
overwhelm	510702
injectable	510701
cognizant	510689
sher	510669
phenix	510567
rowdy	510507
popes	510461
bravely	510443
sportsmen	510420
ethically	510391
puffin	510270
shaper	510139
locksmiths	510111
stumbles	510097
cheater	510063
tora	510054
hsi	510052
clematis	510050
slashing	510026
leger	509988
torus	509986
cotta	509908
incomprehensible	509864
suez	509786
clogged	509657
vignettes	509573
gabriella	509570
fluctuating	509563
demeanor	509529
waxman	509520
shipboard	509427
oryza	509378
leashes	509356
labourers	509306
paganism	509181
fido	509177
sounder	509167
practicality	509159
mest	509145
winer	509091
thon	509072
caledonian	509064
pancreatitis	508964
filigree	508782
stench	508722
forecasted	508717
bypassing	508703
chock	508651
cursing	508585
messier	508539
wickedness	508529
crouching	508443
blenheim	508417
attila	508339
emits	508331
trigonometry	508298
flanges	508279
bowlers	508278
culminated	508157
thefts	508153
tsi	508151
keypads	508028
campanile	507938
vassar	507917
auld	507913
regress	507903
hao	507844
spanned	507808
ebenezer	507777
closeness	507775
minutemen	507744
pmt	507744
redeeming	507693
polity	507689
pias	507672
celiac	507636
hough	507632
ingested	507602
hypothyroidism	507589
boyfriends	507582
scriptural	507361
cybernetics	507274
prefered	507217
rappers	507215
discontinuation	507188
obscenity	507129
cumulus	507081
gaul	507054
heartache	507049
reigned	507033
entitles	506989
klan	506983
exacting	506966
offsetting	506951
wanton	506943
airmen	506894
ionizing	506869
enforces	506807
bookmaker	506794
curio	506765
hookers	506732
amalgam	506720
necessitate	506706
locket	506690
aver	506675
commemorating	506636
notional	506632
reconciling	506625
desolation	506621
zambian	506615
gander	506552
bastille	506482
magnetometer	506459
populist	506411
traceable	506358
hesperia	506346
chautauqua	506322
voila	506278
mnemonic	506254
interviewers	506241
invariance	506198
aspartate	506148
savor	506115
aramis	506101
darkly	506092
faithfulness	506045
resourceful	505988
pleural	505955
mediating	505915
heraldry	505866
incomparable	505857
resonator	505834
dilated	505813
angered	505765
surpluses	505758
condone	505681
finisher	505570
mademoiselle	505561
ead	505542
quartets	505529
anthropogenic	505418
constitutionality	505404
thermos	505376
macroscopic	505375
viscount	505353
preliminaries	505327
geopolitical	505318
devolved	505254
liquefied	505224
varietal	505144
engle	505048
streamed	505032
gorillas	504994
resorting	504977
garters	504865
adamant	504722
pontoon	504691
epidural	504622
tableau	504587
teardrop	504587
anion	504530
numeral	504498
orthodontics	504462
vernal	504458
tabby	504455
therm	504374
myeloid	504353
napoleonic	504318
pugs	504309
tennyson	504309
rubicon	504277
sprocket	504269
sima	504171
hants	504165
disorderly	504137
chairmans	504104
tala	504032
ansel	503986
destroyers	503910
analogies	503882
regionals	503846
kami	503825
frigate	503810
instalment	503732
dazed	503682
bicentennial	503665
radiologic	503641
mineralogy	503559
harrier	503519
oireachtas	503405
adjusters	503362
sentient	503354
olympiad	503350
fname	503345
sited	503306
entrust	503276
strainer	503244
whitetail	503167
astrid	503042
tripled	503030
puffs	502996
overpayment	502985
faeroe	502955
burying	502926
nagel	502914
blatantly	502911
dispatching	502850
chicano	502803
applicators	502713
erasing	502708
fleer	502699
bossa	502642
deuces	502610
fud	502583
cyclops	502531
gunfire	502511
veritable	502493
subtilis	502450
posterity	502409
percutaneous	502405
cols	502374
keenly	502306
healthful	502235
repealing	502134
gourd	502106
metronome	502084
groaned	502066
ferocious	502058
blackman	502002
voicing	501969
fliers	501959
mons	501913
grouper	501815
negate	501814
sacrificial	501793
defies	501766
intrastate	501739
abnormally	501580
moped	501534
resuming	501512
appointees	501505
bruising	501476
bunkers	501465
refrigerate	501418
ligase	501414
flogging	501345
religiously	501327
warlords	501256
encroachment	501206
cochlear	501173
seaboard	501160
alphabets	501128
atta	501065
foldable	501058
hydroponics	501013
precast	501005
purest	500985
southerly	500951
humiliated	500872
unearthed	500859
cataracts	500751
westerners	500718
kelty	500637
volunteerism	500581
subordinates	500578
pdq	500576
hor	500550
kinematics	500456
radiographic	500456
vagabond	500432
isobaric	500386
consecrated	500157
oscillating	500079
patenting	500046
reciprocating	500043
subcellular	499961
jib	499948
bodice	499917
foray	499808
opiate	499790
harmonisation	499707
unmistakable	499660
caritas	499620
filly	499537
rhubarb	499529
milt	499484
silencing	499449
ragtime	499380
adopters	499368
aesop	499263
hab	499158
synthesizers	499143
posey	499031
minuteman	498989
diminishes	498966
zinfandel	498940
mayoral	498916
fortis	498896
tidings	498841
sneaking	498814
honeys	498804
pinus	498797
interlink	498731
unassisted	498714
greening	498704
insidious	498680
dike	498600
immutable	498595
silvery	498555
croton	498542
depots	498539
nodding	498441
jasmin	498340
libri	498310
misrepresented	498201
overtake	498189
amici	498099
semicolon	498071
bubbly	498054
substantiate	497837
algiers	497778
ques	497765
nodal	497653
templar	497645
unbeaten	497426
cedars	497358
aloft	497342
fortitude	497342
sheeting	497248
hallways	497169
mated	497140
wart	497136
snooze	497075
hollander	497019
kestrel	497006
prawns	496933
nonpartisan	496929
naps	496868
ruffled	496847
domina	496828
armament	496826
plums	496751
tien	496736
revisiting	496718
fairer	496708
hoppers	496700
distillers	496678
enterprising	496658
hypertensive	496525
chinchilla	496483
transformational	496442
sailboats	496436
jct	496388
prides	496383
exemplifies	496379
arrhythmia	496374
astrometric	496284
grafting	496263
smoothness	496233
trinket	496217
tolstoy	496213
asperger	496194
transpose	496158
neutralize	496130
xray	496121
ferrer	496110
microeconomics	496074
kafka	496055
telly	496040
grandstand	496011
toyo	495927
slurp	495920
playwrights	495871
wishful	495862
allocator	495852
ila	495837
westland	495829
instantiated	495824
trailed	495781
habitation	495770
rogues	495745
speechless	495724
expanse	495684
stylists	495661
blackwater	495653
hippies	495633
preside	495621
pul	495593
larkspur	495550
arles	495534
kea	495514
delightfully	495482
oeuvres	495455
ahs	495451
cappella	495399
mussel	495250
concealment	495239
raines	495204
unruly	495055
accrediting	495041
stapler	495009
pheromones	494997
bisexuals	494918
cutest	494845
uncompromising	494819
obstruct	494816
hoon	494813
unbounded	494813
coincided	494775
cte	494769
quinton	494719
encased	494670
undertaker	494658
printouts	494637
flickering	494623
tempt	494586
scalloped	494577
etudes	494514
gurney	494513
gush	494498
saddened	494456
geochemical	494441
digitizing	494394
organically	494320
bathe	494252
scarred	494189
ignited	494043
crowding	494039
tew	493976
spearhead	493900
leonid	493887
reticulum	493845
dulcimer	493843
unl	493791
vrouw	493709
coronal	493704
transparently	493693
freeform	493641
tantric	493630
reif	493575
woodhouse	493567
gladiators	493557
lifter	493542
krebs	493522
ogle	493507
scrooge	493397
aeroplane	493334
buss	493314
nagging	493272
fatherhood	493235
debussy	493212
reflexes	493201
contemporaneous	493151
precipitated	493058
hiss	493054
outlawed	493039
injuring	492971
vadim	492959
bellow	492951
magnetization	492942
girth	492919
millers	492846
clerics	492827
inlaid	492826
poppies	492826
busses	492807
notched	492786
underpin	492734
baldness	492702
dumbledore	492696
didactic	492687
vinny	492634
delicately	492625
yip	492531
irritability	492505
pullout	492448
provocation	492334
lustrous	492303
reeling	492289
birdhouse	492279
peacekeepers	492178
desertification	492156
schmitz	492139
crests	492071
solent	492069
molto	492050
propylene	491997
loafers	491996
fuelled	491974
biohazard	491965
slapping	491918
horrifying	491916
toffee	491876
squires	491801
insures	491741
slaying	491722
mahatma	491695
chiron	491643
pippin	491563
frauds	491526
tauranga	491387
eire	491348
parliamentarians	491228
inadvertent	491195
boardman	491072
lobes	491048
homophobia	491022
winches	490997
centralia	490989
hoaxes	490943
hairspray	490874
urb	490854
thundering	490825
remus	490808
coals	490751
succulent	490747
heartily	490746
shader	490704
hic	490659
yellowish	490629
grafts	490594
unsuccessfully	490587
hillbilly	490582
moderne	490566
carina	490507
fon	490495
brunel	490466
moustache	490460
externalities	490437
lobsters	490418
balsamic	490403
classically	490379
eventful	490326
calorimeter	490308
necked	490302
idiopathic	490278
feasts	490244
stiletto	490209
unidirectional	490154
westbound	490148
teacup	490146
rebekah	490061
cabinetry	489988
stipulates	489816
secession	489768
optimizes	489765
serializable	489726
universite	489714
ald	489710
countered	489682
toques	489646
instinctively	489600
dropouts	489585
gamecocks	489559
conspiracies	489550
chapels	489542
sinusitis	489399
rusk	489388
fractals	489367
depressants	489353
tryouts	489341
shel	489312
minions	489305
adapts	489293
brunt	489270
gory	489190
infraction	489190
glens	489161
strangest	489136
stagnation	489059
displace	489049
countrymen	488958
endnotes	488929
rodman	488900
dissidents	488884
iterate	488875
ember	488846
neolithic	488818
perishable	488808
lyra	488780
vetoed	488671
uruguayan	488650
proteus	488496
simian	488490
atmos	488481
denoting	488432
apiece	488388
jeanie	488365
gammon	488354
multimode	488288
storming	488160
islet	488105
universes	488084
ganglia	488078
conduits	488074
headway	488012
ghanaian	487916
resonances	487858
friars	487835
subjectivity	487811
maples	487774
alluring	487763
cobble	487693
spode	487640
buzzard	487611
bony	487592
bucky	487506
plunger	487501
halting	487495
bookends	487398
cranks	487365
lowery	487328
headwaters	487237
histograms	487210
reviving	487176
moll	487169
frasier	487105
burrow	487085
universality	487084
veranda	486976
disposals	486939
mosul	486917
underrated	486863
chordata	486851
hyphen	486821
insatiable	486741
exquisitely	486722
unsorted	486715
unfriendly	486702
bch	486589
hatches	486551
christened	486529
actuality	486439
teased	486402
detain	486373
immunisation	486253
eyelets	486219
swordfish	486206
legals	486196
flatten	486144
homogeneity	486125
savant	486069
appreciating	486016
recreated	486012
leaded	486003
supersonics	485909
stinging	485905
gulls	485882
vinaigrette	485867
prescribes	485710
sultry	485693
sinned	485674
globular	485671
asiatic	485649
unreadable	485625
balsa	485561
depositing	485544
brasserie	485518
engravings	485302
showering	485253
enduro	485249
peepshow	485247
fanatical	485238
caper	485193
givens	485183
pecuniary	485145
vintages	485118
predicated	485103
montezuma	485003
mucosal	484978
prehistory	484972
lentils	484962
histidine	484959
quack	484886
drape	484861
tectonics	484840
distributive	484820
sharps	484734
bruges	484659
grooms	484582
doomsday	484561
otters	484545
gervais	484530
mews	484522
ousted	484515
scarring	484512
daydream	484418
gooding	484417
snicket	484415
bicarbonate	484404
cask	484364
grocer	484332
dietitian	484287
speedily	484268
auberge	484164
negroes	484146
paprika	484128
chases	484101
intervened	484086
dyn	483973
disallowed	483932
correo	483877
mezzo	483806
adelphi	483778
incarnate	483674
chimneys	483644
novella	483623
preoccupied	483610
brie	483604
diggers	483579
hither	483579
glances	483569
silos	483560
tyrants	483557
shortstop	483444
giddy	483433
denounce	483368
entertainments	483325
permissive	483200
prec	483188
nco	483179
nehru	483117
oaths	483079
estrogens	483072
ripples	483042
bloodshed	482924
maw	482918
odometer	482886
upsetting	482854
durante	482765
druids	482755
rti	482704
rodger	482685
oxen	482660
griddle	482453
nascent	482442
toda	482385
multipliers	482324
reinforcements	482320
precept	482252
aftershaves	482193
couplers	482193
pavements	482193
murmured	482182
rehabilitate	482177
patina	482158
propellers	482155
quadra	482079
violinist	482034
phonology	482020
himalaya	481965
plasmodium	481965
gibbon	481964
gratifying	481958
bums	481923
undersea	481909
delirious	481853
excepting	481850
unlawfully	481827
vanadium	481800
riverboat	481694
urchin	481596
polygamy	481475
gynecologic	481401
unstoppable	481395
pedometer	481386
utterances	481384
devising	481378
shortfalls	481355
sustains	481307
esu	481295
barbershop	481271
woodman	481163
gravely	481149
idiosyncratic	480972
errands	480940
hells	480906
floppies	480859
cartes	480824
kilowatt	480723
impulsive	480686
spasms	480606
mops	480596
commutative	480591
rationally	480583
lansdowne	480524
uproar	480509
savages	480392
craters	480374
angiogenesis	480329
nematode	480276
administratively	480203
mockery	480064
railings	480015
capa	480007
paulina	479979
northerly	479948
leverages	479946
tenths	479914
cancerous	479906
quench	479869
passer	479850
secretory	479744
encompassed	479704
reassessment	479566
broil	479526
hurrah	479525
chillers	479444
elbert	479438
modestly	479398
epitaph	479386
sunil	479377
insurrection	479325
yuki	479296
periodicity	479241
emigrated	479239
trypsin	479224
bursary	479223
dependability	479191
overdraft	479151
deirdre	479147
mycoplasma	479123
barges	479102
aro	479069
nota	479048
cacti	478989
bugaboo	478975
aeration	478947
antennae	478821
fermented	478759
enfant	478631
nak	478597
chowder	478500
expatriates	478470
centerpieces	478457
freaked	478445
headmaster	478443
curbs	478423
walrus	478325
triphosphate	478307
secretive	478212
grievous	478173
prostaglandin	478155
generative	478086
hippocampal	478080
assyrian	478056
vineland	478025
repetitions	477957
pensioner	477785
stuttering	477783
forcefully	477760
spellbound	477705
mascots	477653
aor	477606
conundrum	477598
comedic	477496
fend	477494
apical	477483
synoptic	477463
sapphires	477377
beryllium	477317
disinfectant	477301
compressing	477285
jokers	477265
piglet	477253
intoxicating	477180
crumble	477166
sketchbook	477135
resorted	477124
lecturing	477106
retreated	477053
senza	476965
eccles	476952
magdalene	476920
spatula	476864
intergenerational	476841
cates	476810
featurette	476772
drifter	476711
veer	476643
netted	476508
youve	476439
stardom	476402
dispel	476163
toastmasters	476138
warships	476116
recs	475990
exotics	475902
articulating	475888
jiffy	475865
woodbine	475775
straightening	475664
immerse	475638
farris	475567
envious	475528
regretted	475525
colic	475478
oni	475473
capone	475441
adolph	475399
rebounding	475308
farthest	475229
hirsute	475227
iniquity	475226
prelim	475130
fooling	475098
militias	475094
commodores	475066
neverland	474922
vaulted	474882
warms	474877
formalities	474846
indice	474842
vertebral	474827
ectopic	474822
resounding	474732
aku	474720
coulomb	474711
oban	474685
restatement	474660
unscheduled	474623
saucy	474568
blistering	474537
illuminates	474520
thermocouple	474454
masque	474421
shillings	474391
gleaned	474339
decomposed	474311
flowery	474297
scandalous	474263
maki	474242
sunburn	474135
blas	474116
pleistocene	474011
nips	474007
canisters	473936
menacing	473864
elector	473844
kas	473827
solvency	473763
lynette	473750
neurotic	473736
fielded	473722
bituminous	473715
askew	473664
blowfish	473658
groan	473578
dusting	473535
topologies	473532
touts	473474
pino	473436
uncontrollable	473401
lora	473382
shackles	473312
shrines	473261
bridged	473249
rajesh	473243
unjustified	473195
consenting	473166
torturing	473134
toile	473077
sitcoms	473023
analogues	473015
leukaemia	472992
ukulele	472970
relentlessly	472933
paperboard	472907
bracken	472890
fied	472864
couches	472833
decadence	472782
girlie	472746
antes	472677
nourishing	472630
herschel	472602
reconsidered	472581
callbacks	472475
arduous	472353
replicates	472334
sidewinder	472328
queueing	472224
slugger	472200
humidifiers	472176
assimilated	472025
watermarks	472011
creeps	471980
streetcar	471936
fulcrum	471905
stoker	471905
sadistic	471896
cassiopeia	471894
gripped	471868
martingale	471782
criticizes	471713
unscrupulous	471709
synchronizing	471691
reclassification	471679
nymphs	471677
woohoo	471601
takeaway	471521
unsettled	471519
timeouts	471361
reit	471359
inseparable	471341
jurist	471278
ducky	471241
vestal	471189
bola	471188
multimodal	471108
dismisses	471092
variously	471089
recenter	471060
hematite	471048
multinationals	470895
unintentionally	470883
debs	470875
sprites	470855
emeril	470838
dashing	470775
shipman	470738
tiring	470655
incinerator	470647
abate	470646
convening	470576
unorthodox	470560
fibroblast	470556
carrick	470527
piloting	470515
immersive	470498
glob	470432
fertiliser	470405
voids	470343
reinvent	470325
bellied	470283
oilfield	470272
ream	470230
mila	470227
decreed	470087
mossy	470059
ores	469988
addenda	469982
banque	469970
restorations	469939
boll	469920
balinese	469802
keyhole	469732
usages	469643
bursaries	469629
cardiopulmonary	469557
biologic	469542
bowels	469523
shiatsu	469522
cornet	469412
schizophrenic	469379
reversion	469367
unplug	469350
albergo	469345
pressroom	469342
sanctuaries	469319
greenbrier	469312
superoxide	469300
porcine	469297
convicts	469213
shim	469167
manx	469166
understatement	469152
tormented	469058
immanuel	469052
hopi	469005
gol	468981
subtree	468927
lodger	468917
inshore	468908
benn	468901
kettler	468869
clots	468861
reducer	468843
santee	468728
thunderbolt	468679
claudius	468669
trav	468646
spina	468643
meatballs	468575
underrepresented	468574
tremors	468572
apropos	468525
tightness	468495
pitiful	468456
concatenation	468370
suffixes	468368
barbera	468329
seascape	468304
winkel	468291
amdt	468286
linings	468204
horseradish	468201
sparrows	468190
bleached	468043
cortina	468042
ides	467979
arbiter	467969
hazelnut	467967
chaco	467915
reintegration	467909
locomotion	467875
pampering	467867
antimony	467835
hater	467834
buoyant	467828
airtime	467809
surrealism	467793
expel	467751
imi	467713
clamshell	467661
tonk	467642
luminance	467635
gryphon	467632
cair	467613
combatant	467563
synchronisation	467525
suresh	467516
minnow	467515
swoop	467481
gumbo	467464
neuter	467414
prejudicial	467379
melamine	467248
episodic	467231
introspection	467219
descendents	467128
lated	467007
montero	466985
divisive	466943
benedictine	466916
inappropriately	466876
reputations	466874
vitally	466855
mavis	466837
lubricating	466813
undivided	466636
chatted	466621
lured	466613
hurling	466538
accruals	466474
brevity	466461
visage	466447
prickly	466367
medallions	466354
graff	466226
astonishment	466206
whittle	466046
overshadowed	466037
rescuing	466008
suppressant	465982
hecht	465975
reworked	465864
sensibilities	465853
catapult	465752
meritorious	465666
elitist	465590
convoluted	465588
iberian	465567
beheld	465526
martyrdom	465480
stimulator	465466
manna	465463
schoolchildren	465437
moorings	465387
tweezers	465378
buddhists	465232
bearcats	465227
soars	465187
kinematic	465137
gnat	465124
housework	465104
gunpowder	465070
undressed	465063
southward	465059
unsupervised	465012
liszt	465008
copycat	464952
snooping	464871
recounted	464717
denials	464654
prussian	464599
adorn	464591
dorms	464581
laminates	464532
checksums	464483
contemplative	464438
pimps	464373
awkwardly	464344
etta	464340
projets	464339
belles	464270
stipulations	464255
lifeless	464235
baffle	464207
pared	464171
thermally	464153
sobriety	464118
albino	464045
hyd	464018
visualizing	464012
slums	463980
sprinter	463934
isomorphic	463933
burnet	463890
conjugation	463858
spaniards	463848
anklets	463796
impasse	463752
disinformation	463731
piloted	463722
delicatessens	463706
intensively	463695
pav	463656
amok	463652
successively	463647
cucumbers	463636
sexism	463602
ordinates	463594
squaw	463592
snowdon	463582
pomegranate	463486
elon	463476
bouts	463473
arty	463410
leukocyte	463406
transcends	463404
murmur	463379
cotter	463297
peptidase	463281
bookkeeper	463279
crickets	463278
squeaky	463254
silicate	463247
extinguishing	463229
alcohols	463182
zydeco	463146
attache	463095
bulging	463055
predictably	463038
chemise	463035
epics	462834
smug	462795
cardiomyopathy	462792
flanking	462730
disconnection	462661
dons	462565
spacetime	462486
awol	462384
prejudiced	462365
bionic	462342
larva	462298
laziness	462258
bookshops	462207
captioning	462193
obstetric	462172
marigold	462142
martel	462087
ino	462064
typesetting	461966
mouldings	461939
tireless	461908
chroma	461863
leander	461834
growl	461820
neutrophils	461795
gorges	461761
lollipop	461761
brash	461753
declaratory	461662
canons	461653
naf	461636
hydrate	461614
pastimes	461534
diurnal	461522
neutrinos	461500
subways	461437
coolness	461402
tui	461356
negativity	461239
recumbent	461123
shipwreck	461108
fader	461088
tortillas	461075
unconsciously	461028
buffaloes	461025
doorbell	460964
dissolving	460927
osmond	460853
unsettling	460851
bugger	460782
embolism	460744
lats	460627
roebuck	460565
highness	460563
abstracted	460511
starling	460475
typhoid	460452
perfecting	460356
adrenalin	460317
afghani	460287
tst	460271
furtherance	460230
haulers	460203
energize	460199
prohibitive	460177
slits	460082
inquires	460021
imaged	459971
sprayers	459952
yule	459944
calibrations	459904
teague	459892
phantasy	459884
lattices	459866
rotisserie	459806
orcs	459759
hoss	459733
scallop	459709
crusty	459667
computationally	459656
stillness	459632
precipitate	459589
sunbathing	459581
underlie	459532
pharisees	459392
chard	459373
clotting	459347
singlet	459327
nicknamed	459166
lugs	459108
drones	459091
kiddies	459083
asta	459059
minster	459048
collapsible	458947
sully	458846
phu	458804
prophylactic	458764
cityscape	458763
bate	458739
tradeoff	458732
instill	458692
firestorm	458586
inept	458533
pert	458376
depositions	458319
camped	458286
fraught	458277
perplexed	458274
replenish	458230
reconstructing	458187
droplet	458139
necessitated	458093
slowest	458071
lakota	458023
unwillingness	457957
revises	457941
parlay	457915
trimmings	457839
divan	457821
coexist	457780
advisement	457777
fulltime	457770
metra	457744
turtleneck	457680
concours	457570
tsar	457529
gigabytes	457502
triangulation	457496
eloquence	457456
anarchism	457409
stabilizers	457396
definitively	457352
natchez	457348
tripped	457346
strewn	457329
terrance	457241
smoothies	457222
rubles	457166
belling	457154
representational	457112
snark	457068
bewildered	457049
malignancy	457041
beatings	457038
copious	456992
cade	456953
newfound	456811
tremble	456746
instantaneously	456739
wristwatch	456661
papas	456613
subscribes	456604
thump	456603
ghi	456594
lah	456593
pompeii	456577
wining	456558
alluded	456532
aberrations	456515
sojourn	456479
zippers	456393
stateroom	456311
caloric	456201
plaintext	456183
daniele	456070
nucleoside	456041
buttercup	455990
lanyards	455934
adherents	455914
admissibility	455901
aspartame	455846
sleuth	455844
trudy	455837
herbaceous	455822
distinguishable	455792
neem	455774
immaterial	455764
sina	455738
surging	455706
cosh	455678
lop	455673
golding	455655
greased	455655
ethnography	455653
contraband	455603
bulkhead	455595
kain	455585
flagging	455580
minas	455535
cityscapes	455493
willed	455479
replenishment	455476
wounding	455455
dexamethasone	455437
inclement	455436
yoghurt	455313
nationalists	455308
definable	455302
bruin	455296
psychoanalytic	455284
magpie	455274
simp	455138
birthing	455119
robbing	455109
dimer	455104
impartiality	455061
stemware	455056
landsat	455019
phosphates	454925
dewar	454917
peebles	454917
docked	454895
burp	454884
radioisotopes	454878
obstetricians	454872
harpsichord	454860
capes	454767
impersonal	454766
proposer	454765
oms	454710
interpolated	454705
kerri	454701
strolling	454663
arith	454653
moro	454596
democratically	454570
salvo	454555
twigs	454542
furiously	454508
epitome	454485
nicol	454397
camara	454396
degas	454377
prefabricated	454359
accessor	454337
meteorites	454273
joked	454255
breaths	454250
lilian	454216
glancing	454156
parenteral	454101
discarding	454067
fared	454064
fleck	454043
cerebrovascular	454013
actuaries	453950
delicatessen	453948
marianna	453896
kidderminster	453858
antifungal	453780
inflamed	453776
promulgate	453734
clough	453689
maximized	453640
bde	453591
unlink	453576
shadowing	453513
wert	453509
regimental	453500
erythromycin	453492
signifying	453484
rectified	453454
flix	453387
flanked	453371
cusp	453355
homers	453331
crandall	453328
primacy	453321
pointy	453231
meso	453225
buckland	453209
baptisms	453070
centrale	453051
eyeing	453009
recompile	452973
bade	452907
melodias	452893
insolvent	452883
mists	452867
doberman	452858
carmine	452762
relinquish	452760
stover	452683
succinct	452682
palpable	452678
revs	452579
maha	452561
compressive	452553
eton	452553
wombat	452511
zippy	452440
odeon	452374
inhale	452342
dreamt	452328
backslash	452294
convulsions	452167
snowshoes	452162
goers	452132
chipper	452119
modulate	452093
agt	452053
fiancee	452051
ambiguities	452024
kundalini	451988
norepinephrine	451988
yolk	451960
mediocrity	451949
rhyming	451894
appending	451891
transcendent	451883
lichen	451869
lapsed	451859
marathi	451824
songbooks	451810
newscast	451779
outtakes	451565
boos	451556
stroked	451540
gallop	451480
cull	451434
unsatisfied	451396
retinopathy	451392
barrio	451342
buggies	451334
exercisable	451291
speedup	451286
minstrel	451279
ewe	451269
holl	451244
contentment	451237
ontological	451168
flashbacks	451110
cranium	451073
dentures	451063
politic	450955
stg	450874
reimbursable	450846
exchequer	450791
nitrates	450763
archaeologist	450722
mitotic	450696
generalised	450681
falsehood	450670
outliers	450649
slugs	450646
semifinal	450571
deactivate	450566
falciparum	450454
shifters	450418
undetected	450343
caries	450329
carcasses	450278
microstructure	450256
pleaser	450237
candlesticks	450209
disassembly	450170
miter	450148
propositional	450145
writeups	450120
talkie	449995
loy	449994
rosalie	449985
mingled	449958
rafts	449911
metazoa	449888
indulgent	449886
maul	449820
censuses	449786
longed	449757
shelved	449746
rammed	449732
carryover	449709
wailing	449707
wholeheartedly	449666
shrugs	449662
polyps	449623
negros	449621
avast	449613
inelastic	449589
traffickers	449547
neckline	449462
aerodynamics	449450
vertebrae	449443
moans	449401
buffets	449336
aristocracy	449320
leviathan	449307
eaves	449278
classico	449247
wrinkled	449208
popularly	449207
marred	449165
minimising	449127
bifurcation	449079
falconer	449017
watchman	448941
poetics	448919
jef	448917
venturing	448888
miniseries	448875
entitle	448784
yesterdays	448763
alibi	448710
toxicol	448709
angolan	448704
relayed	448666
ahoy	448637
ulcerative	448633
jellies	448630
postponement	448615
airlift	448594
brooding	448552
downlink	448526
endothelium	448477
suppresses	448474
appointee	448425
hashes	448382
juncture	448282
greenleaf	448267
borehole	448228
naturalized	448137
hain	448126
nodules	448117
pikes	448113
tunable	448052
haar	448028
meager	448017
panelist	448007
commandant	447943
copernicus	447935
bourgeoisie	447919
plucked	447904
medalist	447900
recessive	447818
inflexible	447787
flowered	447737
encrypting	447703
bueno	447694
rippers	447672
discord	447668
redefinition	447629
infield	447615
reformat	447613
atchison	447583
yangtze	447563
peels	447468
patrolling	447441
mindfulness	447438
injurious	447411
stances	447323
synapses	447282
hashing	447280
gere	447230
unmounted	447215
voiture	447196
armoires	447153
utilitarian	447151
archetypes	447103
behemoth	447100
obsessions	447052
compacted	447048
ende	447017
doughnuts	446982
thrower	446982
prana	446960
trike	446953
distillery	446918
reread	446905
funnier	446842
stormed	446837
disengagement	446784
gifting	446696
esse	446649
iodide	446635
crucifix	446602
digitization	446596
fistula	446587
campaigners	446582
acca	446562
irreverent	446542
censure	446519
carbine	446513
crawfish	446512
credo	446499
symbolizes	446458
ecuadorian	446420
injectors	446419
heartless	446382
natick	446369
centrist	446322
contented	446272
femur	446209
vultures	446208
methotrexate	446195
landslides	446149
separatist	446141
outlooks	446014
forcible	445980
lifeboat	445941
bushy	445882
tuskegee	445878
aly	445841
thickening	445839
gul	445834
reconfigure	445763
instantiation	445743
programma	445699
escalated	445663
eastbound	445597
grits	445581
pulldown	445563
porches	445466
inoculation	445461
luxuries	445409
glorify	445339
abner	445318
lineman	445307
streamlines	445294
cleaver	445286
inflight	445211
tracksuit	445187
overuse	445152
newsprint	445119
admixture	445115
maris	445115
hemorrhoids	445079
haulage	445011
heredity	444987
nominally	444979
convolution	444921
chloroform	444913
nettle	444867
mismanagement	444864
convincingly	444848
abbie	444814
galician	444804
golem	444797
evangeline	444778
conifer	444777
phenylalanine	444770
descends	444734
nonpublic	444733
mischievous	444718
inversely	444706
fateful	444650
eyelet	444636
immunologic	444632
complacency	444605
beeswax	444558
crosswalk	444549
kitsch	444502
sweeteners	444465
sprints	444422
impregnated	444413
insular	444404
emptive	444388
lagoons	444322
sensuality	444260
faked	444208
banyan	444158
affix	444121
opinionated	444091
quirk	444069
professed	444060
unrivalled	444018
blinks	443978
sensuous	443972
rationing	443964
sawing	443953
tellers	443893
yelp	443822
herding	443801
waterborne	443787
astron	443777
mammalia	443774
hopped	443771
sceptical	443760
gree	443748
goldeneye	443731
tradeoffs	443731
functor	443629
interfered	443578
obe	443549
halcyon	443548
gyro	443542
bowing	443518
shampoos	443510
unfiltered	443506
cogent	443481
parishioners	443467
traversing	443465
communique	443429
uninformed	443414
cantina	443393
polyamide	443361
selectmen	443347
luge	443334
necromancer	443267
carcinomas	443212
subcontinent	443164
transcriptase	443071
balmoral	443069
aberration	443062
specifier	443050
mollie	443043
nef	443003
subsidize	443001
conclusively	442963
calcareous	442944
nappies	442925
crippling	442891
aspherical	442829
misheard	442821
sundial	442756
tufted	442698
flaky	442666
kryptonite	442651
typology	442641
hydrangea	442635
chieftain	442630
preamps	442626
aesthetically	442584
gestalt	442556
sophomores	442414
binh	442400
honeysuckle	442394
chorale	442301
unspoken	442273
ishmael	442256
tiaras	442197
apprehended	442188
distr	442162
rhoda	442152
cogeneration	442146
flite	442097
jammer	442040
cyclase	441900
forbidding	441848
sparring	441829
adonis	441770
csw	441760
distressing	441740
domed	441740
ethnically	441709
morro	441702
gelding	441608
blurring	441598
deva	441595
mastectomy	441590
prettiest	441588
lif	441524
jaundice	441497
panes	441440
asterisks	441419
aspergillus	441259
agric	441229
medics	441194
gip	441133
affirmations	441099
testifies	441074
variational	441027
socializing	441021
crankshaft	440984
isls	440977
filipinos	440958
chambre	440843
dainty	440819
airframe	440793
beater	440786
dietetic	440779
crackle	440735
redacted	440584
stereotypical	440561
treks	440547
victimization	440535
parallax	440518
zante	440514
splices	440479
rete	440390
nonresidential	440386
hellman	440374
thwarted	440171
seri	440162
alban	440158
planks	440108
carcinogen	439976
orville	439970
catalyzed	439949
spindles	439907
belcher	439904
spirals	439874
speculations	439812
sedentary	439797
extermination	439786
sita	439780
plumes	439760
watchtower	439752
outweighed	439731
unmanaged	439691
preteens	439664
heme	439639
renumbered	439618
transposition	439589
crossbow	439568
speciation	439519
beets	439436
betta	439416
repel	439316
emmet	439231
lumina	439175
pali	439163
statistician	439147
symmetries	439144
observatories	439138
anxieties	439117
fungicide	439063
crosstalk	439019
onerous	438989
litas	438897
adenovirus	438790
hakim	438778
countywide	438769
tenderly	438763
puree	438733
stott	438727
bonny	438690
haddock	438655
portugese	438636
tachycardia	438612
virginian	438562
cosine	438469
pyjamas	438435
summarise	438422
finns	438407
oftentimes	438365
entanglement	438361
swath	438339
miserably	438203
meehan	438169
infiltrate	438142
argosy	438107
renounce	438068
jesper	438064
copilot	438051
phobias	437937
stumps	437875
nutritionist	437829
clouded	437827
effector	437814
diverting	437770
hairstyle	437764
diuretics	437687
cemetary	437636
derogatory	437632
discards	437599
xxiv	437555
discontinuous	437552
uncorrected	437526
stillman	437515
sear	437507
chloro	437502
rouen	437498
bighorn	437496
inaccuracy	437495
assimilate	437479
heartbreaking	437466
medea	437434
justifications	437409
brasilia	437392
gimmick	437392
acrylics	437279
regenerated	437277
fouled	437268
wiretap	437213
laine	437110
moniker	437097
gottfried	437074
credence	437017
sharpeners	436981
welling	436971
patrolled	436904
georgette	436899
prods	436798
conferring	436752
incite	436636
underscored	436582
divulge	436545
wardens	436487
unreported	436450
guarani	436396
tampon	436381
easels	436375
scrubbing	436361
laughable	436357
momentous	436293
footpath	436255
elkhorn	436181
ventana	436162
sublet	436128
antares	436118
chiltern	436118
peaking	436112
harem	435962
fussy	435961
marshmallow	435955
civility	435915
cals	435899
seltzer	435896
homeostasis	435880
deluge	435867
akamai	435833
squadrons	435803
ventricle	435750
goodie	435706
milkshake	435699
thrasher	435679
switchers	435677
brussel	435672
electrolytes	435654
unshaved	435629
gor	435619
ilya	435618
maneuvering	435572
gaby	435559
softwood	435547
croupier	435536
hausa	435531
fluted	435525
compacts	435517
elev	435415
egos	435414
rhinitis	435369
sweetened	435359
pry	435315
venison	435283
shoal	435185
overcrowding	435183
basking	435166
retractions	435151
pinging	435141
catheterization	435104
smears	435079
pare	435031
blushing	435028
breathes	435026
mariachi	434989
lectured	434974
reseal	434934
compositing	434924
coopers	434890
babylonian	434774
biota	434729
dossiers	434728
hairdryers	434619
axon	434606
annonce	434555
deflation	434514
worsened	434445
bord	434410
reconstituted	434403
skillfully	434387
heady	434375
legge	434372
confucius	434368
bombarded	434305
badlands	434295
deploys	434289
celts	434287
pols	434285
backstroke	434238
bathed	434234
cortes	434191
spooner	434167
intractable	434161
corresponded	434137
toothbrushes	434119
speckled	434100
enumerate	434033
persuading	433943
onondaga	433906
brandywine	433903
diskettes	433857
resonate	433837
advertises	433804
fives	433791
diphtheria	433678
nace	433665
hazelwood	433561
outfield	433516
carcinogenesis	433515
phenolic	433445
incrementally	433430
hoard	433375
courting	433275
petrie	433235
terrapins	433187
legalization	433129
lading	433103
modernize	433090
orl	433077
woodcock	433076
restarts	433039
churning	433030
juris	432993
brookside	432916
chariots	432904
streamer	432893
accumulator	432873
battalions	432857
unquestionably	432807
crocus	432755
citizenry	432666
reproach	432657
laundromat	432474
redeemable	432453
maxillofacial	432330
revolutionaries	432229
viol	432219
creamed	432170
tarp	432152
vishnu	432127
aten	432118
chimpanzee	432081
flurries	432029
miki	432002
meson	431998
parathyroid	431943
analgesia	431909
cherub	431887
lieder	431865
trumpeter	431864
theyre	431810
straws	431806
serrated	431802
puny	431761
nannies	431751
emphatically	431749
pawtucket	431734
reassured	431724
bimonthly	431722
senna	431701
perceiving	431681
wardrobes	431656
commendation	431651
surgically	431648
nongovernmental	431632
leben	431631
miso	431592
hydrostatic	431575
attrib	431545
cheaters	431509
contending	431499
patriarchal	431464
spelt	431427
barks	431387
clostridium	431364
nerdy	431324
dodging	431231
imperatives	431225
archetype	431193
antiseptic	431157
browned	431118
artic	431117
highlanders	430992
shamanism	430979
ligaments	430901
roussillon	430877
crea	430861
bowser	430821
fizz	430801
upheaval	430787
rationalize	430764
cringe	430734
karoo	430707
unearth	430700
biopsies	430699
inconclusive	430678
hookups	430662
crimea	430659
thermostats	430630
sugarcane	430624
mouthful	430539
gazelle	430517
subclause	430494
gauche	430455
minion	430438
harpers	430381
speakeasy	430381
complicity	430353
unstrung	430285
drivel	430281
tendons	430221
foci	430193
toppings	430191
cantilever	430166
thrives	430165
initializes	430067
penchant	430059
drab	430049
keck	430033
roared	430026
prospector	430022
unwise	430010
macromolecular	429975
financier	429937
allegory	429906
harbours	429896
konstantin	429885
acropolis	429879
kimura	429864
stifle	429863
lymphoid	429799
tiberius	429726
paradoxical	429715
forklifts	429707
refuges	429640
stateless	429613
rousing	429577
cerebellum	429572
statehood	429494
knelt	429464
radiating	429442
devour	429402
insanely	429321
treachery	429292
petting	429286
inoculated	429207
aidable	429087
princesses	429057
taxidermy	428999
portraiture	428962
incapacitated	428940
juergen	428929
pashmina	428900
attested	428851
ope	428831
anthropologists	428796
glues	428787
undercut	428775
roaster	428706
overcrowded	428702
warring	428681
hypertrophy	428615
arouse	428589
wobble	428530
ticked	428480
boilermakers	428459
counterstrike	428448
hinterland	428417
sufi	428412
housewarming	428361
regenerative	428342
purged	428302
liquidators	428295
repulsive	428282
bleachers	428198
deodorants	428159
bacteriophage	428145
sikkim	428095
seclusion	428090
transect	428068
elucidate	428002
fated	427996
soloists	427992
frighten	427981
amputation	427963
sinusoidal	427961
crossovers	427804
parsers	427785
hauler	427704
cataloguing	427666
halts	427571
headroom	427566
fortnightly	427540
yerba	427538
subtlety	427517
creditable	427516
protruding	427466
appreciable	427364
stabilisation	427315
delicacy	427313
sayers	427310
cinch	427247
futility	427201
intangibles	427157
dumplings	427142
flak	426989
cubed	426932
yuck	426912
upholds	426887
enlistment	426844
inroads	426805
blissful	426802
erythrocytes	426754
dinky	426751
boasted	426750
zealanders	426711
stirs	426699
donkeys	426693
platonic	426693
injunctive	426668
honed	426659
coincidentally	426655
pil	426520
publica	426426
pollination	426409
etna	426398
synchro	426350
chutney	426268
averse	426255
naturopathic	426247
afield	426227
dermatologist	426221
casein	426157
endearing	426102
mishap	426099
chewable	426084
lackey	426050
quod	426040
labors	426032
whooping	425983
normals	425977
sonnets	425962
scrum	425870
everyman	425848
masai	425810
musing	425810
lopes	425806
barricade	425797
inquest	425781
snipe	425778
eastland	425774
metropole	425749
hapless	425702
sagebrush	425681
warheads	425630
radiologist	425622
ably	425590
montagne	425567
mirza	425445
hitches	425347
britten	425318
palettes	425314
beaux	425302
gunman	425254
traversed	425238
sparsely	425225
shrinks	425178
fib	425079
mitra	425077
guilders	425070
indexer	425063
ail	425046
innkeeper	425032
localised	425015
downgraded	424982
mistrust	424923
overcomes	424891
lordship	424861
jeez	424832
athabasca	424789
redd	424785
unbuffered	424765
phoning	424757
egregious	424554
cubans	424531
breakpoints	424474
sperma	424436
legato	424383
agarose	424352
badass	424262
cfi	424228
transacted	424209
chaplains	424111
conventionally	424087
perceptive	424025
lard	423971
darwinism	423905
lecithin	423789
destitute	423772
disbanded	423679
singly	423662
recertification	423660
phosphorylated	423615
fusing	423603
abuser	423584
sevens	423530
headless	423522
anatomic	423512
petrified	423471
gatsby	423467
litho	423435
emigrants	423401
rattling	423381
thane	423334
hypo	423308
salve	423303
hadron	423289
hindustan	423278
marseilles	423276
grates	423264
fissure	423147
curtail	423138
legalize	423133
epinephrine	423087
transom	423077
talker	423068
divorces	423017
mils	423015
picayune	423002
vitesse	422984
winks	422977
loopholes	422906
novelists	422849
bestow	422835
autologous	422799
wiretaps	422773
homespun	422767
enraged	422721
hulls	422721
blotter	422687
complimented	422582
sitters	422564
intonation	422533
proclaims	422527
dissecting	422484
programing	422456
humpback	422428
reprocessing	422364
bartending	422300
clamped	422242
retracted	422209
fantastico	422190
friar	422181
hospitable	422161
melodrama	422158
preclinical	422121
creased	422078
wheelers	422036
preparer	422034
deductive	422025
postures	422020
trapper	421993
makeshift	421977
pygmy	421975
tattered	421959
tachometer	421796
embarrass	421784
bks	421770
nonproliferation	421762
slanted	421739
plagues	421732
orchestration	421678
jota	421646
adipose	421623
harvests	421620
usu	421601
potting	421578
uncomplicated	421558
progs	421499
surged	421458
blume	421456
sife	421405
wenzel	421378
debi	421366
natured	421322
tana	421320
clemency	421305
woolly	421282
puccini	421228
ligation	421199
blemish	421165
inductance	421147
reallocation	421007
bushels	420992
tapers	420957
teleport	420895
skylights	420873
geniuses	420865
rehabilitative	420857
swab	420847
latimer	420816
rind	420816
boombox	420809
prorated	420792
whiskers	420787
pansy	420775
reassignment	420771
hydrodynamic	420769
confirmations	420721
postulated	420685
huntsman	420680
unlabeled	420679
perpetually	420675
tosca	420659
soundings	420617
evicted	420612
differentiates	420594
rara	420592
velo	420489
divisible	420478
multiprocessor	420434
tabla	420412
celluloid	420387
identically	420385
accumulations	420381
lightness	420371
saddlery	420321
avoir	420314
whiteside	420296
admirers	420179
dingo	420174
marcello	420173
sessional	420163
pagination	420141
harbinger	420114
mustache	420023
burl	419979
truncate	419944
polygraph	419911
digress	419880
overseen	419869
revolutionize	419767
dwindling	419751
beaker	419744
fetuses	419730
shr	419703
arcades	419680
baggy	419677
jeweled	419665
childbearing	419654
crayfish	419647
minotaur	419645
rejoicing	419630
heist	419629
repaint	419619
ariadne	419608
contr	419584
zool	419557
dickie	419540
quiver	419536
illuminati	419531
piezoelectric	419487
cutouts	419474
frequented	419434
coronet	419407
discredited	419394
taverns	419377
prodigal	419302
aden	419251
wield	419233
resolute	419183
adage	419158
getter	419132
mimics	419090
watermarking	419083
aftercare	419072
coombs	419048
sefton	418992
wetter	418975
bonaventure	418960
jeg	418958
diastolic	418890
defaulted	418889
cesarean	418871
dialling	418855
rescinded	418838
conjure	418831
rote	418762
discoloration	418760
recitals	418692
morel	418685
adrift	418628
kashmiri	418593
confiscation	418587
collages	418511
enabler	418510
stings	418444
budge	418361
ilk	418335
ose	418334
herbals	418314
moderates	418307
chairmanship	418262
piotr	418262
comunidad	418207
silks	418180
malformed	418137
sequins	418136
mks	418134
seatbelt	418133
dumbbell	418099
chasers	418093
stine	418009
fringed	417959
supplementing	417891
citric	417854
liaise	417854
goblins	417803
delineate	417790
nitride	417752
organist	417740
achievers	417699
unbonded	417643
kneel	417602
rehearing	417581
illuminations	417558
chuckled	417499
nake	417451
armenians	417416
excels	417366
cig	417355
depositary	417344
caveman	417307
furthest	417231
virulent	417228
masts	417163
garret	417139
pathologic	417073
commendable	417037
inadequacy	416963
barbaric	416962
otitis	416956
deliciously	416880
leningrad	416874
ruse	416853
persephone	416850
eatery	416832
peony	416831
glycerin	416795
tailings	416765
shirtless	416756
lifelike	416746
crumpler	416677
culled	416654
nucleon	416638
muss	416545
presbytery	416524
tumblers	416512
hideout	416479
calcite	416460
gunshot	416430
supposing	416383
sculptors	416372
spud	416363
mang	416306
calicut	416288
lense	416227
inde	416107
unverified	416100
untapped	416075
vario	416058
batty	416010
castilla	416002
zealous	415992
fingernails	415952
ocarina	415945
camus	415924
croc	415866
rattlesnake	415865
iridescent	415839
cgs	415761
moduli	415753
payoffs	415713
tpi	415691
robberies	415681
defrost	415601
consecutively	415545
elms	415540
bongs	415527
excelled	415527
pretzels	415492
twine	415457
underdeveloped	415457
mktg	415455
feta	415401
meteors	415401
peres	415387
assemblyman	415364
enforcer	415360
suk	415330
judicious	415295
unaltered	415293
customarily	415271
collation	415258
geist	415207
sarees	415135
diction	415105
unoccupied	415101
bloopers	415089
tigris	415064
piscataway	415060
pedestals	415058
maximising	415054
tribulations	415024
hoists	415021
amitriptyline	414977
scrubber	414937
reentry	414911
sabina	414854
logarithm	414750
granola	414723
inefficiencies	414687
monocular	414676
tandy	414623
ferrite	414604
buckwheat	414588
enshrined	414585
surpasses	414554
yearling	414544
ayatollah	414492
agape	414471
undifferentiated	414440
wrenching	414428
damnation	414406
reaffirm	414370
rapidity	414330
tempus	414282
oooo	414257
dian	414239
doxycycline	414238
deleterious	414151
cluttered	414106
sportsmanship	414084
relievers	414069
intersecting	414050
hwa	414049
lampoon	413978
garibaldi	413893
airtight	413884
firming	413846
annular	413826
hallmarks	413794
sparking	413775
ikon	413729
alluvial	413727
xxv	413700
incisive	413670
concealing	413642
clutching	413593
drifts	413492
tenement	413464
discernment	413368
chalice	413313
hypocrite	413270
obsolescence	413269
linguists	413263
recode	413242
onus	413208
harrowing	413185
prefect	413178
reservists	413143
sweetly	413131
cleave	413105
flimsy	413104
obsoleted	413071
rearrangement	413024
disulfide	413021
bypassed	412949
neutralizing	412932
occupiers	412920
delilah	412913
kingpin	412903
relaying	412863
bedded	412781
shivering	412772
overlord	412735
daffodil	412731
formality	412669
mangroves	412540
lymphocytic	412529
kala	412515
suffices	412507
whosoever	412500
comte	412474
tigre	412461
cham	412458
undetectable	412444
graced	412408
vermeil	412380
ultimo	412378
silage	412339
ejaculate	412335
statuary	412335
smithers	412332
goudy	412320
bilge	412304
moraine	412277
prolactin	412212
bejeweled	412200
moravian	412190
sunbelt	412184
intermittently	412163
chewy	412145
armaments	412119
decimation	412118
grins	412096
chewed	412087
hypotension	412086
stateful	412083
busby	412048
accomplishes	412028
patterning	411959
inapplicable	411925
cheep	411919
preexisting	411775
superconductivity	411595
pasha	411571
amygdala	411549
corrie	411537
scour	411478
motionless	411464
dueling	411450
notaries	411401
challengers	411380
galant	411364
fallow	411349
reshape	411334
aileen	411297
indictments	411297
photoset	411280
electrolytic	411253
leapt	411241
gainers	411176
widower	411097
quagmire	411095
physiologic	411078
optimality	411070
riyal	411050
taffy	411033
purging	411014
cleansed	410994
cerebellar	410930
fainting	410907
theorist	410898
scaring	410897
choy	410870
serviceable	410861
heartwarming	410845
obstructed	410812
strider	410767
indigestion	410723
eastlake	410713
hyp	410705
jackal	410696
cannonball	410691
snowflakes	410678
massacres	410599
entailed	410587
curative	410566
bier	410564
traitors	410546
igneous	410539
cambio	410528
lull	410517
patently	410476
rinsed	410475
delectable	410460
proletariat	410402
lise	410396
analytically	410394
aramaic	410337
bogged	410320
incremented	410309
valorem	410292
publicist	410255
fanciful	410170
bey	410167
tempera	410153
intermediation	410103
lacing	410077
aggregating	410067
mystics	410033
soundboard	410018
teapots	410009
neb	409963
fresher	409870
boho	409831
consummate	409827
titration	409824
boney	409772
brows	409717
oxidoreductase	409688
lino	409687
lcm	409677
skimmer	409676
technic	409670
gats	409615
extrinsic	409584
sketchy	409557
veda	409543
gooseneck	409524
tiffin	409476
pacer	409457
domesticated	409419
gung	409403
outboards	409370
dismayed	409366
steered	409302
bitty	409188
remitted	409152
shew	409117
prosser	409112
miraculously	409101
lapses	409096
monotonic	409075
stethoscope	409075
freemasonry	409062
dwells	409046
penitentiary	409001
kahuna	408943
shrewd	408929
washroom	408917
jacoby	408909
neurotransmitter	408894
intercity	408887
micros	408868
flack	408860
tonite	408785
teething	408720
impatience	408692
mechanistic	408644
flawlessly	408634
lidar	408629
whatnot	408619
tripartite	408601
crass	408565
jot	408537
cartographic	408533
rwd	408532
preconditions	408521
gardenia	408470
biotic	408405
linwood	408405
benevolence	408382
lancelot	408350
eugenia	408321
suspiciously	408321
taro	408233
reprimand	408202
crowder	408163
mangled	408156
staunch	408111
socialize	408106
deepwater	408071
shaven	408061
viscose	408041
manhunt	407992
pavers	407976
fez	407957
elks	407945
occupier	407919
euchre	407876
molestation	407874
quarts	407855
mitosis	407838
paychecks	407828
yells	407816
suitcases	407798
postel	407782
tutu	407764
paisa	407754
vocab	407673
lacs	407645
blindfolded	407634
clocking	407601
hemorrhagic	407574
premiers	407524
wraith	407494
fone	407479
crores	407471
classifiers	407470
nimble	407439
hyacinth	407411
biggie	407386
neutralization	407365
durst	407334
naturalists	407297
derelict	407289
kph	407273
pdl	407271
preprocessing	407243
skylark	407115
shrouded	407091
clarissa	407083
brazen	407026
inundated	407004
joie	406960
brahma	406950
prion	406900
pennywise	406887
anni	406857
diphosphate	406834
veracity	406814
pipers	406808
tsunamis	406791
transl	406725
pinocchio	406700
energizing	406694
butane	406680
angers	406673
gustavus	406629
bluebonnet	406620
inked	406603
raps	406520
unwittingly	406505
maturities	406499
jigsaws	406478
distorting	406468
kamikaze	406456
counsels	406454
battlefields	406452
juggernaut	406392
antecedent	406355
latrobe	406338
gramercy	406281
matty	406216
dorothea	406186
bioavailability	406182
tdr	406150
licht	406129
lilith	406120
foreplay	406107
privatized	406068
uncovers	406060
gargoyle	406058
stockists	406008
legislate	405948
voluptuous	405932
complacent	405910
bodega	405885
hardworking	405853
dockets	405828
stomping	405794
carle	405785
germania	405780
grandmothers	405774
fiddling	405701
panamanian	405690
objet	405664
unaccompanied	405643
superclass	405637
buyback	405611
schooled	405610
gigolo	405599
kingwood	405531
arn	405529
maximization	405472
foresters	405450
absenteeism	405412
hag	405406
guerre	405402
quantifiable	405399
dorn	405382
pion	405380
sliver	405379
bummer	405356
isometric	405355
retraction	405352
dunning	405329
grinch	405323
loveless	405321
shouldnt	405274
sharpened	405271
nostrils	405214
cambrian	405207
unb	405107
hydrocortisone	405036
cerebrospinal	405028
impure	405021
gridiron	405006
innermost	404988
rumba	404980
yesteryear	404929
orthotics	404927
wry	404923
pilate	404898
pinning	404893
jalapeno	404834
propellant	404831
raisers	404824
confocal	404763
caddo	404757
jochen	404757
alms	404660
koko	404657
stung	404657
phantoms	404633
retort	404546
bartenders	404529
congregate	404524
meditative	404522
refilling	404511
rangefinder	404433
smirking	404398
chestnuts	404365
sportfishing	404344
exacerbate	404292
expositions	404287
begotten	404277
anemone	404268
equivalently	404266
milla	404162
incase	404142
sparkles	404075
collared	404023
stringed	403966
barnabas	403919
weeding	403855
regula	403854
evasive	403806
syrups	403791
smirk	403780
chiles	403764
ancora	403747
estimations	403732
pausing	403730
guesswork	403656
grands	403644
replete	403555
irritant	403547
inconceivable	403498
combinatorics	403490
disconnects	403468
monolith	403440
crutches	403339
intrusions	403337
glories	403317
apportioned	403316
prelims	403312
kanawha	403295
pawnee	403293
accumulates	403271
failings	403261
mandala	403237
bristle	403221
terrors	403174
uriah	403108
oblige	403041
timepieces	402983
nonfarm	402968
anklet	402960
visite	402904
determinism	402864
panacea	402851
vibrate	402841
penetrates	402825
normality	402738
cathedrals	402727
toads	402717
deflect	402699
taoism	402684
liber	402617
perceives	402609
chakras	402603
samara	402594
unsung	402578
gargoyles	402489
massaging	402437
lossy	402399
mitogen	402388
gulliver	402368
bul	402345
nubian	402318
aerodrome	402311
intensification	402244
stumped	402232
raya	402218
cramp	402123
vincenzo	402064
sodom	402032
imitations	402031
bandon	402006
odell	402005
mistletoe	401992
naam	401957
perforation	401929
tryout	401892
proxima	401866
hallowed	401811
parameterized	401762
manageability	401727
pandas	401671
taa	401659
appease	401600
tino	401582
furlong	401576
homogenous	401566
distributional	401541
policyholder	401541
tidewater	401526
follicular	401492
gonorrhea	401459
listeria	401440
lawmaker	401419
datatypes	401416
heralded	401377
flavorful	401367
clearest	401322
supersede	401317
shovels	401241
refunding	401225
subcontracts	401208
moissanite	401200
mediates	401189
phrasing	401184
polyacrylamide	401169
standish	401155
conus	401144
quarries	401116
sensibly	401113
biathlon	401079
mico	401046
mouthed	401042
moxie	401036
biff	401013
gills	400858
suu	400833
backspace	400812
braids	400804
aways	400767
fugue	400733
dissonance	400721
milder	400716
medicated	400696
inexplicable	400673
counterfeiting	400656
initio	400656
hypothermia	400595
expeditious	400585
carman	400547
timberline	400534
intently	400478
chrysalis	400464
rebooting	400439
storytellers	400434
speer	400248
lathes	400177
refillable	400151
yearbooks	400132
hoary	400092
engin	400063
tricycle	400029
corse	400005
amphetamines	400004
trillium	399975
transients	399917
concedes	399863
swot	399844
andante	399804
crocodiles	399778
bitching	399763
overtly	399755
ronde	399731
deceiving	399649
oedipus	399640
beamed	399614
bannister	399566
omer	399555
humanoid	399522
scraped	399518
chagrin	399509
infringements	399503
tiredness	399387
panning	399369
wasabi	399345
sak	399335
vill	399335
kilobytes	399329
breather	399318
adjudicated	399249
methylene	399195
wholeness	399192
gynecol	399133
tickled	399084
hindrance	399070
discreetly	399029
hummingbirds	399021
kath	398995
sparing	398984
emeralds	398978
heifers	398978
wanders	398925
disillusioned	398923
preoccupation	398883
gynaecology	398882
vertebrata	398879
ottomans	398862
actu	398822
lockable	398796
evaporator	398764
antihistamines	398760
airliner	398739
unwrapped	398638
arrhythmias	398596
sateen	398569
birr	398515
autosomal	398512
restful	398476
purim	398461
rhododendron	398458
aristocratic	398360
scouring	398354
profitably	398336
pinched	398260
underlay	398247
granule	398200
purport	398178
plunging	398160
shambles	398149
marten	398018
admittance	398012
ageless	397982
bleep	397961
sills	397916
stinking	397912
howler	397864
hardtop	397862
carded	397849
reformatted	397719
internment	397714
porridge	397707
dominick	397701
symbolize	397672
standstill	397652
swaying	397626
igloo	397625
ambler	397622
voyeurism	397621
unattractive	397616
referential	397595
hydrating	397591
repressor	397553
diffused	397530
firmer	397460
newlines	397430
reproduces	397418
arcana	397391
backhoe	397275
leftists	397206
quinnipiac	397199
promulgation	397164
mannequin	397146
malloy	397121
enviroment	397109
mako	397061
unshaven	397038
rakes	396996
trashed	396985
betsey	396959
rath	396947
lobbies	396944
incognito	396903
cupcakes	396889
silliness	396878
burgh	396862
giggling	396860
coldest	396845
proviso	396805
oldenburg	396795
bazooka	396794
gerbera	396793
quando	396789
barnyard	396742
dikes	396736
camellia	396690
pronouncements	396680
rescind	396627
artifice	396625
donal	396625
asps	396585
hepatocellular	396511
styrofoam	396502
malfunctions	396497
dato	396495
glides	396434
excavator	396338
allot	396325
progenitor	396249
abomination	396240
cwm	396152
bibb	396151
gymnast	396135
inexpensively	396133
hazen	396073
mote	396065
forceps	396058
ccw	396009
argumentation	396002
passively	395999
mainframes	395994
hurled	395950
adjoint	395908
vesta	395855
jacky	395853
wold	395807
monocytes	395804
requestor	395793
habe	395773
splint	395756
straightened	395742
llamas	395708
multifaceted	395679
deranged	395644
contesting	395583
boas	395573
darwinian	395485
touchy	395417
yeo	395405
rafters	395400
rebooted	395294
unintelligible	395293
whitworth	395237
decoys	395208
pariah	395153
offerors	395141
meaty	395095
gages	395070
supt	395064
infantile	395052
pinstripe	394935
unspeakable	394872
hemodialysis	394856
tov	394832
egret	394773
demolish	394753
jordans	394715
guildhall	394712
piney	394672
unbundled	394666
functioned	394616
comforted	394615
disgraceful	394602
worshippers	394587
abundances	394442
servitude	394391
fractionation	394376
aqueduct	394365
framers	394344
retouching	394328
streamers	394287
humbled	394224
displacements	394209
jerez	394206
marcella	394183
radiate	394175
fellas	394142
unicorns	394114
playroom	394111
dandruff	394109
stipulate	394078
leaved	394060
proximate	394049
unionists	394038
bloodlines	394019
secretions	393935
attains	393916
gallus	393911
idem	393908
efs	393842
auk	393838
oocytes	393790
armadillo	393754
hark	393694
filers	393581
perturbed	393552
retrievers	393508
pacifier	393498
cemented	393493
dissolves	393468
crowning	393467
vivek	393464
unprofessional	393385
bettina	393384
hydrographic	393376
smuggled	393350
scones	393322
punctuated	393296
paediatrics	393295
blunder	393255
appalachia	393221
marist	393218
relativism	393119
schweizer	393062
stravinsky	393055
belted	393046
ananda	393030
jud	392966
tripwire	392944
aves	392914
rediscovered	392879
headstone	392843
depleting	392803
junkyard	392771
baal	392763
multitasking	392730
felon	392714
spearheaded	392639
nacho	392622
thud	392615
underlining	392604
hagar	392593
catalogued	392569
antlers	392543
doubting	392467
differentially	392466
powwows	392444
inductor	392422
encephalopathy	392413
grote	392411
custodians	392394
overstated	392308
dunkirk	392306
insulators	392299
libretto	392279
weds	392268
debatable	392264
reaping	392252
aborigines	392246
dumbest	392202
prowler	392195
loadings	392177
epos	392172
sizzle	392168
desalination	392149
copolymer	392146
lawnmower	392081
nontraditional	392046
piet	392040
estranged	391991
dredged	391967
marcasite	391957
scoliosis	391928
artie	391790
decisively	391772
fifths	391727
carport	391648
dubbing	391643
crustaceans	391562
wayback	391534
ural	391471
swims	391399
perk	391391
undeniably	391387
zander	391377
spasm	391339
samir	391305
notables	391232
eminently	391230
snorting	391187
developement	391153
mercilessly	391138
urbanized	391130
jiri	391074
loyalist	390983
daybed	390916
rimes	390910
firs	390859
evaporative	390812
preshrunk	390796
naga	390765
finalizing	390728
cobbler	390680
invigorating	390595
heinous	390588
dusky	390563
kultur	390557
manhole	390540
eroding	390478
typewriters	390453
tabasco	390421
rhodesia	390371
purebred	390353
masochism	390315
bergamot	390303
infallible	390285
shutout	390281
loaves	390262
prosthetics	390244
proms	390236
underlines	390199
heeled	390189
quibble	390149
meandering	390143
bakelite	390095
intermountain	390083
incessant	390016
klondike	389955
blick	389918
reeder	389916
neoplastic	389904
applesauce	389891
fibreglass	389884
cheery	389870
gluon	389852
curbing	389839
harshly	389827
betterment	389822
feisty	389800
rump	389760
clogging	389759
sweethearts	389687
nonverbal	389676
etoile	389657
ladybird	389614
slush	389608
byproduct	389603
specializations	389591
mutton	389582
swa	389580
congruent	389497
blinked	389492
selva	389472
aphis	389447
rfs	389440
tarantula	389438
snuggle	389398
zigzag	389370
shang	389327
batten	389308
lough	389229
trios	389195
unallocated	389171
dragoon	389124
modi	389093
sympathies	389061
benefactor	389057
leggings	389057
merrily	389000
vouch	388963
navi	388942
cort	388928
pompey	388915
blackness	388903
engravers	388897
transitory	388892
wether	388837
handicaps	388833
gales	388808
hypocrites	388764
khu	388758
larynx	388698
griffon	388656
biologics	388642
instantiate	388592
paperweight	388591
dilation	388587
izzy	388567
droughts	388561
bedspread	388555
knudsen	388533
kiowa	388521
overtones	388514
ancona	388506
pragmatism	388451
rct	388446
springing	388407
wiretapping	388366
nocturne	388346
fabricate	388317
perdue	388304
pendragon	388202
altruism	388194
ceasing	388177
meeker	388120
bootlegs	388115
jimbo	388096
dutchman	388081
capricious	388076
angelique	388015
harmonize	387994
vela	387971
crescendo	387964
eyelash	387907
gob	387903
antifreeze	387890
beamer	387886
clicker	387832
immobilized	387814
dalmatian	387787
gipsy	387772
hemodynamic	387772
reshaping	387748
frederik	387745
contessa	387737
stagecoach	387675
ruddy	387590
academe	387561
fjord	387543
amalgamated	387524
obeying	387442
gunners	387440
knockoff	387404
pent	387392
gosling	387391
mendel	387357
mishaps	387195
subsidence	387188
plastering	387180
promiscuous	387129
fouling	387085
macfarlane	387072
basso	387021
trailhead	387011
dusted	386992
sago	386986
inlets	386963
preprints	386932
fords	386914
grs	386875
duction	386853
anesthetics	386829
parentage	386751
mutter	386744
litters	386718
brothel	386713
rive	386682
magnifiers	386618
shelled	386610
outlandish	386588
chitty	386567
goldwater	386559
sneezing	386537
victimized	386515
tabu	386510
inactivated	386508
ataxia	386506
respirators	386506
storylines	386461
sancho	386460
camaraderie	386454
internetworking	386440
variegated	386434
gawk	386426
planing	386394
abysmal	386384
termini	386363
scho	386344
bourse	386311
fabrications	386261
tenacity	386231
denture	386154
moslem	386106
fourths	386090
ppr	386061
revolutionized	386061
permanence	386058
protagonists	386016
boliviano	385946
wagoner	385819
storyboard	385814
coincident	385800
rajiv	385771
axons	385758
immunotherapy	385747
inez	385727
minding	385680
quercus	385653
amara	385614
microcosm	385583
raia	385582
enviable	385556
accessions	385546
christos	385546
categorically	385541
carpeted	385457
catnip	385342
zeke	385338
sorel	385306
boned	385216
eloquently	385189
seta	385171
tonka	385134
overtaken	385016
hock	385004
subheading	384954
pillowcases	384849
renews	384730
junky	384718
extinguish	384710
ballasts	384703
lowing	384615
bullied	384567
accruing	384560
dirge	384505
interleaved	384492
actuated	384465
bluish	384449
pusher	384445
tingle	384422
gnostic	384408
heft	384376
ambivalent	384370
captivated	384333
parlors	384271
typist	384224
lamented	384216
moisturizers	384165
bruise	384157
cesare	384154
perfumed	384149
lamination	384128
bibi	384122
carpe	384101
scottie	384093
pons	384083
fistful	384077
staffer	384057
dames	384012
cornucopia	383925
countering	383884
catan	383854
unfettered	383851
imogen	383833
lewd	383789
appraise	383774
runny	383747
thither	383717
rebuke	383708
collated	383705
occasioned	383689
swayed	383673
dupe	383659
bogs	383605
stressors	383576
affording	383565
collocation	383543
assuredly	383525
vesicle	383498
allusions	383484
stuffers	383472
shadowed	383416
lubricated	383404
vigilante	383290
gauging	383288
lipase	383285
constabulary	383258
seamen	383243
cricketer	383214
intelligible	383188
defibrillator	383163
drooling	383106
overlaid	383056
censors	383020
adversarial	383017
shakespearean	382939
ptp	382937
demonstrator	382929
voyeurs	382922
edict	382916
octavia	382912
hondo	382903
hysteresis	382901
boyhood	382892
sustenance	382867
campion	382794
mobilisation	382788
shrew	382770
foals	382728
sculpt	382720
freya	382676
disrespectful	382662
confounding	382639
dispensation	382600
bagpipes	382583
arian	382565
devaluation	382562
mineralization	382537
depreciated	382523
trafficked	382516
diagonally	382494
cased	382486
stedman	382473
gurl	382446
laterally	382436
prays	382397
wizardry	382375
nonce	382363
fervent	382358
headrest	382353
elevating	382282
chaperone	382279
augustin	382249
eurythmics	382236
reclassified	382218
delusional	382204
tosh	382191
loup	382190
tinkering	382174
unneeded	382173
likened	382135
leukocytes	382072
hydride	381971
pele	381922
sketched	381858
plage	381780
firmness	381778
kilns	381759
bpi	381753
injustices	381742
assemblers	381698
unequivocally	381679
karst	381676
selfless	381653
gynecologists	381639
willi	381626
dongs	381527
perspiration	381526
schoolers	381523
kidnappers	381516
lemmon	381511
liquidator	381444
mirth	381439
stowaway	381375
brainer	381364
pauper	381351
channeled	381331
tastings	381326
factorial	381241
librarianship	381202
brooms	381179
vocabularies	381060
blasters	380998
livable	380971
ushered	380920
remedied	380901
nant	380886
vocations	380879
ramblers	380783
counterproductive	380766
catskill	380758
scorched	380741
environmentalism	380739
ufs	380715
kilts	380643
instep	380632
septum	380582
animators	380569
neoclassical	380521
mediaeval	380486
piezo	380481
escudo	380479
botanica	380453
petter	380433
adenine	380426
fren	380404
lysis	380378
pastas	380338
kiley	380275
yoruba	380231
malformations	380211
alexia	380180
checkup	380177
mignon	380125
houseboat	380109
lifesaving	380063
clementine	380033
smokeless	380006
rani	380001
stanhope	379970
ionized	379919
subst	379905
thorax	379763
placental	379752
warship	379728
parses	379727
saic	379712
corinthian	379578
metamorphic	379578
rattles	379574
moet	379534
garten	379476
singularities	379476
trophic	379471
dislocated	379458
reversi	379452
marvels	379445
insemination	379444
booby	379438
conceivably	379417
quetzal	379413
shoshone	379412
linder	379379
homing	379320
persians	379203
podiatrists	379203
conch	379190
injunctions	379170
cytotoxicity	379139
crunching	379128
weevil	379116
integrations	379112
morgue	379053
unpatched	379045
kickers	379041
exuberant	379017
electrification	378814
peninsular	378796
juggle	378788
composure	378770
yeshiva	378762
sociologist	378759
contradicted	378733
finitely	378715
spect	378697
birthright	378668
corny	378659
brazilians	378637
histocompatibility	378619
errant	378618
proofread	378599
woolwich	378591
rearranged	378584
heifer	378574
earthen	378562
sulfuric	378524
uplands	378500
renderings	378442
trt	378422
lect	378399
bulleted	378369
acupressure	378331
hiawatha	378320
portcullis	378251
operon	378228
noose	378201
ugandan	378199
suspends	378174
stratigraphy	378147
recur	378119
howes	378115
surfed	378094
steins	378073
babu	378056
desirous	378052
agarwal	378023
exemplar	378018
shivers	378012
surefire	377997
smitten	377979
waterworks	377968
headlamps	377875
anaesthetic	377846
isomerase	377841
dunstable	377785
accreditations	377752
rarest	377751
macadamia	377744
takin	377723
disqualify	377711
rashes	377607
averted	377577
psychol	377502
dissipated	377474
equated	377457
swig	377455
unionist	377449
clocked	377405
discernible	377403
masquerading	377403
complementing	377344
pennants	377316
camas	377315
looser	377268
bookie	377222
boggling	377217
ptolemy	377214
skewers	377212
lauded	377194
pais	377177
oto	377176
consonants	377175
demarcation	377119
zooms	377094
roadblocks	377078
miocene	377022
homophobic	376947
diamondback	376907
steeple	376906
rept	376882
lumberjack	376869
concussion	376833
nailing	376821
epidermis	376819
rhinoplasty	376718
peptic	376674
tannins	376642
deadliest	376609
sparingly	376605
penance	376603
psychotropic	376586
tilley	376574
malaya	376567
hypothalamus	376565
priestly	376520
curtailed	376498
manipulator	376425
coromandel	376414
timestamps	376394
rollo	376381
nim	376352
conspicuously	376337
risked	376315
bowled	376291
breaststroke	376288
modernized	376239
blemishes	376171
deductibles	376168
eagerness	376163
peacemaker	376143
pearly	376135
ilia	376119
halal	376059
noll	376025
kirsch	376007
roadhouse	375982
recklessly	375902
charted	375896
microtubule	375868
cubicles	375865
islets	375849
apothecary	375839
switchable	375791
altus	375736
phospholipase	375730
transformative	375722
anhydrous	375698
looted	375671
parkin	375624
unmoderated	375606
wagers	375520
canis	375486
ravioli	375470
walling	375420
marblehead	375402
jointed	375370
ribosome	375345
carnivals	375340
heyday	375267
topsoil	375243
isomers	375224
lemans	375196
voce	375192
telescoping	375190
pulsating	375165
beaming	375163
balancer	375146
underhill	375134
dinghies	375097
chooser	375095
argentinian	375092
apparels	375046
taint	375008
lounging	374942
athenian	374916
predisposition	374899
bugging	374786
outwardly	374780
tumultuous	374769
symbiotic	374761
dyslexic	374715
nomic	374700
overseer	374618
wishbone	374618
chine	374606
crier	374599
licenced	374574
collab	374568
squirter	374558
infecting	374546
penetrations	374540
protea	374531
polyvinyl	374506
ganglion	374491
bunt	374480
decompose	374468
unimaginable	374430
lipper	374407
chimpanzees	374406
briton	374390
glistening	374323
hamza	374290
moonshine	374270
meeks	374262
centimeter	374221
excreted	374145
scribble	374119
nappa	374107
anselm	374102
fete	374097
peculiarities	374057
nonprescription	374049
firework	374034
localize	374013
favourably	373973
beset	373969
romain	373953
vigorish	373927
involuntarily	373872
chested	373855
swede	373827
hydrothermal	373804
hoke	373790
discoverer	373781
coleoptera	373752
intensifying	373750
llb	373721
outfitted	373705
adoptee	373680
intersects	373651
grandmaster	373624
livers	373616
historiography	373496
downgrades	373451
scrapping	373440
militarism	373366
plowing	373366
glassy	373340
bullhead	373327
riddled	373315
mimosa	373297
wealthiest	373295
wildfires	373292
shrill	373280
halved	373264
swedes	373191
headland	373184
bergamo	373164
hobbyist	373116
agitator	373101
homozygous	373077
glyn	373062
torsten	373003
utensil	372981
puller	372971
glows	372911
heighten	372857
surpassing	372737
dinning	372735
pfd	372716
misfit	372695
ladle	372653
hardie	372645
redfield	372644
quotable	372598
asides	372586
pinks	372544
rusted	372521
teg	372470
zirconium	372415
naturalistic	372375
dogmatic	372363
guan	372344
tristram	372319
rectification	372304
pows	372280
ballon	372246
keeler	372239
surly	372213
stratospheric	372185
preeminent	372149
nonparametric	372102
fertilized	372070
mistral	372040
zeroes	372036
admirer	372023
divisor	372000
wanderlust	371989
cleat	371970
motioned	371969
decentralisation	371951
catastrophes	371926
thickened	371914
immediacy	371899
indra	371892
candor	371814
casco	371797
olivet	371788
felonies	371756
gasification	371751
vibrio	371747
leda	371724
casebook	371658
gruppo	371564
yaw	371549
sabin	371546
searing	371488
detonation	371470
wigwam	371467
approximating	371461
beheaded	371424
postmark	371406
pinewood	371401
tangential	371386
headhunter	371377
bereaved	371326
bustier	371260
apologizes	371258
drugged	371256
muskogee	371229
pala	371111
glebe	371095
seahorse	371067
motte	371048
volga	371044
softener	371029
breaching	371021
maelstrom	371002
rivalries	371000
gnomes	370965
affectionately	370906
seraphim	370887
necessitates	370877
uneducated	370877
munity	370871
alopecia	370821
keyboarding	370790
beachside	370756
blunders	370722
proportionately	370685
lineages	370680
dermatologists	370630
marbled	370621
bothersome	370567
draconian	370523
approver	370488
srinivasan	370414
articular	370386
werewolves	370331
autocorrelation	370299
mocked	370189
holler	370166
duns	370139
fain	370139
guanine	370118
hae	370110
brews	369926
cruelly	369913
hamel	369886
tapioca	369877
furrow	369863
semantically	369846
fewest	369766
parables	369744
valkyrie	369671
drowsy	369658
cashew	369590
unproven	369588
bushel	369571
myocardium	369570
cypher	369524
beholder	369503
cursive	369486
organises	369477
hydrated	369449
csk	369445
forties	369368
sedition	369327
photosynthetic	369272
examen	369253
lutherans	369253
pips	369243
ghastly	369241
tongued	369241
vaudeville	369193
succumb	369186
unapproved	369183
emm	369180
nematodes	369162
kell	369126
gremlins	369124
bolero	369109
togethers	369099
criticise	369019
immunized	369004
fica	368995
ricochet	368905
aberrant	368866
inquisitive	368815
wyandotte	368796
dumber	368781
ruptured	368775
insoles	368764
starlet	368763
earner	368734
doorways	368730
radiologists	368710
sirs	368668
overruled	368662
menagerie	368655
zoomed	368630
teamsters	368618
groupie	368615
thrombin	368595
laminar	368577
forked	368566
apprehensive	368484
cowards	368468
camber	368461
colliery	368412
incubators	368390
sweeties	368366
landfall	368350
cowl	368295
borderless	368255
captors	368233
fils	368166
laity	368163
birkenhead	368125
prefixed	368117
purposefully	368099
gutted	368098
arming	368059
grr	368018
amassed	368010
itinerant	367998
slat	367951
freeways	367916
multithreaded	367914
newlyweds	367910
hales	367827
reelection	367827
rutter	367809
vitreous	367771
countable	367690
dolomite	367682
felons	367661
salvaged	367649
lwp	367627
afterglow	367597
maes	367578
mandi	367548
dormitories	367530
millwork	367528
takedown	367511
colostrum	367502
dearth	367476
palatable	367458
lata	367440
unmasked	367437
tarmac	367402
conservator	367390
pipettes	367361
goon	367344
artefact	367334
expository	367330
complementarity	367323
instinctive	367291
baptised	367255
restlessness	367255
stalling	367198
aliso	367140
decors	367120
burlesque	367116
acis	367056
steuben	366989
regaining	366941
hausfrau	366934
goldfields	366932
rickey	366931
perversion	366899
swells	366890
beefy	366863
pica	366840
skits	366784
mussolini	366745
acquaint	366737
kootenay	366735
tog	366725
ethnology	366719
cyc	366709
havelock	366690
mahjongg	366667
lengthening	366638
taut	366635
tajik	366621
romulus	366596
charade	366594
bobbin	366558
mechanized	366486
reassigned	366421
doings	366404
bursa	366398
financiers	366375
foolishness	366357
lites	366325
centrifugation	366292
welds	366291
unequivocal	366289
coptic	366288
conglomerates	366274
dehumidifiers	366242
dumper	366236
noire	366191
arriba	366173
spiny	366114
dropkick	366087
silken	366083
elastomer	366082
wahoo	366081
anagram	366073
fogdog	366028
stringing	366014
bazar	365968
newsworthy	365954
defs	365953
sensitization	365945
hyperactive	365941
sidi	365930
thrusting	365925
antenatal	365916
pavilions	365916
pluggable	365889
hemophilia	365887
kola	365880
revitalizing	365879
clung	365864
seepage	365854
orale	365838
ory	365804
hie	365793
bcf	365790
nonviolence	365781
baume	365778
purports	365716
mondial	365685
brushless	365683
bist	365682
technicolor	365679
needlessly	365670
rehabilitated	365610
squatting	365592
cordially	365590
expendable	365556
ponca	365528
succumbed	365526
maxis	365513
poppers	365503
dods	365481
superstitions	365405
datebook	365379
rapists	365374
spangled	365367
seabed	365349
orly	365285
complicating	365271
texturing	365216
correspondences	365213
groomsmen	365191
rectory	365174
avo	365166
multum	365057
headboards	365026
palomino	365008
kol	365005
diptera	365004
pomeranian	365004
iliad	364994
graze	364990
looped	364956
cordis	364910
erythrocyte	364901
unobtrusive	364891
myelin	364887
fragility	364884
drucken	364866
invoiced	364724
hangul	364702
currant	364691
montauk	364675
modulators	364674
brownian	364597
archivists	364569
underlies	364546
intricacies	364506
herringbone	364465
afoot	364417
oddity	364391
moorcock	364372
cornered	364343
eyeliner	364323
totalled	364316
auspicious	364312
splashing	364304
woken	364304
aphids	364268
hotly	364264
cutthroat	364254
coincidental	364247
lepidoptera	364245
puffed	364221
disapproved	364194
buda	364186
interlaced	364172
vaseline	364144
strontium	364103
presumptive	364102
crustal	364082
hackman	364078
comprehensible	364035
albicans	364027
seduces	364020
tempore	363993
fallacies	363961
unambiguously	363908
cutbacks	363860
sawdust	363857
ariana	363803
metaphorical	363777
leaped	363773
alertness	363768
embers	363751
multimeter	363705
assemblages	363696
anubis	363691
peseta	363656
searchlight	363617
heil	363615
bidi	363611
moldings	363579
snob	363501
ballets	363479
spaceflight	363470
proportionality	363468
overruns	363463
stave	363443
vertu	363403
sordid	363401
mentorship	363389
snowing	363369
videotaped	363236
bleeds	363231
jukeboxes	363191
crud	363064
canaries	362904
semblance	362849
shins	362796
coms	362783
pneumococcal	362755
avenge	362682
alleviating	362681
punts	362615
sora	362608
yarrow	362597
fickle	362596
wakeup	362587
outnumbered	362584
datafile	362524
polices	362450
cursus	362445
dogging	362445
plasminogen	362437
lukewarm	362419
quai	362396
rotunda	362388
asymptotically	362311
duce	362308
observances	362290
crick	362258
enveloped	362244
faintly	362237
instabilities	362201
indiscriminate	362105
thalia	362087
alphonse	362084
reforestation	362024
paradoxically	361996
inductors	361964
cava	361830
wacker	361808
cres	361760
piu	361747
chairpersons	361708
materialized	361682
accolade	361681
memorized	361679
raison	361646
interpretative	361634
eyeballs	361605
roping	361600
barricades	361526
devoting	361521
oxymoron	361483
pentagram	361449
idolatry	361446
infusions	361424
decked	361415
choppy	361375
saya	361312
introspective	361264
bahamian	361257
gos	361251
aggravation	361249
sedge	361236
stipends	361224
caerphilly	361213
nou	361210
pinching	361204
riboflavin	361202
tine	361149
ubiquity	361141
vandal	361110
pretenders	361105
romper	361105
infidels	361097
dweller	361086
bitumen	361068
diabolic	361066
nolo	361066
demonstrable	361037
priestess	360963
rummy	360935
nimrod	360876
pinscher	360844
constructively	360831
irritate	360829
spliced	360814
finca	360811
repeatability	360766
gunning	360745
beards	360739
churchyard	360729
tadpole	360723
canter	360684
despicable	360684
reminiscences	360673
berserk	360627
wellman	360620
cardiologist	360596
leis	360584
hirst	360563
racy	360461
terran	360447
stoop	360440
intr	360386
remaster	360386
rendu	360383
curvy	360365
envisage	360359
basements	360342
crucially	360321
facile	360297
christiana	360287
carrara	360255
coerced	360223
decoupling	360202
billets	360198
environmentalist	360182
bein	360116
sneeze	360023
dignitaries	360017
mistreatment	360002
shona	359977
somber	359970
infective	359955
shards	359933
acadian	359880
overgrown	359873
phonetics	359870
statesmen	359866
advices	359771
coffers	359758
whimsy	359758
lolo	359728
carboxylic	359703
sikhs	359700
traceback	359680
awry	359631
jeeps	359631
celt	359610
lode	359547
spay	359534
internat	359431
elia	359408
bessemer	359387
rages	359354
iceman	359331
clumps	359320
pegged	359296
tithe	359291
liberator	359290
rediscover	359243
subordination	359226
wavefront	359216
fictions	359209
deposed	359186
zuni	359181
meningococcal	359164
ketone	359153
glazer	359152
geodesic	359144
trending	359144
disinterested	359124
forsake	359114
congruence	359112
conspirators	359104
unresponsive	359092
baboon	359080
swamped	359056
ensues	359038
omani	359028
tenuous	359011
cohomology	358979
epicenter	358978
seit	358951
toke	358951
elated	358902
phenomenological	358895
debriefing	358885
miniskirts	358881
buttered	358866
lentil	358846
albedo	358798
backer	358798
danner	358784
angora	358752
stuffy	358727
blo	358645
cocky	358614
pitchfork	358591
depress	358559
mohegan	358556
eccentricity	358507
beano	358497
interconnections	358476
toiletry	358473
transgression	358442
idealized	358433
clings	358431
flamboyant	358410
memoria	358403
exchangeable	358401
stretchy	358378
neurologist	358315
toma	358286
kitties	358285
clergyman	358278
sociales	358265
scape	358228
homicides	358226
francia	358214
pledging	358099
dependants	358088
hubris	358069
neuropsychological	358054
partisans	358043
puddings	358043
genitalia	358041
mausoleum	358031
idler	358013
waiving	358002
swirls	357995
dampers	357988
dawned	357979
eigenvectors	357943
generale	357941
extrapolated	357922
chaining	357872
carelessly	357864
defected	357838
seidel	357802
holocene	357761
narcissus	357749
superconductors	357712
polygram	357670
distillate	357657
unweighted	357609
skimming	357561
stomachs	357533
bayard	357497
escalator	357466
periwinkle	357456
namesake	357436
choreographed	357364
slaps	357339
farrow	357256
annulment	357234
gratuity	357216
reorganize	357186
spate	357156
foothold	357144
belladonna	357136
sobering	357055
carcinogenicity	357054
semis	357039
suppressors	357031
leachate	357027
dingle	357021
madge	356968
gleam	356949
hydroponic	356948
recalculate	356831
maltreatment	356813
relaxes	356768
supposition	356754
halos	356716
saco	356686
ife	356662
dioceses	356616
sprinkling	356593
besieged	356564
malaise	356541
draperies	356525
biceps	356518
hydrant	356496
hamstring	356480
tinderbox	356466
naw	356441
streetwise	356432
imprinting	356392
rococo	356319
nucleation	356297
brabant	356214
superlative	356196
deviance	356186
presser	356180
tetrahedron	356103
materialize	356093
fondness	355980
chamois	355905
merchandiser	355890
ler	355886
blacklisted	355881
multiplicative	355823
metis	355814
urethra	355798
dwt	355788
retroactively	355779
seared	355754
gcd	355743
tinged	355742
kilos	355739
professorship	355733
multivitamin	355728
diamant	355707
scran	355642
leeward	355612
mercator	355610
fruitless	355606
tamer	355602
lyricist	355597
macromolecules	355590
fungicides	355583
amines	355539
ticklish	355532
alienate	355480
beneficially	355472
tugrik	355469
monotype	355468
pigmented	355427
ridership	355397
athenaeum	355396
faking	355374
displeasure	355303
endoplasmic	355289
connoisseurs	355277
motorised	355261
mutilated	355209
usefully	355092
masa	355073
risotto	355064
follicles	355061
instituting	355034
uvic	354956
moyen	354954
threefold	354902
conflicted	354894
retirements	354872
innocently	354830
clef	354825
deepened	354825
creat	354814
dak	354800
brainwashed	354736
gridlock	354570
integrable	354559
regarder	354557
chalkboard	354556
unranked	354537
anaemia	354533
trice	354532
pretense	354517
jungles	354498
permian	354494
unaffiliated	354484
imitating	354481
starbuck	354433
infractions	354409
shreds	354376
backdrops	354327
turkmen	354324
globulin	354224
petitioned	354218
violator	354187
boxcar	354186
sagan	354147
aviso	354132
pounder	354131
kronor	354110
archway	354090
thad	354090
tocopherol	354084
pharmacokinetic	354053
intercepts	354048
tirelessly	354034
adsorbed	354020
penta	353973
phospholipid	353957
reiterates	353940
oversaw	353920
loudest	353909
qy	353879
ultimatum	353879
shuffled	353840
moy	353834
pushbutton	353817
catagories	353791
shelling	353784
visita	353752
pilar	353742
observant	353716
unhappiness	353696
cinder	353693
viaduct	353677
elastomers	353652
pelt	353623
ung	353622
laurels	353616
methodical	353588
wadi	353564
secularism	353558
engulfed	353511
bequests	353500
trekker	353476
monotonous	353442
glyphs	353430
pakistanis	353430
neuroblastoma	353404
thorp	353392
glandular	353360
pythagoras	353357
aligns	353338
rejuvenate	353336
operatic	353309
malevolent	353294
lessened	353285
stile	353280
reciting	353246
xenia	353193
nadir	353146
recoup	353144
franchised	353116
relocatable	353104
naught	353091
warhead	353055
backfill	353041
fascists	353035
kedar	353028
adjacency	353019
antagonism	352995
prisms	352979
debby	352940
coinage	352863
endgame	352824
unproductive	352751
banqueting	352734
totten	352724
curbside	352721
planer	352674
hermaphrodite	352669
gavel	352668
bassinets	352640
nefarious	352621
defray	352565
stoppage	352565
berkowitz	352506
inputting	352494
dimming	352388
endangering	352380
zealots	352378
weighty	352373
goof	352334
oeuvre	352291
subsided	352290
appro	352278
sahib	352239
notifier	352208
gasping	352190
valerian	352186
idiocy	352181
saad	352155
frenzied	352149
postulate	352124
enrollee	352078
authenticating	352068
wheatland	352067
revisor	352050
senor	352047
profs	352040
trespassing	352040
foams	351933
orbitals	351887
hammerhead	351886
pendent	351828
klezmer	351771
edifice	351673
facia	351671
vermin	351663
stalemate	351657
loosening	351517
classifies	351497
ischia	351470
ankh	351458
incurs	351436
feist	351412
dialectic	351406
rationalization	351327
viewport	351241
tantalizing	351201
rhinoceros	351147
adjutant	351108
malignancies	351070
spitz	351048
lobbied	351022
sickening	350993
nostradamus	350981
splat	350981
pondered	350972
gallium	350971
teil	350938
mannered	350933
sorbet	350904
snows	350890
steeper	350882
rangoon	350856
depriving	350850
stalwart	350794
sharia	350779
topiary	350778
cataloged	350765
verandah	350749
buttery	350719
deformity	350715
cronies	350709
extendable	350695
ager	350684
optometrist	350656
undervalued	350653
bogey	350651
kana	350640
pipette	350622
invalidity	350615
coveralls	350614
soundly	350612
teng	350601
isolator	350561
wicking	350553
dank	350541
zany	350516
umatilla	350508
pinkerton	350504
austral	350496
canvases	350447
applauds	350445
weakens	350417
interferometer	350401
barbican	350398
paulus	350392
ebcdic	350391
rebs	350387
criminally	350364
lariat	350338
psychopathology	350334
cartoonists	350311
appellees	350287
redraw	350239
mahesh	350207
pursuance	350193
beng	350190
scapegoat	350164
nanometer	350138
faceless	350131
oregonian	350083
aftershock	350075
gena	350063
spiro	349917
strategists	349874
hydrotherapy	349854
marionette	349851
anathema	349846
islay	349830
nitty	349781
quintile	349742
freightliner	349739
dehumidifier	349618
industrials	349616
bouncers	349614
mages	349589
trifle	349545
trigraphs	349466
forefathers	349435
workhorse	349383
iterated	349357
kyd	349354
pooping	349343
eradicated	349318
preferentially	349291
fraternities	349283
diuretic	349251
unexpired	349124
toga	349106
shaikh	349072
fram	349045
refractor	349023
bouldering	349018
dysphagia	348992
inadmissible	348986
redesigning	348974
milken	348956
zooplankton	348903
strasburg	348892
philatelic	348831
berths	348829
innocuous	348824
modularity	348824
heroines	348812
retake	348798
unpacked	348770
keto	348769
marengo	348742
gonzalo	348730
quiche	348728
resales	348717
clenched	348714
maduro	348690
evaporate	348563
transcriber	348540
midwinter	348537
notarized	348532
franchisor	348511
compagnie	348503
undoing	348466
vying	348440
communes	348433
cassava	348424
bedspreads	348393
pooch	348386
morphism	348359
gripper	348358
disappointments	348354
glace	348348
negated	348331
musicianship	348301
puns	348285
cady	348222
adios	348221
purview	348215
hilt	348212
bosque	348184
devoured	348168
overpass	348166
inwardly	348149
goaltender	348128
speedometer	348124
adeline	348085
smothered	347988
fatwa	347937
eulogy	347889
bottomed	347886
superscript	347827
proteinase	347810
siva	347770
lond	347768
pernicious	347740
haircuts	347724
crewneck	347722
fenster	347720
discriminant	347691
continua	347673
babbitt	347638
scrimmage	347623
multiplexers	347588
stade	347571
privates	347568
whims	347565
hew	347543
carnivore	347538
egalitarian	347528
pombe	347525
yamato	347507
jenson	347498
mortgagee	347495
skirmish	347468
roan	347407
nags	347402
caplan	347373
anyplace	347367
ventilating	347363
retreating	347361
mohave	347353
nonsensical	347349
gallows	347324
immun	347314
rheumatism	347304
devotee	347290
cowardice	347282
fabled	347260
trichy	347224
microform	347223
fangs	347216
animosity	347212
dosimetry	347207
smelter	347194
dynamism	347119
wily	347116
rabat	347104
wiles	347101
devs	347072
ensue	347067
manmade	347061
conto	347030
sagging	347009
chemin	346995
statics	346995
crumbled	346982
puja	346977
rucksack	346951
sybil	346919
phenylephrine	346905
cupcake	346823
pekin	346788
defied	346779
hopelessness	346758
errand	346755
yeoman	346735
psig	346711
polycystic	346694
krzysztof	346686
slimy	346686
raggedy	346658
coerce	346617
payloads	346582
overhang	346555
annexe	346514
customizations	346494
stunningly	346432
sobbing	346430
muslin	346419
hugger	346409
prequel	346398
deliberative	346371
tattooing	346319
shekels	346318
estoppel	346283
emigrant	346277
dodo	346253
torr	346252
cytomegalovirus	346244
domus	346237
supercool	346186
contaminate	346165
bassinet	346064
taillights	346062
visionaries	345994
salesmen	345988
thorny	345963
hibernation	345946
ponders	345945
innkeepers	345888
epistles	345858
aromatics	345842
interplanetary	345830
discontinuing	345783
trampled	345753
sealers	345751
hullabaloo	345680
interbank	345680
erratum	345669
anthracite	345614
coastlines	345569
meditating	345566
trunking	345546
foxtrot	345544
patchouli	345538
inequities	345535
testes	345509
defaulting	345507
merciless	345490
borer	345460
originators	345455
censoring	345423
oriole	345395
clump	345355
reusing	345347
mensa	345320
shiner	345282
chal	345278
rhesus	345267
streptomyces	345256
transcribe	345253
datagrams	345208
invalidated	345206
shenanigans	345202
atrocity	345199
elinor	345194
proportionally	345141
untrained	345136
thrusts	345131
championed	345123
billable	345116
tiresome	345108
splashed	345105
givers	345100
antonyms	345095
cockroaches	345048
faraway	345040
lune	345033
underwritten	345006
tarps	344956
sociologists	344946
ostomy	344928
sena	344915
ingest	344905
gazebos	344879
moccasins	344853
sirloin	344853
parthenon	344833
cyclophosphamide	344811
abounds	344806
salutes	344792
collided	344765
tilde	344748
potash	344742
boarders	344731
insp	344718
lapping	344713
rog	344672
chivalry	344671
mahi	344640
rangeland	344611
commonality	344582
midis	344574
regrettably	344564
kaw	344552
playbook	344522
frustrate	344483
exhibitionists	344452
sideboard	344381
poaching	344299
wyvern	344270
muffled	344261
inlays	344239
lockets	344202
whitey	344144
foiled	344142
brin	344131
laryngeal	344102
outfielder	344099
nonattainment	344095
flocked	344049
slapstick	344039
connaught	344019
dialers	344001
subculture	343998
skids	343992
roselle	343985
tether	343977
hyperbole	343911
marathons	343910
tgt	343900
toucan	343861
borghese	343835
oxidizing	343783
alo	343753
kennebec	343750
intergalactic	343716
brahman	343698
phosphorous	343654
charlemagne	343628
pulsing	343623
photocopiers	343617
obligor	343616
matcher	343609
heralds	343530
sterility	343475
lessors	343443
dynasties	343435
prowl	343421
karats	343399
luminaries	343399
bridger	343392
amiable	343390
hadronic	343322
piecewise	343294
sittings	343271
undulating	343268
recharging	343240
thatched	343234
intermedia	343217
urinal	343195
grosso	343187
rockfish	343094
duodenal	343042
uninstalled	343027
irrevocably	343006
coworker	343002
cyclades	342999
escuela	342999
bunyan	342966
taber	342966
screenplays	342952
hinders	342924
tubers	342912
lactobacillus	342900
cloner	342890
unrelenting	342883
neuropsychology	342790
expeditiously	342784
antiquated	342775
jerked	342767
sputtering	342735
femininity	342734
opulent	342718
deferment	342709
mots	342694
dimly	342692
coconuts	342641
confuses	342639
executors	342618
waders	342595
squall	342590
frogger	342569
rya	342539
nothingness	342533
hellfire	342515
havering	342493
chokes	342433
demeter	342421
antagonistic	342228
cinque	342212
bowery	342185
immovable	342184
caterpillars	342167
outlier	342120
naira	342118
consigned	342101
rhein	342044
fervor	342039
pret	342035
camshaft	342005
exotica	341998
scooped	341961
bijou	341954
innervation	341928
reefer	341873
exerts	341870
hibernia	341843
constraining	341823
idling	341794
dard	341785
lepton	341749
cursory	341712
razer	341675
dissipate	341613
batsman	341602
hymen	341598
wavelets	341584
cogs	341581
desorption	341430
refuted	341426
bellflower	341419
ionian	341414
watertight	341414
stevia	341385
americanism	341381
photocopier	341379
talc	341339
pessimism	341334
penises	341329
vehemently	341317
velvety	341254
mononuclear	341235
wheezing	341229
emer	341164
conferees	341148
ternary	341120
footballer	341113
sisyphus	341102
foolproof	341084
lakshmi	341077
teeming	341066
paradoxes	341046
someones	340972
foolishly	340928
immunosuppressive	340835
eer	340733
inanimate	340730
panting	340695
depositor	340667
comers	340660
acidophilus	340609
defensively	340515
romaine	340512
forgo	340426
tacks	340393
lithographs	340376
effusion	340361
educates	340359
lunacy	340313
signers	340299
dimensionality	340261
loathe	340224
eyepieces	340181
unprocessed	340130
notoriety	339996
centra	339994
hydroxyl	339977
showered	339948
interacted	339945
polishes	339940
brats	339931
huddle	339922
numismatic	339907
avoidable	339865
aah	339838
adenoma	339838
lakhs	339793
flammability	339735
truancy	339715
taxicab	339692
confounded	339653
flatiron	339649
coughs	339604
unavailability	339576
rooter	339548
widener	339532
pretends	339501
residencies	339486
faery	339469
eloise	339459
pye	339429
disrupts	339419
onetime	339415
gating	339402
sevier	339362
widens	339335
omnipotent	339331
deflated	339298
infestations	339292
poise	339263
judgmental	339227
meiji	339225
antipsychotic	339203
ringed	339148
slaughterhouse	339139
cima	339083
asg	339081
bagging	339054
huddled	339047
unsteady	339038
brainwashing	339021
duchy	339003
disconnecting	338959
malacca	338940
rong	338885
wilmer	338863
carrion	338853
summarily	338849
sphincter	338831
infill	338778
ejaculations	338767
leopards	338734
etude	338721
stereotyping	338711
rearranging	338663
geographies	338660
programmatically	338651
dette	338645
sanctified	338642
handicapper	338596
plantar	338586
tradesmen	338572
excitedly	338567
academie	338557
quarrying	338544
approachable	338519
braced	338518
sweetener	338517
braised	338515
knut	338491
gaunt	338487
nourished	338472
burk	338433
spigot	338430
skilling	338418
nailer	338408
cornstarch	338343
coupes	338332
effie	338283
mauricio	338253
daffodils	338204
boden	338169
chloroplast	338169
pollute	338167
charing	338155
buzzword	338137
bara	338116
pistachio	338100
riverbank	338063
predominately	338001
metalware	337987
pomp	337970
pretzel	337914
warping	337905
connotations	337876
noms	337839
yardstick	337820
neutrophil	337818
supernatant	337809
segmental	337759
multitudes	337753
imperium	337747
supercharger	337727
imagen	337726
thicknesses	337719
sprouting	337673
spew	337669
vestibular	337667
witten	337656
orth	337642
deceleration	337600
summoning	337586
consignee	337579
aldehyde	337562
pronged	337552
baring	337522
jacked	337488
annabel	337452
tartar	337438
brownish	337437
centerfolds	337437
cropland	337419
nazism	337398
operationally	337384
trix	337371
testicle	337355
rejoin	337343
rosettes	337325
hup	337209
stratigraphic	337200
snipers	337174
gosport	337152
rubrics	337111
harken	337086
volition	337072
cooperated	337062
crawls	336980
suave	336960
riddance	336933
greaves	336923
gulp	336923
lottie	336919
lurk	336918
smudge	336879
tulle	336799
gabby	336756
helplessness	336751
dumbbells	336738
circumstantial	336727
homotopy	336645
ironwood	336593
adiabatic	336582
pend	336581
naturalism	336575
sabian	336537
patties	336511
accelerometer	336444
galloping	336392
indestructible	336384
principality	336334
penobscot	336302
grav	336295
micky	336259
johnathan	336223
gambier	336192
indulging	336157
allusion	336152
laminator	336124
bosh	336119
samaria	336091
smeared	336066
quadrature	336060
summerland	336041
liqueurs	336003
tablecloths	335976
herder	335972
cinematical	335962
outfall	335955
unzipped	335943
winifred	335926
parasol	335916
interchangeably	335895
concurs	335886
wef	335871
deformations	335867
farting	335851
nonspecific	335803
atopic	335774
coloration	335773
culling	335765
stingy	335740
arca	335714
zealot	335714
toot	335690
succinctly	335689
sisley	335669
gooey	335656
devotes	335590
manet	335542
shanti	335530
turmeric	335516
carnelian	335506
vigour	335480
zea	335427
geom	335422
abstracting	335416
snares	335412
parietal	335401
underpants	335393
mandating	335385
prequalification	335382
kondo	335378
schnell	335367
bidet	335335
oam	335301
illegible	335268
recreating	335250
snot	335248
didst	335242
mortars	335242
ductile	335239
dimensionless	335228
curiosities	335224
carex	335219
wither	335215
contractually	335154
kippur	335138
courtyards	335136
fibroids	335136
calderon	335109
flattening	335102
sterilized	335094
unformatted	335077
insulate	335018
schloss	335015
afd	335007
cobblestone	334955
showplace	334938
stockpiles	334933
mandir	334932
seamed	334904
colonoscopy	334830
meteorologist	334830
calmed	334820
flattered	334812
babbling	334809
tryp	334796
alkaloids	334746
ake	334734
centrality	334683
pisses	334681
campaigned	334640
admirably	334638
vipers	334637
twinning	334608
taster	334583
nightfall	334563
sourdough	334547
warrantless	334545
croat	334462
arbors	334460
ashtrays	334373
nul	334372
punters	334365
dropper	334330
sarkar	334307
manos	334298
wack	334282
hurl	334231
yoy	334221
loyalists	334207
kendo	334180
surinam	334179
xenophobia	334162
dory	334147
sheltering	334145
krypton	334131
nary	334106
reconfigurable	334093
kittie	334077
doz	334048
chucky	334037
bushman	333996
forego	333942
hydroxylase	333936
castile	333925
multipass	333893
woodwinds	333873
ricotta	333807
motorways	333799
edelweiss	333787
humidor	333769
vacationing	333764
irreparable	333740
immunities	333737
naturalizer	333727
broiled	333717
superstitious	333698
tangy	333638
evangelists	333626
insides	333603
sedative	333596
farina	333581
gant	333565
cutaway	333552
defraud	333504
toothed	333484
artsy	333481
severability	333457
transferor	333455
bygone	333433
cliches	333429
wilds	333381
intercession	333380
lettered	333334
reaffirms	333279
apricots	333220
darkening	333212
golds	333197
depressions	333190
ranching	333115
toasting	333093
toothpick	333066
exhale	333048
forwarders	333024
likable	333004
shoestring	332956
brads	332940
whirling	332914
altars	332874
doghouse	332874
abolishing	332814
grebe	332810
standup	332780
playgirl	332778
flexion	332777
recesses	332765
kinsman	332756
geomagnetic	332704
ibex	332704
blobs	332665
footers	332656
droppings	332636
designator	332593
causative	332581
payed	332515
overworked	332451
handedly	332441
uncontested	332437
cecile	332430
orbs	332407
cardiologists	332356
mutable	332351
militarily	332344
delicacies	332312
inflating	332292
sputnik	332291
barometric	332267
regrowth	332236
banca	332173
doughnut	332166
scorching	332150
cribbage	332148
mela	332101
rondo	332097
coffins	332093
typescript	332043
piste	332028
jove	332011
cashed	331974
ushers	331973
enos	331970
jewry	331914
barfly	331910
vegetarianism	331895
extractors	331851
dictaphone	331847
martinis	331815
envisions	331810
flexibly	331802
whoop	331753
reposition	331728
cacao	331714
hobbyists	331684
anat	331670
weta	331665
pcf	331650
glick	331648
mammogram	331639
obsoletes	331639
soggy	331525
ecologist	331506
reinstalling	331411
gendered	331403
annoys	331360
rackets	331323
litigants	331304
ducted	331289
crisps	331278
wristwatches	331245
heiress	331210
linac	331196
identifications	331186
dressy	331155
authenticator	331152
depositories	331077
godhead	331050
canvassing	331027
portia	330984
shyness	330980
pickers	330937
angelus	330890
subjecting	330883
momento	330837
unsightly	330796
forecasters	330737
linoleum	330699
shearling	330680
frayed	330676
criminality	330649
culverts	330613
woolen	330586
cuticle	330584
levelling	330541
pimples	330532
shorted	330490
razz	330478
spunky	330478
readies	330426
shrapnel	330415
arthurian	330397
deuterium	330377
litany	330367
fairest	330345
totalitarianism	330330
trigonometric	330314
nutter	330293
bristles	330278
verbosity	330273
larder	330243
syncing	330241
ganges	330234
majeure	330216
beret	330199
longshot	330120
rollaway	330118
yor	330085
nonstandard	330073
laundries	330027
whoo	330017
truthfulness	330011
atrocious	330010
obelisk	329988
valeria	329976
claret	329947
consecration	329885
consolidates	329885
disaggregated	329868
chromatographic	329867
forbearance	329867
golly	329846
congratulates	329802
grievant	329783
reinstalled	329778
plastered	329746
shahid	329697
apostrophe	329645
canzoni	329593
wakeman	329577
wobbly	329523
stepmother	329520
seagulls	329516
megawatts	329486
denning	329479
lapland	329464
illuminator	329434
symbolically	329419
randle	329392
unsubstantiated	329339
centroid	329333
monogrammed	329329
gambian	329278
tailgating	329274
colville	329232
jesuits	329231
voluminous	329203
mottled	329195
plu	329174
zing	329159
snips	329153
lockup	329124
tosses	329112
cholinergic	329106
manifesting	329097
estella	329063
implantable	328993
univariate	328968
sangha	328941
publics	328930
resiliency	328858
astrobiology	328850
scrip	328826
disinfectants	328822
dreamtime	328792
inhumane	328781
rocher	328767
inadequately	328764
arabella	328763
unlocks	328720
panicked	328705
matti	328688
throng	328670
toed	328663
crump	328553
randomization	328533
rinsing	328529
reschedule	328522
tob	328514
hostal	328511
preempt	328500
abandons	328497
shunned	328497
resold	328488
cyclo	328470
phosphor	328436
wipeout	328421
appetites	328387
unscented	328386
ergonomically	328349
roosters	328337
loring	328334
ionosphere	328313
belvidere	328305
airworthiness	328299
turnip	328276
juxtaposition	328247
marci	328204
willey	328200
groucho	328153
crushes	328146
foreshore	328134
carnivorous	328116
berber	328091
gusset	328084
mince	328039
banish	328029
mibs	328021
metalwork	328016
flapping	328008
fino	328002
punting	327997
frets	327989
scab	327970
schism	327944
sculptured	327878
tidbit	327832
teriyaki	327807
jemima	327787
impoundment	327772
interrelationships	327759
gres	327740
coffeecup	327718
joon	327711
maru	327711
heretics	327681
dogged	327646
apparition	327614
barristers	327600
fermion	327592
fluor	327545
inoperable	327514
scrutinized	327475
earthworks	327472
thrashing	327460
salome	327455
cyclonic	327430
unsubscribing	327393
pinyin	327377
thumping	327373
vara	327339
multipath	327332
eugenics	327257
quenching	327230
hunch	327195
amaryllis	327190
sandpaper	327174
messes	327162
perdition	327117
wintering	327078
topple	327077
hardiness	327073
liss	327059
phew	327052
chickasaw	327020
pungent	327011
heng	327001
discontinuance	326987
carbonated	326985
waives	326966
wraparound	326949
headliner	326915
reboots	326915
unbridled	326894
superposition	326837
insite	326802
fanzine	326796
astrologer	326787
laney	326778
purportedly	326763
antigenic	326749
dietetics	326728
assembles	326725
hausfrauen	326716
benzo	326701
vietcong	326697
chairwoman	326676
petrochemicals	326670
pata	326624
techies	326549
canvass	326522
radish	326496
manifestly	326460
checkmate	326448
starlets	326410
emphatic	326393
aficionado	326331
motivator	326314
riv	326285
tabula	326274
outgrowth	326263
homeward	326240
withered	326236
sandstorm	326232
taoist	326221
nameplate	326181
baiting	326177
surrendering	326176
mothering	326147
billard	326136
chrysanthemum	326128
reconstructions	326124
sunspot	326104
fluorine	326084
retype	326058
fortification	326057
mingo	326048
spurt	325911
elation	325901
creationist	325885
wail	325861
artistically	325860
ampicillin	325791
wasn	325755
cowbell	325751
rater	325717
epileptic	325674
crag	325657
feller	325654
earpiece	325640
franca	325603
thymidine	325600
disa	325590
tranche	325549
enmity	325547
sanctum	325541
mazes	325527
unconstrained	325452
souter	325436
pagesize	325394
osteopathy	325384
materialistic	325282
fip	325271
rooftops	325268
discourages	325266
boater	325221
weirdo	325197
congresswoman	325193
tass	325180
gud	325134
eucharistic	325076
farts	325011
oncoming	324940
racked	324889
knockoffs	324869
cloister	324868
hygienist	324862
dartmoor	324786
stapled	324757
butternut	324726
fancied	324708
spoilt	324636
predisposed	324627
hydrochloric	324626
filippo	324605
hainan	324596
logoff	324577
cockroach	324569
computable	324524
strode	324522
agen	324497
marchand	324493
disorganized	324475
crafter	324435
disassemble	324408
littoral	324389
anise	324336
grainy	324326
hospitalizations	324324
aggressor	324310
giggled	324279
optimising	324243
pepperoni	324243
walkabout	324243
boathouse	324233
consummation	324186
fronting	324162
refreshingly	324153
aph	324143
sculptural	324114
neurophysiology	324113
annexure	324077
unfaithful	324015
outflows	324010
executioner	323995
asthmatic	323982
guillemot	323971
realizations	323969
linguistically	323966
reconstitution	323904
interviewee	323871
hematologic	323849
titular	323843
rebbe	323839
swears	323831
pinup	323824
diminutive	323818
transcendence	323783
surah	323774
statisticians	323763
swatches	323756
maoist	323713
trapeze	323700
lemmings	323695
extents	323681
sunbird	323631
cellophane	323621
paring	323609
damning	323558
cardholders	323533
matrimony	323431
humbug	323395
rolfe	323348
signalled	323343
hyperbaric	323299
granulated	323296
nannofossil	323268
bulldozer	323263
ailment	323256
homely	323224
sharpie	323182
perpetuity	323119
stepfather	323082
currier	323075
taproot	323062
disprove	323054
urbanism	322984
colloquia	322950
dinero	322924
incurable	322902
capillaries	322891
dixit	322848
mountainside	322833
shoving	322832
furnishes	322828
menthol	322824
blackouts	322815
eves	322799
dragonflies	322790
anointing	322763
corinna	322695
propranolol	322694
inescapable	322688
swabs	322684
strictest	322647
domiciled	322638
absorbance	322619
minx	322604
lbw	322603
eclipses	322569
prise	322565
simba	322561
misdemeanors	322549
cornbread	322505
appendixes	322496
supremely	322466
keynotes	322462
subnets	322429
mensch	322422
hastened	322417
perpetuating	322384
froggy	322368
decarboxylase	322349
bagpipe	322308
terns	322293
prostrate	322274
excitatory	322261
niagra	322219
provisionally	322209
cocked	322191
dribble	322187
raged	322172
hardwired	322166
hosta	322160
interconnecting	322101
singularly	322048
underpinnings	322013
gobble	322005
preposterous	321999
lazar	321985
laxatives	321978
mythos	321954
colloid	321935
hiked	321931
symbolized	321895
breech	321860
ripening	321833
oxidant	321825
pyramidal	321821
umbra	321800
poppin	321791
shee	321785
choruses	321768
trebuchet	321762
pyrite	321759
drunks	321756
mahdi	321743
obstructing	321706
hotkey	321643
kidder	321643
phosphoric	321632
crediting	321604
parquet	321589
vint	321577
reparation	321496
amply	321480
damask	321405
batted	321390
scrapers	321388
rejoined	321380
hovercraft	321362
nighthawk	321323
urologic	321318
impotent	321310
chaka	321285
spits	321273
emotive	321269
papacy	321266
curmudgeon	321233
freshener	321208
thimble	321166
racists	321146
lacquered	321105
ablaze	321096
assassinations	321091
gramophone	321087
spotty	321064
lech	321052
simmering	321050
nettie	321006
grasshoppers	321004
internationalisation	320999
crawlers	320912
senatorial	320903
thawed	320884
unexplored	320877
characterizations	320874
transpired	320870
dietitians	320866
beechwood	320745
undeliverable	320745
epistemological	320686
infiltrated	320674
ohv	320618
fortifications	320616
cloaking	320583
nots	320581
dens	320578
unannounced	320572
deactivation	320570
dichroic	320528
loafer	320516
skydive	320491
gratings	320487
quin	320452
retinol	320447
insurmountable	320388
countervailing	320357
fairing	320353
prettier	320352
invisibility	320304
haystack	320301
swisher	320225
synthesizing	320218
hotspur	320155
phare	320138
fjords	320132
nightstand	320130
confining	320060
loony	320048
rafe	320029
infringes	320011
loyalties	319997
etchings	319993
reversals	319959
slipcovers	319950
impenetrable	319936
collate	319919
encapsulate	319885
gtd	319866
kabel	319861
gymnastic	319850
screeners	319848
triglyceride	319833
tink	319815
undistributed	319804
purr	319799
industrialised	319796
duped	319795
galvanised	319795
nits	319774
stifling	319707
realises	319690
vena	319681
vindicated	319668
bund	319651
invades	319643
oust	319635
neurotransmitters	319623
rumps	319557
dipper	319525
luminescent	319517
percolation	319506
signified	319496
talkers	319489
sockeye	319470
exemplify	319405
attractor	319352
inane	319343
confort	319332
byways	319329
becket	319297
recliners	319224
justus	319206
headhunters	319127
bluntly	319112
retransmitted	319108
assayed	319104
ribble	319069
bask	319041
mermaids	319020
contemplates	319019
corky	318993
defensible	318991
berk	318987
derail	318983
midgard	318963
spinster	318874
goblets	318872
touting	318853
interrogated	318836
crappie	318824
birthstones	318818
loto	318810
kore	318808
yolks	318800
australis	318782
clonal	318766
enright	318755
famille	318720
anticancer	318706
digoxin	318704
overlapped	318680
modulating	318653
spook	318653
noninvasive	318632
bicyclists	318627
divi	318509
geometrically	318479
outweighs	318472
tarnished	318457
diorama	318409
deducting	318399
caretakers	318383
amazes	318375
undamaged	318369
fie	318365
snoqualmie	318361
brimming	318358
consolidator	318350
ridiculed	318321
snags	318312
prater	318221
olden	318215
rego	318196
antica	318193
cyclotron	318185
hod	318155
ura	318144
herne	318137
grommets	318134
unending	318132
enders	318125
discontinuities	317972
gripes	317957
tatar	317945
headquarter	317886
implementors	317861
previewing	317853
spiffy	317745
subscripts	317735
curiae	317724
acker	317695
lyase	317653
nuanced	317640
oncologist	317638
abominable	317597
rattled	317595
farmhouses	317570
decnet	317557
tambourine	317508
roughing	317499
tramway	317486
coinsurance	317446
slayers	317431
venomous	317422
faceoff	317421
impressively	317419
baselines	317417
addressable	317404
reapply	317394
patriarchy	317393
inextricably	317377
tapering	317321
roasters	317298
homelands	317237
aleutian	317217
dampen	317216
luminescence	317184
snowmen	317184
landscapers	317165
llano	317161
interdepartmental	317141
unjustly	317130
neutered	317127
masterworks	317101
yuk	317091
rhizome	317069
leprechaun	317062
fokker	317055
unknowingly	317046
rehearse	317036
apertures	317021
ido	316998
seducing	316985
screeching	316938
reedy	316918
ceded	316917
reformulated	316895
imbued	316860
amide	316773
fearsome	316712
psychometric	316705
bureaux	316700
likeable	316673
sleds	316641
christendom	316600
expressionism	316551
biographer	316454
wreak	316442
tarragona	316441
penultimate	316437
planta	316431
leotard	316395
constructivist	316392
bridegroom	316373
underpinned	316370
catchments	316329
swarming	316278
threadless	316266
accomplice	316255
vivre	316235
chuckles	316223
straightener	316130
capra	316123
shakti	316121
looper	316080
morphogenesis	316047
sidelined	316043
irregularity	316001
immigrated	315979
grayling	315971
gash	315928
bloat	315923
impeded	315914
gravestone	315905
pompous	315897
backwater	315884
kiwis	315840
monomers	315835
subvert	315806
sunt	315806
summative	315792
arpanet	315761
seder	315708
dita	315643
muscled	315634
instrumentality	315616
insomniac	315607
cowichan	315536
barnaby	315532
pht	315523
detonated	315509
addie	315504
electrophysiology	315495
impassioned	315434
decrement	315426
esau	315376
productively	315356
desperado	315344
solidify	315304
callas	315271
takings	315261
triplex	315241
handpicked	315231
flavoring	315224
ruminations	315200
exteriors	315171
mouton	315162
callisto	315160
contagion	315150
conformant	315117
archimedes	315114
cameos	315114
casings	315098
abutting	315091
desecration	315076
equalizers	315068
venturer	315051
lackluster	315045
embarcadero	315038
gunmetal	314920
parameterization	314911
juniata	314898
bolstered	314888
pocketbook	314850
inverting	314782
misinterpreted	314778
garlands	314755
sparkly	314741
automaker	314719
sputum	314687
ornithology	314684
mongol	314643
audacious	314603
midshipmen	314579
peeler	314500
degrades	314464
forefoot	314454
maggiore	314427
protestantism	314420
calibrating	314411
soreness	314362
boldness	314341
repeals	314335
confrontational	314332
entrapment	314219
brecht	314207
debuggers	314201
advection	314186
dubs	314179
surya	314172
yazoo	314167
cramping	314088
minimisation	314051
perturbative	314050
ducting	314045
chopsticks	314019
ophthalmologists	314008
adjudicator	313972
fantom	313942
hooligans	313863
cassius	313859
alpacas	313854
erf	313847
powdery	313829
bastian	313802
exportation	313766
diverge	313759
loosened	313747
uncharted	313708
radian	313691
misunderstand	313613
virility	313550
geyser	313513
inalienable	313505
kylix	313497
ungaro	313463
snowbird	313422
contin	313411
leche	313394
untamed	313377
visualizations	313353
painstakingly	313343
eben	313250
nightshade	313165
meddling	313075
bolo	313054
objecting	313049
hydrochlorothiazide	313046
writeup	313043
gib	313026
shoddy	313015
deceptively	312993
belknap	312945
confrontations	312941
freelancing	312937
salutation	312873
heartbeats	312872
altercation	312840
expresso	312825
trustworthiness	312810
octagonal	312772
pillowcase	312728
mended	312722
herve	312705
navigators	312699
obv	312699
indochina	312691
notches	312682
odysseus	312680
unleashing	312671
unfavourable	312640
crystallographic	312632
abject	312620
lymphomas	312601
gratuities	312549
regenerating	312532
heretical	312516
riveted	312475
histologic	312465
quiescent	312458
strangeness	312445
rideau	312422
tincture	312405
proliferative	312385
kismet	312378
takeovers	312355
erecting	312353
drafter	312335
conga	312319
bdl	312314
tenderer	312273
deejay	312270
agave	312239
compresses	312123
impeller	312120
botulinum	312053
hookah	312028
lucian	311925
bana	311906
pitting	311903
aby	311870
psychotherapist	311858
enameled	311823
ethers	311822
persevere	311793
extramural	311764
nearshore	311729
detractors	311708
arabesque	311697
fittest	311689
vortices	311682
tarnish	311663
isthmus	311647
airliners	311639
anas	311544
hildebrand	311532
eateries	311422
holograms	311395
feu	311393
drawdown	311389
treads	311379
tox	311337
encrypts	311327
zilla	311318
forwarder	311306
lengthen	311303
socialized	311259
mayday	311257
aal	311213
esperance	311196
honing	311152
bacteriology	311124
prodigious	311108
reordering	311093
spoonful	311088
beeps	311081
herpesvirus	311063
sociable	311061
yana	311060
requisitions	311035
scleroderma	311032
deftly	311024
raucous	311021
geopolitics	310993
optimizers	310986
curios	310977
hairpin	310975
toasts	310966
litmus	310956
collaborates	310947
equus	310941
greys	310921
exaggerate	310913
speculum	310899
odes	310891
tootsie	310841
blushed	310822
saddest	310788
spools	310783
medico	310782
grinds	310771
exempts	310749
quadrupole	310711
menominee	310664
outpatients	310646
gata	310637
immorality	310626
coulee	310620
bugged	310616
sojourner	310459
wench	310447
illusory	310413
spontaneity	310413
rescission	310369
perrier	310336
bolded	310326
sympathize	310322
ribose	310314
inspects	310265
lefties	310260
sugarloaf	310239
bloomer	310218
barrows	310203
yankton	310187
kyat	310183
tantamount	310178
sarong	310132
slaughtering	310130
lumped	310084
stepwise	310080
ophthalmol	310060
straighteners	310047
scribed	310027
dissected	310026
borrows	310018
frigid	309996
butters	309969
hemispheres	309959
armrest	309958
woollen	309955
vorticity	309933
lub	309903
approximates	309886
overwriting	309881
recidivism	309866
ashram	309843
speculating	309823
kling	309783
rounders	309771
impairs	309746
immobilization	309743
carafe	309735
enteric	309728
gunz	309710
pawns	309696
outermost	309687
buccaneer	309660
marimba	309626
quarterbacks	309608
peachy	309577
seaplane	309463
westphalia	309396
augmenting	309373
myopia	309370
winded	309370
manuka	309353
methinks	309333
rambles	309327
winemaking	309306
diatoms	309303
blunts	309279
interne	309264
billionaires	309246
angeline	309217
dawning	309187
capacitive	309175
naturopathy	309152
theocracy	309138
caplets	309131
intelsat	309131
quint	309126
cheeseburger	309113
wingers	309061
lait	309050
middleman	309048
derailleur	309045
congratulating	309024
sempre	309014
dorking	309002
flagrant	308992
touareg	308950
wane	308932
trachea	308912
loins	308897
uneventful	308868
quis	308840
scoundrels	308811
numbing	308782
distraught	308779
assassinate	308774
midge	308737
unwavering	308731
astronautics	308709
confidentially	308682
piecemeal	308680
collet	308674
glial	308665
bilirubin	308641
flirty	308617
haplotype	308588
fenner	308581
codification	308572
progressions	308522
inferiority	308514
acidosis	308499
burnished	308499
regalo	308425
osmotic	308383
repositioning	308372
eggers	308355
clothe	308351
knitter	308351
swelled	308324
belting	308322
snipes	308302
transliteration	308258
yat	308249
gentleness	308196
emitters	308189
staked	308188
tillamook	308172
sandwiched	308169
rigidly	308159
oyez	308150
simile	308148
phalanx	308142
hindering	308139
sloped	308121
checkmark	308107
dashboards	308100
chron	308082
roundhouse	308053
encapsulates	308019
homologue	308017
melba	308005
baller	307991
sifting	307984
fixe	307962
glucagon	307957
milos	307933
ambivalence	307878
loudness	307846
guillotine	307824
intertidal	307789
chartering	307760
bream	307756
reverting	307747
dionysus	307740
meander	307722
leanings	307721
groans	307720
canker	307701
perkin	307659
keener	307658
meaningfully	307644
audios	307618
embellishment	307616
turion	307602
tienda	307600
knowledgable	307540
confesses	307535
gullible	307531
biogenesis	307526
boba	307518
mistresses	307496
breakwater	307474
smuggler	307463
busily	307426
painkillers	307417
synovial	307413
inaugurals	307409
poached	307394
shopkeeper	307386
uncirculated	307380
hailing	307363
imparted	307253
slumped	307211
traduction	307207
gluing	307201
contradicting	307189
headlong	307188
captor	307186
fads	307178
imago	307167
indelible	307167
alkalinity	307166
tethered	307136
orcas	307125
whiteness	307121
yellowknife	307118
grazed	307080
joules	307069
mesmerizing	307051
jakes	307048
thrived	307039
colibri	306975
acquittal	306956
unfulfilled	306956
perverts	306951
intentioned	306942
fluently	306927
pigtailed	306926
ascribe	306862
saraband	306836
stalked	306832
deluded	306770
outstretched	306753
trembled	306749
nitrile	306737
gens	306724
kyu	306709
oped	306688
samp	306636
janitors	306606
doon	306598
unobserved	306588
micrometer	306586
labored	306577
bsf	306562
tete	306550
twitching	306544
smacks	306534
troughs	306500
anagrams	306483
strikeouts	306467
polarizer	306426
unbelievers	306426
exegesis	306386
piscine	306353
betas	306327
scituate	306308
brothels	306278
intraocular	306273
skilful	306269
sprockets	306229
basta	306217
assistantships	306208
futurist	306200
invocations	306188
iman	306174
bolder	306156
vips	306147
omits	306112
endures	306111
harmonised	306080
xylene	306027
selle	305996
anticipatory	305987
impersonation	305935
lycopene	305908
sweety	305908
assignable	305876
interfacial	305860
zebrafish	305859
girder	305846
hote	305835
renormalization	305806
internation	305766
bismuth	305764
decentralised	305764
lavinia	305746
natively	305721
intents	305708
unconnected	305702
ovum	305631
homologs	305616
pruned	305557
lantana	305537
wedded	305508
seasonality	305496
lashed	305492
sublease	305492
shriver	305460
penna	305448
lith	305446
standardizing	305442
retelling	305421
contentions	305379
bickering	305355
whaler	305342
unobstructed	305313
hydrogenated	305307
menschen	305305
fondling	305284
karwar	305284
gld	305281
laissez	305254
ricks	305248
heald	305244
astounded	305221
permanency	305198
smacked	305187
trusses	305177
pallas	305163
anatole	305155
sleet	305148
disgraced	305056
philippa	305048
zoster	305037
survivability	305022
nies	305002
grooved	304997
transcontinental	304992
playas	304899
resigning	304898
dene	304848
instore	304842
laxative	304804
intitle	304773
alcove	304771
woolsey	304751
wale	304722
termine	304674
tripple	304665
ungodly	304649
enlargements	304617
felling	304614
marinades	304577
winemaker	304553
grendel	304463
rattlers	304443
hazing	304414
carbonyl	304410
chelation	304393
bermudian	304391
telecast	304391
hout	304355
disclaimed	304330
spectacularly	304294
appartement	304282
couleur	304226
mindedness	304169
novus	304116
twi	304057
steamship	304013
condescending	303986
recounting	303962
breeches	303961
redundancies	303941
seashell	303936
pacifist	303932
appellation	303917
brassica	303799
dori	303785
drips	303778
fibrinogen	303770
creekside	303766
abbe	303739
lene	303737
saree	303706
montes	303659
cephalexin	303617
handsomely	303610
skyway	303606
polis	303594
achiever	303591
botched	303572
multiracial	303571
politburo	303561
fille	303542
fresheners	303530
corticosteroid	303520
soapy	303519
savin	303518
revisionist	303514
untenable	303463
microbe	303438
pled	303410
messer	303395
serialize	303385
deformities	303360
necktie	303341
grueling	303292
memorizing	303288
downwind	303250
libelous	303240
depositors	303203
incr	303187
tardy	303140
disregarding	303138
matron	303110
seaward	303086
uppermost	303084
crunk	303067
adolphus	303028
ciphers	303025
rebounded	303018
nibble	302987
hermetic	302983
hine	302855
iwa	302836
marauder	302836
renegades	302829
theor	302768
showings	302741
cardamom	302665
untouchable	302626
exerting	302622
natale	302596
multicolored	302588
fleeces	302579
birdlife	302565
industrious	302561
pecker	302561
temporally	302543
reappointment	302515
attractively	302503
canuck	302452
adopter	302441
nicotinic	302430
decayed	302419
stethoscopes	302412
shipyards	302396
anglian	302347
footpaths	302327
tamarack	302316
sauteed	302310
panini	302276
dhamma	302256
backfire	302229
narcissism	302205
disarray	302186
truckload	302184
proprietorship	302180
oddball	302091
harps	302084
hedged	302075
antihypertensive	302057
usar	301953
cleanest	301948
minter	301929
teutonic	301907
tapeta	301886
viceroy	301862
chabot	301800
ingrained	301765
caspar	301758
slaw	301756
collating	301746
swordsman	301703
preloaded	301684
commissary	301680
geomorphology	301675
powter	301650
repl	301630
yellows	301593
yoyo	301588
habitually	301570
astrophotography	301502
knuth	301480
arjun	301474
majorities	301474
divestiture	301435
accidently	301431
archetypal	301427
driller	301397
conquests	301396
mummies	301396
policymaking	301372
brimstone	301353
coppa	301351
pretest	301342
excercise	301319
trowel	301297
mand	301294
profiting	301276
nabs	301255
beseech	301253
tantalum	301210
hitched	301204
mair	301055
smelt	301053
fatale	301040
porns	301027
renin	300995
nonmetallic	300990
undersecretary	300982
margery	300972
yearn	300957
benzyl	300951
culprits	300928
stiffs	300891
trinkets	300881
whig	300874
enchant	300839
austere	300808
earths	300756
storehouse	300748
cowhide	300731
plumage	300727
antecedents	300715
tenors	300697
diabolical	300667
tugs	300661
rapier	300644
unspoiled	300637
equalities	300609
haughty	300598
aum	300582
overlying	300577
kef	300574
relinquished	300553
opiates	300537
salami	300521
narcissistic	300480
assaulting	300474
admirals	300467
cadaver	300424
brokerages	300414
esmeralda	300414
musicology	300397
politico	300380
eme	300375
captivate	300362
streep	300317
semiannual	300306
deterred	300298
meld	300270
loyd	300238
apathetic	300207
uninteresting	300171
lyre	300168
equitably	300141
yawning	300130
centralization	300119
paged	300118
prunes	300117
buller	300104
hydrophilic	300100
erupt	300083
redone	300082
biennale	300061
mallow	300040
duress	300034
cossacks	300010
koda	299894
bluefish	299868
bub	299865
attuned	299850
urol	299849
herons	299841
couldn	299830
raiding	299817
deft	299809
banger	299806
baile	299798
kwanza	299779
declassified	299778
doable	299775
seething	299768
carne	299731
burritos	299660
ramming	299639
alligators	299604
loris	299596
instigated	299592
superstructure	299542
husk	299495
hygienists	299484
donn	299470
grandiose	299435
clerkship	299431
classifiable	299358
sodas	299348
concisely	299341
libertines	299340
deflector	299301
reenter	299288
sah	299279
inboard	299263
symbiosis	299212
scepticism	299191
caboose	299167
laparoscopy	299167
quatre	299147
fitters	299114
rockman	299110
concatenated	299095
graduations	299094
germanium	299062
constancy	299057
plats	299052
countryman	299047
shai	299044
stoked	299039
allergenic	299023
wingspan	299023
machinists	299022
buncombe	299007
insufficiently	298964
cements	298928
reappear	298918
hick	298899
boudoir	298896
affinities	298888
glades	298840
repellents	298840
daman	298839
crutch	298836
playbill	298830
rioting	298819
espoused	298809
amylase	298678
buckling	298649
songbird	298646
premio	298604
honk	298573
frisch	298552
mamie	298552
upped	298533
discursive	298466
disputing	298406
unpaved	298405
vasectomy	298359
repudiation	298330
worrisome	298269
nonconforming	298233
seafront	298213
handcuffed	298191
marshmallows	298189
republica	298189
dinette	298183
turners	298183
mormonism	298168
clarice	298134
cascadia	298116
freighter	298087
dimples	298063
turd	298037
bandar	298026
inhabitant	298013
reprinting	298000
derivations	297977
flourishes	297960
colonized	297955
trine	297941
lav	297904
redwoods	297891
meadowlands	297889
hessian	297886
carriageway	297848
ardour	297836
hing	297818
erat	297810
levant	297794
distributable	297718
hiller	297692
imitators	297687
initializer	297666
pathogenicity	297632
talkative	297630
deselect	297628
phonograph	297578
speculators	297569
lieut	297564
sty	297523
aficionados	297491
haji	297489
belay	297360
petunia	297354
matriculation	297271
smelting	297266
corrector	297250
cuss	297222
emulating	297217
slippage	297215
craniata	297189
gremlin	297178
slats	297172
dovetail	297170
transcribing	297162
sundae	297154
orgasmic	297137
vina	297100
shorelines	297093
reportage	297076
manoeuvre	297065
lifters	297063
intubation	297059
rhinos	297047
epistemic	297020
maja	297019
apprehend	297016
leeway	296990
pigmentation	296943
offends	296941
lumpy	296904
landlocked	296878
photoelectric	296863
embattled	296858
wisest	296854
shackle	296852
foraminifera	296851
giulio	296849
kabuki	296825
itemize	296790
riverbed	296788
diminution	296785
ging	296763
rencontres	296758
southernmost	296737
freckles	296722
embezzlement	296715
chipmunk	296712
splints	296676
positivity	296670
civilised	296647
airship	296641
camelback	296638
destruct	296592
beautification	296569
fiscally	296537
galls	296535
cesium	296530
yippee	296524
unary	296481
imitated	296474
inflicting	296473
bede	296472
inducement	296470
heave	296454
optician	296446
altair	296433
cud	296395
fantasie	296370
bloating	296363
proclamations	296353
siphon	296335
gove	296330
scandic	296314
complicates	296290
aviary	296266
rarer	296244
apx	296242
powerboat	296196
trundle	296192
slowness	296176
elses	296128
wrongfully	296118
hushed	296114
cadres	296110
lessening	296092
aurelius	296019
dragster	296004
reinvested	295994
ahold	295977
dobra	295948
pout	295935
theophylline	295883
snook	295873
cognate	295863
mire	295839
coven	295821
sufferer	295808
markka	295777
alk	295738
mores	295725
flushes	295708
raindrops	295680
restate	295663
bice	295645
elegy	295636
sanctification	295629
sanded	295619
shamanic	295586
indignant	295580
bouvier	295568
whs	295553
godless	295551
shopgirl	295540
sloop	295505
servicer	295497
politeness	295448
baffling	295425
refreshes	295414
hurriedly	295411
ampersand	295410
rane	295401
hopefuls	295395
conservatively	295375
reworking	295334
birders	295321
congolese	295305
characterise	295299
fingertip	295293
purporting	295293
brazing	295257
quarantined	295247
willpower	295233
medias	295223
passo	295194
chandlery	295157
icebreaker	295149
taunt	295148
aphid	295138
ione	295129
nett	295120
hinting	295098
venter	295097
omicron	295083
maggot	295075
schoolboy	295070
perchlorate	295064
bailiff	295036
laborious	295035
outpouring	295024
insecta	295014
deflected	295011
safeguarded	294980
atropine	294963
houser	294937
inflection	294926
eldred	294905
myrrh	294893
equating	294889
infuse	294883
chaff	294863
okie	294857
hasnt	294856
defaced	294843
mimicking	294826
counseled	294821
pampers	294820
showy	294798
altruistic	294746
chaplaincy	294695
backflow	294690
aldermen	294630
commends	294623
emcee	294621
moorish	294619
stateside	294602
bobbing	294574
immunofluorescence	294574
defiantly	294559
colonels	294554
machete	294538
readmission	294509
pathos	294432
battleships	294418
smartly	294415
squashed	294415
isms	294401
laments	294376
spied	294373
nephropathy	294370
menorah	294368
playthings	294367
exfoliating	294359
argumentative	294352
wisteria	294348
directorial	294344
condiment	294335
roused	294305
socialite	294294
aloof	294291
concealer	294161
nama	294143
snore	294125
charred	294077
reassess	294075
subparagraphs	294025
heimdal	293972
validly	293910
rematch	293872
rollovers	293863
instrumented	293837
fijian	293819
chutes	293812
bolshevik	293744
unsound	293719
hatter	293707
creepers	293691
splatter	293660
linsey	293658
quilters	293641
takeout	293635
silty	293612
profusely	293595
recreations	293595
bearish	293528
intelligences	293526
sorrel	293520
heep	293517
reverie	293486
phonon	293453
colloquial	293440
thievery	293438
machina	293431
callous	293411
jingles	293394
erk	293380
reconnection	293369
mismatched	293365
saps	293343
perplexing	293312
ssu	293312
splashes	293310
kats	293303
homesick	293281
duper	293268
machi	293238
gainer	293223
shiv	293199
ochre	293192
heartbreaker	293139
ster	293130
bystander	293122
hemolytic	293110
dilatation	293104
actuation	293085
commemorates	293027
rainwear	292961
beachcomber	292929
distiller	292904
encyclopedic	292903
varicella	292872
quell	292803
repulsion	292764
parachutes	292734
capitan	292723
balk	292719
imprecise	292699
caw	292692
imagines	292654
resurrect	292648
tourette	292632
softens	292629
harnessed	292618
unfilled	292609
flanged	292608
posit	292597
sinuses	292591
amputee	292575
exuberance	292555
obligate	292551
endotoxin	292524
flocking	292523
centauri	292505
unnumbered	292497
clary	292452
deselected	292451
garnishment	292380
checkerboard	292361
meo	292356
outbursts	292315
humidors	292313
proteases	292298
undying	292298
stubble	292285
caddies	292270
bande	292263
amie	292258
tobe	292243
appendicitis	292240
colliding	292211
knesset	292200
nici	292183
enumerator	292170
splines	292159
defenseman	292116
existentialism	292116
quivering	292102
crossbar	292094
toastmaster	292072
uptight	291990
actives	291970
kingsize	291963
inga	291953
doodles	291941
chimeric	291939
hatters	291905
hye	291859
sark	291856
peacetime	291835
gringo	291827
commending	291813
flattery	291781
soothes	291727
expropriation	291717
millstone	291709
payrolls	291706
mortgaged	291699
impossibly	291662
reselling	291647
beluga	291630
lepage	291627
compels	291609
succes	291554
drunkenness	291521
indulged	291498
habitable	291481
unraveling	291462
renner	291448
diatom	291428
bobsled	291423
subtleties	291419
incarnations	291394
oscilloscopes	291377
trappings	291366
afterthought	291356
legume	291345
redial	291337
hillbillies	291275
zionists	291209
storefronts	291205
damsel	291200
euphrates	291192
duomo	291121
phos	291093
decorum	291058
nondurable	291028
barbells	291016
taffeta	291016
spoiling	291011
crossley	291009
syndicates	291007
detritus	291006
galactose	291005
kees	290966
yellowing	290954
submariner	290936
robs	290924
assortments	290913
earthenware	290870
implementers	290862
kuan	290852
incendiary	290818
selina	290817
pickwick	290816
lenient	290798
dined	290743
aln	290705
idly	290705
sporadically	290668
sensu	290647
nontrivial	290630
disinfected	290625
devilish	290565
gtt	290562
rimmed	290543
reachability	290536
feedstock	290509
redistributions	290502
haematology	290468
proteolytic	290435
aristocrat	290432
scathing	290412
twinkling	290393
nichts	290379
pantomime	290370
byproducts	290362
damnit	290346
hyphens	290342
autobahn	290332
bulgari	290306
efflux	290287
cateye	290271
wanderings	290225
orang	290223
dislocations	290169
capetown	290164
arusha	290121
decimated	290120
overthrown	290103
magus	290097
medulla	290083
regressive	290081
moored	290077
societe	290058
peered	290025
cedi	290020
stearate	290010
uninterruptible	290003
bores	289979
regrettable	289941
whitten	289901
strangled	289890
bonito	289876
undertones	289727
zeolite	289718
scrappy	289669
pullen	289651
maxims	289635
camisoles	289619
stromal	289574
silex	289557
engrossing	289548
fere	289534
jezebel	289533
vireo	289521
lethargy	289520
gynecological	289465
clydesdale	289453
prescriber	289397
reverts	289395
purine	289355
counterpunch	289354
frolic	289348
transfusions	289322
casework	289297
cassia	289291
painstaking	289263
lamina	289244
umber	289235
goths	289217
finality	289205
bimini	289202
ewes	289200
toppled	289200
mending	289190
excavators	289187
wrestled	289149
sciatica	289110
areal	289091
shakedown	289090
aneurysms	289089
caucuses	289063
reruns	289050
nonlinearity	289011
plazas	289008
hurtful	289005
alternation	288969
astigmatism	288928
ibo	288919
witney	288899
receding	288891
erd	288885
gast	288876
laban	288870
conjugates	288852
antidumping	288780
candelabra	288762
malfunctioning	288734
holi	288719
outposts	288717
polyunsaturated	288711
millennial	288710
roasts	288677
hemispheric	288666
asymmetries	288662
remi	288659
treading	288644
downy	288639
quantitation	288638
conformed	288612
tach	288593
kudzu	288577
characteristically	288572
strayer	288562
babs	288517
treatable	288499
goldsmiths	288467
deve	288458
erupts	288455
swarms	288429
toroidal	288420
cartman	288405
geographers	288373
spinnaker	288353
incinerators	288334
megawatt	288294
superuser	288283
evolutions	288272
minimised	288261
escorting	288254
irregularly	288250
chives	288208
oratory	288206
harvesters	288168
altezza	288121
excitations	288109
sharpest	288076
palisade	288033
septal	288025
helge	288017
sprains	288007
corvettes	287999
slovene	287991
moccasin	287978
circumcised	287969
hander	287948
lemur	287912
growled	287897
auxiliaries	287880
aphrodisiac	287825
benefactors	287746
saxophonist	287729
resented	287717
repr	287707
terse	287692
masjid	287661
insistent	287642
peppered	287595
nebulae	287590
abstentions	287588
lidocaine	287582
monohydrate	287581
autoloader	287579
indomethacin	287563
utile	287546
digitizer	287542
frightful	287528
waxy	287502
trite	287494
fisted	287488
gentler	287476
vex	287473
cystitis	287471
proforma	287432
shard	287428
supercritical	287420
infects	287417
dilapidated	287413
loos	287375
mien	287370
avance	287369
coroa	287365
hanky	287363
squats	287331
libertarianism	287297
prolapse	287181
stubby	287176
evangelistic	287164
sixpence	287148
hoch	287132
energetics	287131
visto	287086
impaled	287083
forays	287082
charon	287067
coniferous	287064
tasco	287034
fath	287028
flanks	286991
sickly	286991
pavia	286964
bitwise	286950
inexplicably	286895
curbed	286884
retest	286883
efficacious	286875
philanthropist	286873
chloramphenicol	286871
thaddeus	286857
repairer	286823
diesels	286814
argentinean	286811
convinces	286771
banjos	286765
geodesy	286736
kiddy	286716
birchwood	286713
valuers	286701
innuendo	286651
pitfall	286614
attenuator	286613
rede	286605
polysaccharide	286586
symplectic	286578
superhighway	286539
disservice	286536
minder	286525
orator	286521
assessable	286478
pinata	286477
photocopied	286474
mopeds	286473
bumblebee	286466
abet	286436
biomechanical	286430
sence	286280
malachite	286276
steppe	286262
plowed	286245
sires	286232
featherweight	286224
intricately	286192
transgressions	286190
lingers	286185
digitize	286148
blockbusters	286125
kerb	286112
semiotics	286094
smothering	286049
tomorrows	286038
futuro	286006
drifters	285945
encampment	285939
lempira	285925
roque	285897
prophesy	285877
recast	285859
bursar	285837
misrepresentations	285814
dowel	285802
interdiction	285788
percents	285783
chaste	285769
bards	285757
bestial	285747
restock	285724
irradiance	285616
lineups	285616
culp	285587
oozing	285552
polarizing	285519
curd	285491
bookish	285480
subdue	285479
raking	285465
denouncing	285423
traumatized	285408
succesful	285398
ascertaining	285387
gillies	285377
alliant	285306
previewed	285279
stags	285274
mentation	285250
bowyer	285225
soldered	285179
pylon	285153
privateer	285131
oficina	285128
milly	285112
grommet	285109
neonates	285058
hellenistic	285025
vicarious	284993
ruckus	284978
rwy	284978
traverses	284973
seedy	284954
centimetres	284952
spass	284951
assertiveness	284944
barf	284937
raincoat	284937
personable	284921
implosion	284902
sturt	284766
wetness	284746
megalithic	284730
straddle	284708
bindery	284687
imbedded	284684
elysium	284629
quenched	284621
tantrum	284612
infile	284608
conifers	284601
juiced	284583
antithesis	284565
arthropods	284537
flexing	284489
tracers	284446
mazur	284430
nonnegative	284402
awakens	284351
amoeba	284346
wuthering	284342
sonoran	284327
accentuate	284301
bacharach	284255
neodymium	284245
squandered	284233
sortie	284213
alternators	284156
caret	284139
shipwrecks	284132
withal	284116
eyelashes	284053
colliers	284038
corequisite	284029
methoxy	284007
neoplasia	284000
barman	283994
tilden	283991
blindfold	283959
bromine	283945
rampart	283939
possessive	283912
immunoassay	283897
facades	283890
feldspar	283890
maharaja	283845
idealist	283841
glucocorticoid	283805
compensates	283801
constables	283786
mourns	283761
solidified	283757
cura	283751
conceit	283744
ferric	283744
needful	283742
piso	283713
campaigner	283710
locusts	283697
thatch	283678
bambini	283637
emboss	283630
strate	283603
meiosis	283587
diversifying	283574
coelho	283559
inadequacies	283558
weathers	283513
parra	283456
riverhead	283449
doty	283418
grunts	283400
thicket	283399
maranatha	283385
depraved	283374
continence	283341
puppetry	283289
hypothalamic	283283
treatises	283257
polygonal	283213
prying	283196
rascals	283177
stopover	283173
blip	283120
multivitamins	283105
voyageurs	283071
bast	283052
stocker	283048
nanking	283017
potholes	283017
rudely	283006
renditions	282979
vichy	282961
pubescent	282916
gastroesophageal	282908
icky	282901
weeps	282891
deplorable	282852
smacking	282851
reintroduced	282835
aggravate	282794
broadleaf	282771
quoth	282770
gretel	282751
iconography	282747
trypanosoma	282725
snowstorm	282696
lacuna	282635
lutein	282627
postgraduates	282626
solvable	282612
combe	282561
intensifies	282548
birdies	282545
queers	282516
neckties	282505
levelled	282471
incessantly	282466
sorption	282440
depressant	282410
toit	282387
apres	282360
radians	282336
barstools	282329
flaring	282319
cormorant	282299
pedigrees	282283
seafarers	282279
yanked	282274
natchitoches	282220
dempster	282147
switchgear	282128
stargazer	282087
cytogenetic	282075
testa	282061
minted	282017
lye	282007
gershon	281990
baseballs	281980
ditty	281979
kula	281957
homomorphism	281938
pestilence	281901
rapide	281866
skiff	281833
thoroughfare	281833
bude	281829
spreaders	281820
doss	281816
belligerent	281789
impeached	281777
fingerboard	281769
deaconess	281768
kojima	281743
gummy	281705
biodegradation	281704
glomerular	281662
hight	281662
eclipsed	281658
preschooler	281628
conspired	281613
auctioning	281572
cationic	281567
varia	281539
rebar	281535
catacombs	281527
paperweights	281514
agonizing	281500
bottomless	281472
sows	281460
attributing	281451
londoners	281445
mouthpieces	281402
encumbrances	281400
tilapia	281386
faut	281382
rha	281361
rogan	281333
interferometry	281280
lullabies	281227
slasher	281219
critiquing	281212
oxfords	281155
excruciating	281150
brough	281149
punctual	281145
audiotape	281135
retrospectively	281077
sandeep	281051
runaways	281042
boniface	281022
conjunctivitis	280989
witter	280978
grafted	280953
watercourse	280939
climatological	280922
propped	280904
prostheses	280888
telegrams	280880
privatize	280832
interphase	280807
staking	280806
conversing	280801
testable	280784
backtracking	280781
differentiable	280779
sisal	280742
acetylene	280724
calamities	280706
bedouin	280676
viennese	280632
fancies	280626
peeves	280612
accuser	280605
copolymers	280601
uca	280579
hepatology	280576
bystanders	280547
connotation	280510
minos	280507
bookable	280498
alienating	280452
animas	280380
ganymede	280346
yagi	280328
normalizing	280316
sultans	280284
enjoined	280278
harboring	280219
banknote	280174
finches	280095
basques	280083
animating	279998
mercurial	279942
bargained	279936
repugnant	279935
mullahs	279909
lowball	279893
repossessed	279892
citron	279885
clave	279866
metronidazole	279866
pageants	279850
grosses	279835
tacked	279815
broadens	279809
supplant	279784
oilseed	279776
stiffer	279758
pokes	279744
fusarium	279738
saxophones	279734
slates	279730
prue	279725
corroborated	279724
bestiary	279675
allelic	279622
magnetically	279617
arteriosclerosis	279615
permafrost	279611
hunky	279599
cranking	279588
multiplexed	279528
birdman	279521
infertile	279478
tipsy	279464
atria	279451
tabac	279442
layette	279438
factually	279414
sagas	279405
aminotransferase	279382
lide	279367
cress	279364
recognisable	279339
neuralgia	279252
timbre	279225
clasped	279205
scrotum	279205
pecking	279202
legislated	279201
womanhood	279199
skatepark	279196
conditionals	279158
crimean	279156
exorbitant	279133
grieved	279113
experimenter	279103
purveyors	279089
tallies	279069
serpents	279060
sniping	279032
enteral	279020
lanny	279015
cuda	278976
endocarditis	278974
chih	278966
tampered	278959
severally	278937
lumpkin	278875
ficus	278867
sawtooth	278856
bedstead	278727
matchbook	278659
bostonian	278651
whirlpools	278647
eutheria	278643
caressing	278627
reliefs	278614
bathtubs	278599
tassels	278582
lig	278581
culpa	278558
whiter	278534
dalmatians	278484
froth	278469
obliterated	278463
regalia	278447
hardbound	278446
peerage	278441
derma	278422
deceitful	278413
wats	278372
taboos	278343
storied	278342
disenfranchised	278332
verbena	278322
sht	278320
mandibular	278318
funder	278287
unprofitable	278268
doublet	278224
astonishingly	278220
cannibalism	278160
antiqued	278158
popularized	278138
typeset	278099
chitosan	278082
jako	278074
pretender	278071
mesoscale	278058
boning	278049
mosses	278049
butterscotch	278003
gunslinger	278002
marl	277956
subside	277927
moos	277925
syr	277868
falsification	277853
poltergeist	277848
modernizing	277846
conspiring	277836
officiants	277766
seabirds	277712
retaliate	277674
vinod	277627
deafening	277626
cohabitation	277614
cofactor	277550
frostbite	277548
sandhill	277495
beleaguered	277467
jarring	277463
wattle	277461
baptismal	277405
stoles	277383
switzer	277374
tuan	277360
magdalen	277313
regularization	277304
spillage	277289
brackish	277222
bessel	277202
tubby	277187
guar	277177
glioma	277163
oryx	277144
sedatives	277119
hyperthyroidism	277087
premenstrual	277076
hyphenated	277067
tinsel	277040
coburg	277027
scrutinize	277023
bandpass	277022
adverb	277019
mumbled	276990
commis	276983
mired	276967
yams	276959
breve	276955
isopropyl	276952
potentiometer	276938
mut	276922
prunus	276913
sweatshop	276906
prospectuses	276895
sebago	276888
worthiness	276863
lazily	276858
cattery	276849
jeepers	276825
foliar	276821
fae	276817
troposphere	276779
rinks	276753
revoking	276749
anesthesiologists	276735
jailhouse	276734
rucksacks	276710
gconv	276662
raver	276658
cuesta	276644
posturing	276642
cantata	276582
ates	276572
hakeem	276560
disarming	276550
ween	276549
concentrators	276529
castration	276496
thiamine	276493
kaj	276489
woefully	276489
negotiates	276485
tities	276471
promontory	276460
shanna	276429
aren	276375
juridical	276358
hillier	276352
shandy	276348
smote	276278
olympians	276276
diploid	276263
mountings	276241
pivoting	276205
toggles	276108
supertramp	276107
taunting	276082
etruscan	276080
outwards	276069
rend	276063
hezekiah	276057
axion	276049
depravity	276049
wealthier	276038
dialogic	275998
permease	275938
bolus	275931
calving	275924
yad	275903
disagreeable	275894
bloodline	275890
offside	275879
recertified	275832
intrauterine	275830
sprinkles	275820
shortcoming	275813
brainchild	275720
castes	275707
corrupting	275667
jee	275665
massif	275637
shrike	275618
balloting	275611
murat	275580
kine	275575
dixieland	275534
dairies	275533
unadjusted	275493
lionheart	275482
biogas	275411
ponytail	275407
capel	275357
overtures	275351
untrusted	275341
pharaohs	275339
fraudulently	275334
calendula	275326
mushy	275321
plunges	275294
gibberish	275266
servos	275265
arbitral	275264
intramuscular	275251
dozer	275217
dreadnought	275182
tammany	275143
aseptic	275138
boulevards	275112
redesignated	275080
redistributing	275077
darken	275055
neurologists	275055
defamer	275024
dowry	275011
supercomputers	275011
shapers	274981
chateaux	274965
gastritis	274941
hymenoptera	274903
millenia	274898
quam	274821
skirting	274810
diapering	274800
bnf	274775
gouging	274752
adieu	274747
gatherer	274740
slackers	274739
kindling	274738
serotype	274734
scorebook	274705
retransmit	274703
nondestructive	274701
chekhov	274690
affluence	274681
phospho	274664
acyclic	274652
passable	274618
shouldered	274598
milligram	274587
tumbleweed	274587
dispatchers	274575
maida	274571
craniofacial	274560
hilarity	274536
fot	274518
fulfils	274518
neisseria	274515
predominance	274504
snuck	274495
postcolonial	274478
mitten	274462
darjeeling	274461
recirculation	274459
campy	274413
conquerors	274404
mauritanian	274401
hau	274377
tamarind	274341
conceptualization	274333
thar	274331
admonition	274326
dalasi	274326
perchance	274273
tonkin	274234
rots	274227
awash	274221
heriot	274219
precocious	274205
rood	274179
marshalls	274156
byzantium	274102
barbs	274090
heterozygous	274086
spectrometers	274073
interscience	274038
repress	274024
domini	274008
loro	274002
outstation	274000
africana	273948
moiety	273909
clift	273901
landforms	273845
steeply	273833
debunking	273821
connectedness	273810
calibrator	273797
typographic	273793
darned	273769
pik	273744
ampere	273740
peeking	273702
locum	273698
underweight	273696
denser	273673
dud	273654
flamingos	273642
moorland	273593
lignin	273589
cattlemen	273588
bullfrog	273571
gushers	273550
pharmacologic	273529
coincidences	273516
divinely	273497
laurin	273473
goldenrod	273455
debits	273454
skimmed	273453
animalia	273451
lassie	273417
spewing	273406
mads	273404
hedonism	273401
congratulation	273390
erasers	273344
seminaries	273337
loreal	273331
pks	273328
hotchkiss	273312
bernese	273282
prepackaged	273245
pumice	273213
sawmills	273197
trotting	273193
resignations	273191
stator	273178
ambushed	273177
combing	273176
pianists	273169
dovecot	273166
inwood	273091
payor	273084
indium	273038
woodcraft	273011
travesty	273007
psychopharmacology	272997
uncoated	272988
bewildering	272966
polarisation	272949
hunchback	272939
aback	272920
pneumatics	272912
deepens	272902
blather	272886
griff	272880
enactments	272874
castaway	272848
scaly	272847
heaped	272836
correa	272821
esker	272809
minefield	272802
tibetans	272791
amniotic	272757
derogation	272745
fantastically	272612
oracles	272602
untied	272575
scariest	272560
quince	272529
profusion	272453
gonadotropin	272447
oka	272432
unordered	272418
redefines	272385
conjectures	272381
glint	272373
incitement	272358
bathrobe	272327
afterschool	272324
hansel	272304
figuratively	272298
daylily	272287
trickster	272237
sorceress	272188
cranked	272176
stoic	272080
resonates	272071
drugstores	272055
aggressiveness	272036
oscillatory	272010
footwork	272003
barger	272002
fatigued	271996
montane	271996
unconsciousness	271970
panos	271969
itd	271909
videocassette	271900
rada	271899
guacamole	271897
chub	271882
bens	271877
glutamic	271863
alums	271859
piecing	271859
delegating	271848
modoc	271847
quarto	271837
reactivation	271816
heartwood	271780
improvise	271728
vang	271715
incipient	271712
bootloader	271669
underdogs	271664
scintillation	271634
colonials	271594
avalanches	271592
helices	271563
cheval	271548
exclusionary	271544
crackling	271532
objector	271531
frankfurter	271500
brindle	271470
creeds	271460
thro	271435
outrun	271425
extenuating	271413
tropospheric	271402
blackberries	271394
amiss	271389
lemongrass	271388
cavernous	271317
bienvenue	271281
benders	271249
scoreless	271238
darlings	271233
alco	271231
reprieve	271196
seismology	271180
radiometer	271161
taurine	271159
hyperspace	271120
shanty	271114
survivorship	271076
pluralistic	271061
enforceability	271040
formalize	271036
voided	271023
rapping	271010
relaunch	271009
proffered	270990
protectionism	270984
blanking	270923
kish	270918
rowena	270891
phenobarbital	270886
chickenpox	270874
diehard	270874
photochemical	270854
carbo	270809
flagpole	270789
ahi	270786
livid	270785
distasteful	270773
jad	270762
distinctively	270750
geezer	270732
hares	270712
overturning	270669
swivels	270613
pokey	270609
orthotic	270575
attestation	270563
bravado	270559
overpowering	270556
ravings	270553
bestill	270540
crum	270518
childless	270512
lymphedema	270449
electrifying	270447
physiotherapists	270444
belgravia	270438
grecian	270406
lavishly	270400
proportioned	270400
mostra	270398
smite	270393
forthright	270375
alist	270374
sarin	270347
foretold	270307
dado	270289
engraver	270276
saddled	270257
emphasising	270219
chump	270215
tortures	270191
crusts	270189
tibial	270178
flaxseed	270148
trawler	270147
charac	270120
bifocal	270078
littlest	270070
cadastre	270061
schuh	270056
obscura	270022
vamos	270017
loge	270000
presupposes	269991
timekeeping	269977
trickery	269963
adherent	269908
linoleic	269842
populi	269775
astrologers	269760
aker	269734
loe	269724
unsold	269701
vindication	269677
opined	269671
scoot	269666
binning	269653
bootstrapping	269642
falter	269624
chatty	269620
rheology	269598
dostoevsky	269597
philistines	269597
encumbrance	269574
retainers	269573
forehand	269532
imperfection	269517
bolsters	269512
elasticities	269499
sura	269461
pataca	269457
sorrowful	269449
sachets	269432
celebratory	269357
timepiece	269305
mismatches	269289
loveable	269275
superconductor	269248
unchanging	269239
predominate	269212
phr	269180
crisscross	269178
urethral	269167
detonator	269120
ionospheric	269117
molested	269041
surv	269033
multimillion	269030
ingle	269023
titres	268999
goi	268998
scalpel	268971
faeries	268969
fascias	268910
hyena	268889
wedlock	268858
judaic	268831
daffy	268813
erstwhile	268813
styler	268807
internetwork	268787
soph	268776
obtuse	268754
caudal	268726
sextet	268708
sternly	268675
chanted	268671
blurs	268623
spiraling	268569
savour	268503
stabs	268482
blacklight	268466
chlorpheniramine	268463
modeller	268420
delimiters	268418
indecency	268381
lupine	268376
lingered	268360
nitroglycerin	268337
feasting	268332
decapitated	268325
gourde	268295
roadblock	268279
suffocation	268264
indemnified	268254
lollipops	268247
dewatering	268226
struction	268225
lusk	268218
telepathy	268205
microseconds	268200
softest	268187
sniffed	268185
lurks	268163
liquidate	268159
stallings	268157
shoplifting	268139
mayberry	268132
klick	268102
babbler	268093
tenses	268030
lawlessness	268026
tightens	267989
spooks	267985
rtw	267981
pyrene	267959
prefab	267946
beadwork	267940
recollect	267939
postmortem	267938
outnumber	267922
provocateur	267888
rewrote	267831
reconfigured	267807
unionized	267794
cann	267773
projectiles	267749
larch	267733
yeasts	267717
teched	267698
floridian	267696
interrogatories	267681
dess	267670
conant	267650
interrogations	267647
muttering	267633
seafloor	267598
slik	267573
whet	267569
prefrontal	267533
sics	267520
hitchhikers	267508
proliferating	267474
acceptances	267467
discussant	267461
situs	267454
impatiently	267450
pimlico	267422
gatekeepers	267421
buffing	267409
suspecting	267404
boles	267384
dessous	267349
recharged	267339
aline	267309
disjointed	267308
phar	267296
seizes	267285
rubberized	267249
inequity	267241
vacationers	267220
doer	267068
pandemonium	267057
cloisonne	267038
byway	266973
lege	266890
pleat	266830
reinvented	266818
sweepers	266788
aphasia	266763
ravished	266761
seep	266750
cohosh	266740
discerned	266724
maoists	266713
irreplaceable	266706
icicles	266703
waitresses	266703
fanaticism	266691
fescue	266663
spearman	266617
flamed	266596
godsend	266577
peds	266553
hsien	266552
doorman	266548
counterclockwise	266544
oxygenated	266543
rubbers	266537
swoosh	266535
treasurers	266508
eradicating	266507
rehearsed	266486
utero	266458
alix	266430
implausible	266421
outrageously	266361
bagdad	266344
fentanyl	266341
creamery	266335
petticoat	266308
radiographs	266290
inhabiting	266286
subsea	266274
unrestrained	266255
injures	266230
triennial	266229
pigtail	266208
appraising	266187
constriction	266187
enthralled	266184
reloads	266166
strays	266160
foetus	266141
asteraceae	266132
cgm	266123
punter	266101
bypasses	266084
atrazine	266060
dollies	266031
streetscape	266021
indicia	266009
embroiled	266004
headrests	265998
excised	265993
swash	265955
armistice	265954
udell	265951
ambrosio	265938
damped	265851
southerners	265798
aubusson	265796
fissures	265783
clinched	265745
astragalus	265742
inoperative	265732
riverine	265721
forlorn	265714
apologetic	265684
uhs	265675
absolution	265660
vancomycin	265647
fluidity	265627
inordinate	265584
tanga	265576
birdy	265549
clank	265523
whacked	265500
tite	265495
creasing	265493
individualistic	265465
cabochon	265455
marts	265406
leaner	265392
bracketed	265385
aliphatic	265302
monochromatic	265264
artemisia	265240
slimmer	265211
fermions	265174
evermore	265149
locos	265108
trattoria	265106
batons	265075
interworking	265074
engendered	265072
manchu	265050
ruble	265028
disconcerting	265024
appropriating	264999
viticulture	264993
motorcoach	264969
socials	264932
shinto	264912
attentions	264903
yohimbe	264895
abductions	264843
spangler	264798
oses	264724
diffusers	264720
inhaling	264704
parklands	264658
ellipsoid	264646
backrest	264644
calmer	264639
passers	264606
carnivores	264604
fluttering	264600
irishman	264589
callable	264584
chartreuse	264550
brier	264521
candleholder	264516
phoenician	264511
firstborn	264490
hundredth	264490
alterman	264485
circumvention	264478
coves	264469
betraying	264404
bareboat	264403
rall	264381
witham	264368
emulsions	264314
backwaters	264279
birdhouses	264278
chairing	264278
screech	264240
fetches	264162
damme	264150
tradable	264150
jami	264138
axillary	264136
maximally	264066
regionalism	264039
sweepstake	264036
clobber	264022
encapsulating	264006
noddy	263991
paltry	263983
anchorman	263975
misadventures	263887
carelessness	263884
threes	263880
broadside	263877
largemouth	263833
mids	263822
anticoagulant	263788
doers	263783
sods	263778
tremolo	263753
technicalities	263739
goulash	263733
craziness	263722
thais	263711
groaning	263705
trailblazers	263677
crematorium	263670
beckons	263641
rejoiced	263638
scrumptious	263626
vacuuming	263598
thrombocytopenia	263581
suspender	263546
filo	263538
palpitations	263483
blimp	263458
quickness	263455
jeunesse	263448
entertains	263380
loopy	263368
leal	263361
turban	263349
mota	263337
ritchey	263325
goonies	263289
ruffles	263270
serological	263259
infatuation	263237
rediscovering	263237
gaiters	263221
fug	263203
meisje	263170
zebras	263150
disappearances	263121
transp	263117
cleve	263089
chomp	263066
scoped	263031
antistatic	263017
plutarch	263007
curving	262992
frenetic	262990
allium	262962
misrepresent	262961
humpty	262958
postural	262945
conservationists	262934
tankard	262925
toasty	262852
setuid	262829
culminates	262790
leatherhead	262786
amorous	262783
notifiable	262779
shaders	262762
overflowed	262746
corrupts	262744
jesu	262731
extrapolate	262720
weaned	262699
armchairs	262681
incompatibilities	262651
pectin	262610
merengue	262542
vagueness	262539
grumble	262526
wronged	262517
fireflies	262490
consolidations	262422
undergarments	262422
hoisting	262405
gph	262364
falsified	262363
dialectical	262341
prospectively	262335
tennessean	262315
revocable	262294
enthalpy	262292
refered	262284
tankless	262279
javanese	262208
rosin	262173
musics	262158
cypriots	262139
impersonators	262129
hamline	262116
labours	262114
flatly	262105
harsher	262073
tipper	262072
inciting	262040
raga	262020
hydrocephalus	262011
malleable	262011
masturbates	262004
ecru	261997
skippers	261988
neri	261971
indecision	261965
candidiasis	261959
bathrobes	261958
unselfish	261911
pickin	261896
whetstone	261887
shem	261807
microcomputers	261805
wilts	261805
wellspring	261782
outlander	261754
macaw	261749
aryl	261723
alight	261720
epochs	261714
publically	261686
cheesecakes	261660
prio	261644
genial	261630
langues	261625
revolved	261605
snowed	261587
jager	261574
cachet	261569
steeplechase	261549
fortify	261545
verifications	261471
unsurprisingly	261465
cherubs	261460
armature	261411
hiro	261397
canzone	261390
murthy	261372
implicate	261371
opals	261351
salix	261339
gatefold	261330
nutritionally	261269
jacobian	261256
tolling	261245
fleury	261226
provisioned	261192
kooks	261188
syriac	261173
pumper	261170
dived	261166
weimaraner	261158
bucking	261147
baffles	261121
obverse	261117
infamy	261115
dapper	261108
belfry	261063
durables	261051
elysian	261048
baldy	261017
sapa	260992
troubleshooter	260972
andorran	260949
odious	260947
plier	260940
loner	260915
rehearsing	260908
latencies	260889
ellipsis	260868
wheres	260858
marquees	260855
sutures	260850
pragmatics	260836
brownstone	260826
fabricator	260808
comox	260786
delbert	260746
outperforms	260701
decompiler	260696
scania	260692
cycled	260689
outhouse	260657
cobbled	260646
haj	260642
columba	260614
romanesque	260610
genghis	260604
vanquish	260588
imparts	260515
dextrose	260510
aet	260506
joggers	260504
parapsychology	260500
quilter	260498
sobs	260489
launchpad	260482
laudable	260463
catabolism	260444
luminal	260430
institutionalization	260421
permeate	260407
thawing	260403
violoncello	260386
writs	260366
omnipresent	260361
gesundheit	260332
inconsequential	260331
strang	260329
deviants	260325
insensitivity	260325
hovered	260311
devouring	260302
samhain	260296
renunciation	260295
stunted	260292
returnees	260281
reformist	260235
munching	260202
fumbling	260190
jobe	260190
serviceability	260182
fireproof	260145
purl	260145
banal	260129
deployable	260118
sojourners	260117
rears	260073
portico	260070
iterators	260055
broads	260053
namaste	260051
transportable	260029
excites	260012
weasels	260008
placard	260002
uncooked	259988
lolly	259984
quartermaster	259976
wintergreen	259960
peculiarly	259951
placards	259909
deport	259896
lox	259880
transposed	259863
lemmas	259859
slammer	259858
gluck	259856
theosophy	259852
ganga	259850
karmic	259849
inking	259848
jitters	259789
nonfatal	259723
spong	259708
waistcoat	259695
vier	259680
testaments	259657
dobbins	259634
perusal	259627
delves	259619
childlike	259599
backus	259595
shamelessly	259591
aam	259590
guava	259541
endonuclease	259535
holomorphic	259534
bandicoot	259524
persimmon	259519
attributions	259508
bosons	259490
shh	259490
callan	259476
cloaked	259462
clade	259453
decrypted	259441
lichens	259436
brotherly	259429
suppositories	259429
czechs	259409
fresnel	259403
uninhabited	259402
recognitions	259400
decoupage	259383
subpackage	259372
demonstrably	259346
carters	259341
titling	259317
baillie	259310
sawn	259284
sunfish	259275
unbelief	259273
facies	259269
poinsettia	259235
intercooler	259231
airstrip	259227
planeta	259212
overtaking	259172
bellman	259168
euphonium	259158
urinalysis	259153
maintainability	259131
btl	259124
councilwoman	259088
holed	259059
transference	258998
pliable	258993
bacula	258935
mantua	258917
responsable	258910
inevitability	258905
sardines	258874
dictating	258850
chucks	258842
sidewall	258841
duckling	258793
decommissioned	258746
crystallized	258740
reprisal	258734
blighted	258690
lucite	258684
playability	258666
muds	258660
rafter	258635
warblers	258630
dissect	258612
tarragon	258602
rumbling	258595
gies	258590
hexane	258590
blazes	258573
perceptible	258573
leto	258498
hypnotist	258493
lehi	258466
escarpment	258462
olivine	258437
linearized	258433
encircled	258378
saxons	258340
transcending	258335
desegregation	258331
megahertz	258316
snout	258314
actos	258309
goodly	258309
philosophically	258298
directeur	258271
bigot	258267
protester	258246
gestapo	258231
calendaring	258228
bramble	258217
persisting	258214
dalles	258211
hollies	258197
freudian	258173
rimmer	258169
enacts	258158
yavapai	258149
abv	258135
goons	258119
bouillon	258101
scribbled	258079
amu	258070
titer	258055
canasta	258027
axiomatic	258021
celibacy	257992
beaucoup	257979
blackie	257962
comparators	257944
tooting	257942
scalars	257811
displeased	257790
cornerback	257775
decathlon	257749
anthill	257729
brigid	257707
balding	257706
lather	257706
quasars	257703
extractive	257700
bureaucrat	257674
generically	257667
unchallenged	257663
strayed	257639
quakes	257618
classicism	257617
shaykh	257601
commutation	257598
spiritualism	257576
paves	257565
gapped	257564
gish	257544
engender	257527
pastes	257512
gerbil	257476
quandary	257475
webwork	257469
plucker	257428
hiccups	257405
silvers	257398
fini	257377
jurists	257373
cloaks	257367
preformed	257340
sperling	257340
finial	257306
glazes	257306
streaked	257304
phthalate	257263
posses	257255
chieftains	257223
emphases	257108
xylophone	257064
hermitian	257025
hermeneutics	257022
garrick	256994
perches	256992
candler	256968
scrapes	256952
leatherette	256918
silhouetted	256904
polisher	256889
crouched	256886
gradation	256864
telecaster	256863
tole	256837
unanimity	256829
biogeography	256827
warthog	256795
vetting	256784
educationally	256749
goalies	256714
impeding	256703
burge	256662
joiners	256658
balms	256614
mantras	256596
exploitable	256594
remade	256566
erythema	256558
squamish	256557
grisly	256550
fornication	256543
figural	256530
sassafras	256493
surrealist	256475
contaminating	256459
hispano	256443
ornithine	256431
glorioso	256411
powhatan	256379
agronomic	256348
hgt	256337
fluorouracil	256335
lue	256326
piscina	256296
debarment	256289
jumpsuit	256253
tramps	256251
yemeni	256247
kleenex	256244
overpaid	256232
assis	256221
shigella	256215
winkle	256194
tracheal	256183
blossoming	256181
mesons	256174
wooly	256170
barbary	256097
kickback	256080
irate	256072
partisanship	256070
wean	255995
sitar	255993
pushy	255990
ventricles	255960
boldface	255907
brogan	255900
omelet	255897
supa	255889
heartworm	255884
sheaf	255879
quired	255877
folios	255805
juju	255786
peacemaking	255784
lazuli	255781
gora	255775
iban	255763
dictum	255760
nihilism	255759
srinivas	255754
ukrainians	255739
appliques	255732
caulking	255731
thorium	255728
refutation	255717
posthumous	255713
scrambler	255708
lorries	255705
inclinations	255690
ledges	255668
overestimate	255665
bathymetry	255645
enlisting	255600
roars	255578
catlin	255576
luciferase	255576
urinating	255567
swindle	255565
bilbo	255543
patuxent	255532
indoctrination	255479
disagreeing	255476
revolting	255451
candied	255439
middleweight	255401
macedon	255390
scaler	255390
bons	255349
dingy	255349
gabber	255325
frieze	255319
staircases	255294
compactor	255288
dink	255268
mackinaw	255258
undesired	255248
horas	255233
neurodegenerative	255233
multiplies	255223
reactivate	255209
poodles	255182
euphoric	255181
impressing	255173
yuppie	255173
twirling	255161
coastguard	255152
redeployment	255151
kenn	255104
lotte	255085
duals	255075
propagates	255066
deviates	255055
nene	255049
topsy	255037
contouring	255030
azide	254983
recalculated	254942
emplacement	254881
skyrocketing	254876
sergeants	254843
rands	254831
enquires	254829
maharishi	254824
baryon	254821
strokers	254813
overcoat	254795
confederations	254790
chippendale	254677
tyrannical	254662
infinitesimal	254660
stim	254646
lanas	254590
scharf	254567
unboxed	254559
fishbowl	254537
kpc	254537
harmonia	254500
spouting	254499
humbling	254478
wrox	254472
truer	254461
limes	254454
baru	254444
burglaries	254411
wrecker	254366
effluents	254360
katharina	254358
miniskirt	254335
martians	254311
outperformed	254303
unaccounted	254299
giraffes	254282
pressuring	254265
machin	254239
sullen	254239
prolonging	254238
battering	254196
kraut	254150
superficially	254146
carbone	254116
coef	254085
upstart	254079
refocus	254029
crouse	253994
capsicum	253961
reams	253943
beeper	253941
remakes	253930
infeasible	253896
imps	253895
thalidomide	253889
divulged	253879
wholesaling	253872
pupa	253862
shrunken	253862
quays	253791
subfield	253787
reprehensible	253774
cornerstones	253754
sequent	253753
retries	253752
donnas	253746
provokes	253727
suds	253711
dedicating	253707
gams	253684
rallye	253672
knitters	253643
staplers	253618
wailers	253608
confessing	253567
forbade	253563
incursions	253562
houseboats	253559
woofers	253552
referent	253518
pieced	253496
skal	253489
oocyte	253480
arching	253463
rie	253459
specular	253453
okra	253449
impersonate	253426
gloriously	253396
tedeschi	253386
adhesions	253382
gourds	253363
worsted	253351
nevermore	253320
vibratory	253314
endorsers	253308
sanguine	253296
acorns	253274
dominator	253273
slung	253265
rowers	253214
shockingly	253206
bren	253195
headbands	253189
tock	253188
sfm	253164
bapt	253156
vagrant	253141
beekeeping	253094
dataflow	253094
mangosteen	253061
empties	253020
bight	253016
proliferate	253012
steroidal	253005
encyclical	252985
dominos	252969
noh	252952
fells	252935
decibel	252929
josephs	252921
morgen	252920
backhand	252903
lors	252897
cepa	252889
activators	252886
dormer	252870
stasis	252846
pythons	252842
barrios	252837
underprivileged	252830
panics	252784
industrialists	252773
carabiner	252734
ahab	252712
competently	252710
miscellanea	252664
admixtures	252652
prolongation	252617
tucks	252616
arnica	252603
jacko	252600
embarks	252590
uprooted	252582
sublingual	252547
talons	252543
distorts	252485
dualism	252446
sinfonia	252423
grandmas	252420
cannibals	252399
intrigues	252399
oxytocin	252363
pounce	252361
genealogists	252358
subsidizing	252339
panier	252325
pipa	252296
ables	252284
oxbow	252273
mouthfuls	252272
instilled	252269
stalinist	252265
dually	252262
gest	252252
decibels	252249
calyx	252215
argentino	252202
valour	252201
mightily	252135
refurbishing	252132
fll	252119
suid	252117
pashto	252052
unwieldy	251985
perpetuated	251976
phill	251954
chancellors	251946
weenie	251931
exaggerating	251927
coram	251898
prepayments	251891
penalize	251851
smoldering	251845
engarde	251830
refinanced	251817
snub	251783
suz	251748
tweedy	251747
coarsely	251745
nicobar	251740
arrayed	251728
shallots	251712
raff	251662
withstanding	251646
stamper	251629
paneling	251625
dampening	251611
jockstraps	251602
thickens	251599
wouldn	251599
hissing	251593
pedometers	251569
crumpled	251553
jojoba	251541
takeuchi	251541
compressible	251521
tabulations	251521
azo	251512
prat	251507
outcrop	251502
haps	251491
dims	251470
intrude	251464
topmost	251464
batching	251456
libertas	251446
rosaries	251427
behest	251363
colada	251363
snatching	251300
silkscreen	251268
remarried	251261
scarpa	251180
agee	251173
charmer	251171
escapades	251132
uke	251126
lipped	251118
haphazard	251108
infirm	251101
pontiff	251099
derm	251089
covariates	251084
cornering	251079
quagga	251030
menage	251026
preaches	251010
motherland	251006
varios	250997
growling	250980
indescribable	250954
corrente	250952
arraignment	250945
cartooning	250888
materiality	250881
ungraded	250878
kentish	250875
scabies	250864
rolando	250845
napping	250819
inhomogeneous	250810
weeklies	250787
extrusions	250783
momenta	250751
toppling	250750
workweek	250723
sten	250722
oxygenation	250710
bouton	250698
excellently	250687
wingman	250649
pails	250638
burly	250632
akasa	250625
derecho	250625
formule	250596
hillsides	250588
cand	250532
gaspar	250509
contenu	250505
divest	250500
mange	250483
multiuser	250478
reintroduction	250472
butadiene	250451
dings	250449
unfairness	250443
unchained	250442
abated	250433
psyllium	250416
optoelectronic	250410
poplin	250399
jaap	250362
tiniest	250302
neurosis	250297
mowed	250292
permeates	250256
anaphylaxis	250253
overhauled	250253
caskets	250237
congenial	250210
supernovae	250198
lut	250191
fervently	250169
auroral	250165
urinate	250163
carboxyl	250089
lyceum	250078
sprained	250066
harlot	250065
ravages	250052
extractions	250016
dilutions	250005
superhuman	250004
entomological	249974
foobar	249956
quantized	249950
unlined	249928
gouda	249914
awardees	249889
conclave	249888
ingleside	249888
humanly	249857
abiotic	249854
zan	249796
causa	249786
unionism	249737
aventail	249727
initialisation	249726
magnificence	249695
evert	249660
sacramental	249619
peddler	249606
helio	249588
boycotts	249574
subacute	249554
crossroad	249541
solicits	249486
glared	249455
leeks	249429
adverbs	249422
ugliness	249418
shavings	249403
arthropoda	249390
sanctioning	249351
maharaj	249341
hawaiians	249335
modernising	249330
mikado	249316
petrology	249314
baseboard	249271
lusts	249268
fianna	249264
hiper	249242
helplessly	249200
quintessence	249198
gunned	249196
libellous	249180
throes	249165
hdlc	249147
malabar	249120
pyrotechnics	249098
crowbar	249090
homebound	249088
peddling	249086
paintbrush	249082
blots	249068
sov	249017
categorisation	249000
nettles	248995
sunray	248980
veen	248979
scud	248971
creda	248956
culminate	248953
correlating	248941
raked	248939
fumigation	248917
bim	248902
preconception	248902
justifiably	248885
cruised	248855
proposers	248851
stupidly	248850
lashing	248838
occipital	248834
theism	248823
bizet	248816
gaudy	248813
electrophoretic	248806
pagine	248720
tabling	248717
swoon	248694
hundredths	248663
buckskin	248642
brickyard	248633
gola	248632
floater	248608
cricketers	248573
freemasons	248571
muang	248567
fogo	248539
troika	248534
recluse	248513
selden	248449
outfitting	248440
displacing	248421
protozoa	248413
stoning	248405
neapolitan	248403
blacker	248383
wearables	248372
substructure	248350
aspires	248326
choate	248317
isotype	248316
handrails	248297
telegraphic	248295
revitalized	248291
remaking	248254
brainy	248252
sops	248241
dees	248228
tabloids	248224
crosscut	248212
mandible	248163
frescoes	248120
patted	248108
puritans	248107
gentlewoman	248086
subgraph	248084
cartouche	248078
frosh	248077
malnourished	248072
kebab	248067
knotting	248058
affirmatively	248045
staterooms	248035
sundials	248029
cloture	248020
piggyback	248018
gymnasts	247952
crimping	247925
varnishes	247916
vegetated	247904
calculi	247902
nouveaux	247854
victors	247819
journ	247790
colley	247776
revels	247758
sugary	247749
brownback	247745
sula	247736
skil	247733
droves	247699
wiseguy	247653
slur	247649
rew	247554
bookman	247512
trotters	247479
ferromagnetic	247474
phrased	247451
binaural	247431
puddles	247430
ephemeris	247417
refurbish	247402
latching	247390
penner	247383
nobleman	247368
assailant	247362
pkgs	247362
dystopia	247320
janos	247278
luxuriously	247270
ambit	247267
flatness	247253
pardons	247232
debauchery	247215
extravagance	247211
buttress	247209
entrada	247181
eutrophication	247169
authorising	247135
defuse	247134
whisker	247102
vesicular	247094
ghoul	247064
microeconomic	247061
rigors	247044
foregone	247015
iud	247006
tandoori	246988
alexandrite	246953
sequined	246925
overjoyed	246915
fastball	246909
rectifiers	246897
compactness	246889
monopolistic	246887
lish	246796
apologists	246789
unbundling	246784
fut	246762
clack	246726
salmo	246710
curiam	246668
refilled	246635
digester	246629
whiff	246582
burrowing	246564
strolled	246558
sororities	246547
instyle	246491
blokes	246481
latched	246471
spawns	246441
maile	246432
whitsunday	246404
uric	246402
psw	246395
cravers	246383
lethality	246378
onan	246355
encrusted	246331
rejections	246328
clashed	246307
holdall	246306
victorians	246297
harpoon	246248
reining	246243
rewrites	246195
sombre	246150
succinate	246116
machinations	246113
adminstration	246085
lunn	246068
hearse	246067
fluorescein	246021
rebroadcast	246018
paraphrasing	245950
supersize	245949
roamed	245948
caulk	245944
suf	245933
pharmacotherapy	245932
approbation	245899
scratchy	245885
monolayer	245867
wut	245861
calmness	245856
confound	245851
baseband	245845
schick	245822
tilts	245809
separatists	245797
airedale	245784
exempting	245776
finalization	245705
plummeted	245691
lengthwise	245683
fatter	245660
abstained	245629
uninhibited	245626
limba	245623
rejuvenating	245613
nablus	245597
emulates	245595
deflate	245571
pareja	245568
erma	245552
cannery	245544
mannose	245527
gaucho	245510
decompress	245395
chasse	245389
tantrums	245384
glassman	245374
ashkenazi	245344
folktales	245331
christen	245330
crepes	245312
logotype	245312
valeur	245233
borel	245222
senile	245190
cobwebs	245178
autoclave	245167
millisecond	245156
expediting	245154
pushchair	245138
underwrite	245130
tusk	245115
eschatology	245104
electrochemistry	245100
hellish	245094
afferent	245090
conquers	245078
iglesia	245034
dree	245013
obrien	244990
summarization	244988
preceptor	244983
humongous	244977
underclassman	244977
hominid	244937
preempted	244924
claro	244919
ugliest	244889
gastroenteritis	244888
propionate	244843
ungrateful	244802
highline	244800
renounced	244777
trumped	244775
clashing	244773
agglomeration	244759
decomposing	244756
sauter	244748
muenster	244696
sain	244686
cran	244657
sikhism	244650
postponing	244649
israelite	244648
graver	244634
horseshoes	244626
keratin	244622
flees	244621
normalised	244616
catalase	244569
disassembled	244540
blocs	244531
torrid	244508
unspoilt	244508
goldstone	244497
absalom	244493
leishmania	244475
friendlier	244473
preconceived	244471
snickers	244458
albin	244455
tilbury	244368
microgram	244341
hutches	244337
inferring	244329
ecologists	244328
evictions	244327
engrave	244313
dishonor	244303
hoarding	244286
bauxite	244266
roadless	244258
commercialize	244233
barrack	244214
underarm	244209
reconditioning	244205
compatriots	244195
hcf	244186
dorr	244166
stereotyped	244147
coquille	244141
gouache	244105
antacids	244093
conscription	244088
enlarger	244068
strainers	243987
twee	243974
manchurian	243958
tradesman	243949
lozenges	243936
pluses	243935
myopic	243928
sayer	243924
dizzying	243905
lysates	243901
embodying	243898
unscathed	243896
retrofitting	243890
moslems	243888
courageously	243882
unopposed	243875
snugly	243854
tarry	243850
fevers	243817
ancestries	243812
joule	243810
interrogate	243800
tuber	243798
eocene	243782
taillight	243769
muddled	243754
leonora	243712
codons	243680
smearing	243642
subjection	243633
modula	243618
evoking	243615
punctuality	243610
reactivated	243608
acrobatic	243590
hoarse	243572
detections	243556
misfortunes	243548
vexed	243525
complexed	243499
curries	243494
lectionary	243493
arad	243489
bureaucracies	243464
slinger	243461
columnar	243458
cliques	243428
delving	243417
vanquished	243395
mallets	243386
gainward	243384
limousin	243382
headlining	243354
barometers	243312
utilises	243311
inquisitor	243289
floored	243271
micra	243254
inheriting	243240
haggle	243239
planktonic	243228
plied	243191
midline	243185
beaters	243173
enablers	243164
crts	243159
twang	243118
hia	243086
raccoons	243076
uncorrelated	243072
implode	243071
ombre	243069
conceiving	243033
syrians	243026
indivisible	242998
phonic	242991
poetical	242981
stagger	242948
crusted	242937
gantry	242918
modulates	242913
heraldic	242909
elastomeric	242878
artichokes	242875
galactosidase	242872
belli	242871
maladies	242861
adjudged	242846
sontag	242833
fou	242815
mobilise	242799
ideologically	242798
courthouses	242724
princely	242711
kyl	242699
turrets	242628
callum	242609
centrex	242586
diatribe	242586
percentiles	242580
hydrodynamics	242566
bpt	242556
clep	242551
pression	242549
calms	242513
acharya	242503
misgivings	242492
businesswoman	242488
immediatly	242446
havel	242432
sufism	242420
slither	242416
presumes	242415
juggler	242411
obeys	242408
mockup	242390
worsens	242383
stifled	242375
mastitis	242345
formica	242315
monoamine	242309
referendums	242290
preposition	242281
locanda	242276
urinals	242267
cowlitz	242234
heer	242224
vestibule	242224
mournful	242205
samsara	242202
ameliorate	242201
scheming	242178
trigeminal	242112
trashing	242103
disarmed	242098
transects	242097
baseless	242093
loadable	242091
preamplifier	242082
ceil	242065
parliamentarian	242048
voile	242035
picturing	242018
dismemberment	242007
subregion	241983
rach	241971
suspenseful	241955
quartered	241951
teases	241939
disingenuous	241895
lioness	241895
appendages	241846
shoo	241831
cromer	241825
feverish	241820
stairwell	241810
pavillon	241795
lorelei	241787
neglects	241781
suckling	241780
scythe	241758
bulldozers	241703
kilim	241699
layed	241694
spongiform	241682
heaving	241658
ghazi	241650
homily	241648
pensive	241591
stereoscopic	241576
trawling	241563
paschal	241557
fum	241555
upshot	241551
showoff	241546
flatmate	241538
cockatoo	241528
radicalism	241519
potrero	241515
dib	241496
sifted	241445
tribulus	241418
chickadee	241415
rufous	241411
fuerte	241385
boisterous	241382
sate	241366
railroading	241336
lhd	241327
alleviated	241301
manicured	241295
outbuildings	241273
pacemakers	241259
decanters	241192
elevates	241186
panchayat	241155
airfields	241125
whorl	241096
florissant	241095
carib	241085
switchblade	241082
everly	241073
kyung	241054
cowling	241047
envisioning	241036
ferment	241036
bivariate	241020
busier	241006
reinvention	241004
bounties	240992
incursion	240930
phenom	240916
aurelia	240915
yar	240912
warmup	240894
nonfamily	240862
mordecai	240821
longboat	240815
thinned	240806
flapper	240798
juha	240795
aircrew	240757
seabird	240721
consternation	240705
preludes	240695
hoisted	240689
histopathology	240678
internalized	240674
trivially	240655
aeroplanes	240645
weirdest	240640
boilerplate	240559
gouge	240551
antigone	240514
chirp	240510
wastage	240502
gallstones	240498
maga	240491
headliners	240488
demagnetization	240449
dimmed	240448
intravenously	240436
mommies	240431
timorese	240419
yore	240405
modifiable	240374
bulges	240364
stargazing	240359
improvisational	240344
scurry	240322
growths	240318
gyrus	240316
ganja	240308
halve	240290
conversant	240268
poh	240262
ump	240262
torpedoes	240245
sovereigns	240193
coinciding	240188
ult	240166
breck	240154
schoolwork	240116
outbox	240113
acquirer	240095
malformation	240094
consignments	240077
lifelines	240061
populating	240039
unencumbered	240026
eliciting	239996
lockyer	239980
tamed	239956
oad	239909
toting	239884
categorizing	239877
fiends	239877
farmyard	239872
directorates	239870
condense	239867
garbled	239858
stroker	239826
tallow	239819
benefitted	239818
anions	239808
rower	239796
unforgiving	239796
hyaluronic	239775
subregional	239753
rocketry	239735
principia	239732
immobile	239728
zaman	239727
interchanges	239720
guardrail	239719
indisputable	239719
sanitized	239695
harborough	239672
tickers	239671
salicylate	239653
dimmers	239642
unkind	239629
caravelle	239615
misread	239614
magnetosphere	239575
prismatic	239569
affiche	239543
aunty	239524
epitaxial	239505
spoofs	239492
paucity	239491
musicale	239463
gils	239450
oba	239450
frieda	239436
snafu	239431
expediency	239418
frisian	239392
lieutenants	239361
blok	239339
avantgarde	239311
incubate	239288
philology	239256
prophesied	239243
waggoner	239145
triassic	239124
shaul	239120
albee	239116
deadbeat	239104
chatters	239099
agricole	239073
horsey	239073
backwoods	239025
pheasants	238965
thumper	238941
gearboxes	238933
prams	238922
rationalisation	238913
eerily	238910
obl	238902
repossession	238881
untouchables	238842
emittance	238840
slouch	238836
amulets	238826
xed	238810
thermostatic	238774
cargoes	238753
biopic	238720
eyebeam	238711
accentuated	238695
eddies	238694
decaffeinated	238680
monad	238651
joists	238629
disobey	238624
stabilizes	238608
chronos	238599
alumna	238563
siloam	238555
oke	238553
bandy	238539
watercourses	238519
deregulated	238513
doctorates	238493
chromed	238483
confections	238481
thacker	238474
amicable	238470
slop	238463
enclaves	238461
parakeet	238457
pressman	238453
prospered	238396
shits	238365
savoury	238344
climactic	238332
barbecued	238319
aboveground	238317
pandering	238292
pendle	238289
radiocarbon	238283
oneill	238259
colloquy	238244
rodham	238235
irises	238227
refiners	238220
amharic	238214
scrolled	238194
retorted	238181
fiftieth	238169
groupies	238164
joyfully	238163
shearwater	238157
cleaved	238140
wasco	238137
thermoelectric	238123
skittles	238105
eskimos	238101
kitbag	238098
collegial	238087
papillary	238043
snide	238032
contraindicated	238022
offensively	237991
specifiers	237922
plausibility	237915
committment	237903
blarney	237895
procurements	237881
attitudinal	237878
hatcheries	237871
nickle	237869
magnate	237838
pillage	237831
vengeful	237811
lunatics	237809
compensable	237807
morena	237802
teeter	237797
satis	237793
agnosticism	237776
gadfly	237774
retaliatory	237773
nol	237760
impracticable	237735
rly	237735
hospices	237732
subsumed	237732
ladner	237727
pelicans	237707
protozoan	237703
misdirected	237688
preflight	237681
spatio	237681
weer	237681
surrenders	237656
manchuria	237651
nims	237649
satisfiability	237647
scruffy	237621
playfully	237610
barony	237594
dusts	237576
vibrato	237564
leyden	237552
bozo	237549
stockman	237549
caddie	237531
ejector	237528
gruff	237505
photojournalist	237474
gilgamesh	237467
snatches	237466
buxom	237464
deciphering	237457
bankcard	237456
isomer	237448
botanist	237436
tampons	237419
sanitizer	237405
glycolic	237395
timidity	237371
constrains	237355
narcolepsy	237346
musty	237343
silences	237335
curable	237322
guineas	237306
amal	237293
ministering	237253
transits	237242
lithology	237233
strangle	237165
swerve	237144
proscribed	237128
pandit	237124
lector	237111
anatomically	237087
brisket	237076
sleepiness	237052
chattering	237020
propolis	237019
rescheduling	236996
synchronizer	236968
vuln	236958
dominions	236951
capris	236932
plateaus	236931
berthold	236923
spaniard	236922
ramping	236915
vegans	236914
orthodontist	236909
plummet	236907
deplete	236898
heirlooms	236870
tyrannosaurus	236865
honeydew	236842
transplanting	236778
casuals	236760
postulates	236720
onlookers	236687
terrapin	236623
phebe	236602
slattery	236594
easiness	236587
trepidation	236561
resene	236558
squatters	236557
paracetamol	236555
downbeat	236548
plantain	236536
bambino	236535
objectors	236524
couscous	236509
tubules	236495
stabilised	236454
frailty	236450
jetstream	236446
neutralized	236440
servidor	236440
tangier	236438
annealed	236419
reassign	236419
baka	236412
engler	236386
prewar	236361
meringue	236349
bateau	236318
crushers	236297
nebulizer	236273
overused	236271
ragweed	236266
lighthearted	236265
tweeters	236255
rhodesian	236231
vetiver	236203
mourners	236188
equiped	236175
reopens	236162
harv	236153
prabhu	236152
hure	236138
atis	236133
minimalism	236096
physiotherapist	236092
boxwood	236086
cassis	236084
lithographic	236075
unsalted	236072
stentor	236032
twos	236031
passageway	236009
seashells	236000
prover	235995
paddlers	235983
nanda	235971
recodified	235947
reestablish	235941
ironstone	235921
keynesian	235893
longline	235838
broking	235828
parsonage	235824
berm	235818
scavenging	235810
outputting	235785
sacral	235781
sulphide	235774
outcasts	235765
hake	235760
mortally	235756
oot	235743
oxidants	235732
carbonic	235703
unassuming	235650
harborside	235647
disillusionment	235643
locational	235615
bushveld	235596
knead	235592
premarital	235582
lamas	235575
wilful	235573
twisty	235565
thruster	235533
gaol	235518
phonemic	235516
erudite	235484
wester	235476
appreciably	235453
pentacle	235431
equalize	235411
prepositions	235375
bitchy	235362
petits	235342
tarn	235337
endeavoured	235327
electroplating	235326
enl	235314
multibyte	235270
grossing	235268
granulocyte	235266
attentively	235264
rebut	235254
misinterpretation	235171
interred	235137
indiscriminately	235102
hak	235085
grazie	235048
encumbered	235013
sprain	235008
harshest	234984
homebuilders	234970
quantifier	234967
favouring	234940
dishwashing	234936
platen	234931
pigtails	234928
poaceae	234924
laotian	234919
neutrals	234919
rother	234902
conspire	234865
commercialized	234839
bodyguards	234821
recompense	234818
technetium	234816
meatball	234815
oliphant	234797
vidual	234793
chisels	234786
aquarian	234784
bacteriological	234773
oriya	234760
centrifuges	234736
phoneme	234736
breathability	234723
colonnade	234702
unde	234683
eustace	234670
anhydride	234668
shree	234667
overburden	234664
indexation	234647
abides	234643
architecturally	234640
spillway	234630
spoofed	234581
yuh	234563
susi	234562
newsstands	234528
strove	234520
talkies	234514
alpen	234450
dissenters	234447
stutter	234439
ating	234390
imparting	234373
wels	234372
reticle	234314
copter	234306
wendi	234302
apologizing	234293
bonkers	234275
coups	234254
neotropical	234238
verdant	234186
commutes	234149
secrete	234136
libris	234120
segue	234120
hoteliers	234106
dotty	234104
twirl	234072
phot	234058
ingot	234052
pedagogic	234051
touristic	234007
barrera	233987
fags	233985
mimeo	233985
mately	233952
noo	233938
lounger	233936
beadle	233906
denizens	233905
revamping	233901
remarriage	233876
tenancies	233869
ginn	233847
cockney	233845
microcode	233845
bilingualism	233801
guppy	233792
penning	233784
aho	233777
gammons	233772
nodule	233764
abetting	233760
meshuggah	233722
paella	233696
signa	233687
coley	233644
modelers	233641
handoff	233624
leeches	233606
infiltrating	233584
confirmatory	233578
choco	233557
convoys	233546
ospreys	233528
cooperates	233500
codebook	233492
amplifying	233478
trf	233458
alimentation	233452
conjures	233433
shapely	233421
aspartic	233420
rooks	233375
tunnelling	233360
firecracker	233352
bodhisattva	233325
fairground	233321
carrefour	233302
nigerians	233294
gpd	233272
shuddered	233254
drafters	233244
telia	233234
mullah	233203
wheelie	233197
preemie	233192
spayed	233188
overactive	233119
homey	233113
ornamentation	233110
rearrangements	233108
lynching	233093
dictatorial	233059
uncomfortably	233058
rabbinic	233044
refiner	233029
benjamins	233013
amaranth	233010
tourer	232982
defenseless	232972
jokingly	232957
glean	232952
choreographers	232908
whitechapel	232897
woodturning	232869
icicle	232868
hooves	232862
gratified	232854
participle	232807
ulla	232804
bhat	232799
hotdog	232784
watchmen	232770
galleon	232762
eten	232663
ketones	232647
priors	232643
fribourg	232640
chafing	232631
rami	232629
qts	232576
bipartite	232564
aircrafts	232559
betrays	232516
sunroom	232510
leng	232498
greystone	232487
assyria	232479
inwards	232455
regroup	232435
corsican	232361
adat	232355
libertine	232342
pacifism	232334
immeasurable	232303
shou	232302
wanker	232298
fluoridation	232290
consolidators	232280
esthetic	232251
soiling	232240
testator	232232
distaste	232221
periscope	232179
mura	232168
offshoot	232164
resolutely	232128
friendliest	232119
uttering	232110
germane	232103
jacobus	232103
chimps	232080
construe	232064
hypertrophic	232060
awl	232039
mourned	232015
culpability	232014
segregate	231985
lpm	231979
despotism	231977
flotilla	231972
fragmentary	231965
anjou	231958
chippewas	231935
verticals	231934
merril	231895
luncheons	231885
omniscient	231879
gladness	231862
flowcharts	231855
frisky	231840
missa	231828
woodcut	231807
ballistics	231773
generalities	231735
battlegrounds	231719
workdays	231718
condolence	231717
bogle	231716
siddhartha	231689
mistreated	231685
invertible	231612
brightening	231605
inimitable	231597
ineffectual	231596
racoon	231557
impounded	231545
armorial	231535
poppa	231519
thickly	231504
selflessness	231501
blossomed	231500
cistern	231498
quadrants	231480
eponymous	231458
tableaux	231454
fibrin	231453
steadman	231442
teck	231439
latins	231438
phaeton	231430
restaurateurs	231428
irfan	231426
fecundity	231425
hijacker	231420
dinos	231419
relaxant	231372
purists	231351
tare	231343
caliph	231318
surrogates	231313
analysers	231311
dysentery	231304
soir	231295
grenier	231273
funnels	231261
pasty	231237
abbrev	231230
divestment	231207
debenture	231181
gaga	231181
cuffed	231174
prine	231151
tumult	231143
urological	231112
barstool	231110
lysozyme	231103
alphanumerical	231101
antihistamine	231096
curate	231095
phosphodiesterase	231067
donned	231065
unexcused	231052
vixens	231033
tarsus	231027
allegorical	231024
paver	231018
shoji	231018
monotony	230992
watchmaker	230987
reve	230980
pyridine	230979
entrainment	230963
patt	230922
allogeneic	230895
visioning	230855
legalizing	230847
steamroller	230844
wellhead	230841
lucile	230829
amazons	230809
liq	230806
miniscule	230804
unabated	230800
saft	230792
canines	230677
astr	230655
strobes	230652
lindo	230640
reminisce	230633
marksman	230600
rebuilds	230584
publicizing	230575
philosophic	230548
scudder	230543
loli	230538
fallopian	230512
mulching	230501
bhakti	230490
arrondissement	230484
downline	230482
skyrocket	230452
troubadour	230442
baraka	230386
truest	230371
abbr	230353
nonrefundable	230351
aldosterone	230345
hypnotized	230339
morgenstern	230334
voitures	230311
ghouls	230277
rudeness	230272
snitch	230239
thermals	230239
aborting	230222
felled	230183
tinned	230168
paho	230165
feis	230145
concoction	230138
flay	230123
eom	230112
patter	230084
agios	230082
campfires	230076
commie	230073
beanbag	230049
ovals	230020
heavyweights	229992
intercellular	229984
bootie	229983
chronicling	229981
motorcyclists	229980
arthritic	229908
streptococcal	229895
tortoises	229860
roxana	229842
bummed	229833
pli	229817
undiagnosed	229790
ashraf	229787
crone	229759
sidecar	229736
possessor	229722
cichlids	229712
libera	229706
wintry	229697
gode	229685
ising	229673
viewings	229624
bilayer	229616
admonished	229604
skeeter	229588
inbreeding	229585
wintertime	229550
sols	229540
wickedly	229538
eritrean	229521
fess	229502
tical	229501
ultrastructural	229497
anemic	229485
matts	229482
maxillary	229477
arachidonic	229356
laver	229347
shamed	229340
mannequins	229320
cartels	229319
eluded	229306
beheading	229264
peeks	229261
carbonates	229251
milter	229246
incriminating	229218
smallmouth	229178
manzanillo	229163
hots	229153
elongate	229144
landless	229105
squelch	229096
unsealed	229088
podiatric	229083
misinformed	229060
moonrise	229057
banzai	229034
duodenum	228996
tpd	228972
luba	228963
journeyed	228958
michiel	228946
creel	228934
appetit	228932
percussive	228920
seascapes	228889
sett	228888
delis	228848
compatibles	228847
magnificently	228840
unpunished	228819
albatros	228812
ophthalmologist	228797
stationers	228794
apostasy	228773
bereft	228746
lucretia	228731
hibernian	228712
shawano	228710
seaway	228683
capitalise	228671
vitriol	228670
akim	228626
vicarage	228619
vestry	228589
sensitized	228582
unsubsidized	228551
rumbles	228523
rhinelander	228510
oie	228491
laurentian	228485
hornblower	228482
compactors	228456
cornmeal	228445
suboptimal	228445
ascites	228440
febrile	228433
gleefully	228433
mercies	228429
paralleled	228418
casuarina	228410
entwined	228405
fosse	228402
mountaintop	228358
striatum	228358
ilex	228354
manilla	228344
sintering	228344
globin	228334
bilinear	228330
tagboard	228313
taille	228298
resplendent	228286
whee	228271
insecurities	228270
thrall	228235
barked	228211
airfoil	228184
cormac	228150
lignite	228144
osteopaths	228123
saj	228111
relaxants	228109
unum	228109
scorned	228104
cytherea	228098
stull	228078
psychedelia	228071
relapsed	228044
decongestant	228036
thicken	228030
unleashes	227989
ringside	227980
selene	227971
innovating	227937
artfully	227933
pilgrimages	227915
homemakers	227905
fides	227901
repayable	227899
indic	227893
blazed	227890
qrs	227877
edda	227871
cupped	227866
wheelbarrow	227841
maimed	227838
minimis	227818
lowa	227775
reorganizing	227746
dernier	227720
silviculture	227688
pater	227685
intergroup	227681
meno	227665
marinara	227664
furnitures	227654
mused	227635
polluters	227627
centipede	227620
petrel	227617
calliope	227613
boomtown	227599
milepost	227599
puffing	227598
systemwide	227583
mutagenic	227570
shays	227563
wielded	227562
formalin	227559
futurity	227530
buhl	227479
lavage	227460
castors	227453
lopsided	227451
flippers	227411
nonmembers	227398
quicksand	227342
sheathing	227338
enriches	227321
hymnal	227316
lawrie	227316
finials	227283
wpm	227281
uro	227273
masturbators	227271
chlorella	227266
trestle	227251
miao	227205
neophyte	227186
millionth	227166
rix	227162
transponders	227119
souffle	227083
rebus	227042
paraprofessional	227034
spiking	226980
axonal	226975
sentinels	226962
blepharoplasty	226958
vinyls	226954
rcpt	226951
travertine	226940
pardoned	226936
wormwood	226929
mulling	226925
windowing	226906
sighing	226896
repellant	226884
awed	226844
pergola	226838
shrank	226834
oilseeds	226831
elaborating	226826
wallach	226822
cupping	226814
slipcover	226809
conceals	226798
brainstem	226780
satanism	226753
garbo	226734
pineal	226734
awn	226727
luger	226711
glycerine	226682
myrick	226663
receivership	226656
nationalistic	226636
toyland	226614
earache	226560
billfold	226541
abolitionist	226532
foamy	226531
budgie	226512
aventure	226506
shagging	226486
upping	226476
unpainted	226469
knolls	226466
ringworm	226458
ionizer	226448
unwell	226447
isothermal	226441
unconscionable	226433
wedged	226428
kerman	226417
outgrown	226414
interlingua	226395
throwdown	226383
evading	226376
commemorated	226369
lurid	226354
annunciation	226340
honorees	226336
herm	226322
hansa	226295
rumoured	226291
undemocratic	226277
dispensary	226275
boondocks	226260
idee	226260
futurism	226259
lunt	226259
confucianism	226225
twit	226195
coalesce	226192
deltas	226183
pampa	226170
brougham	226155
antal	226145
maumee	226144
benet	226135
striper	226124
credentialed	226101
fruiting	226099
redfish	226069
gite	226057
windings	226049
strongholds	226036
cubism	226011
quechua	226004
burglars	225989
mulls	225977
molluscs	225972
inductively	225965
anatolian	225939
sarcoidosis	225919
grice	225915
pectoris	225901
shrimps	225900
stockbroker	225887
immunoreactivity	225835
stirrup	225827
viatical	225817
misappropriation	225779
attendances	225771
photogrammetry	225766
scrubbers	225747
flopped	225728
subtext	225686
looters	225649
whitewash	225617
squeezes	225612
subservient	225608
narc	225597
audiologists	225592
stuffer	225587
suivante	225575
lyrically	225555
stubbornly	225542
buckaroo	225541
adoptees	225529
norseman	225523
hoots	225519
koller	225516
spearfish	225511
benediction	225469
curlew	225465
pequot	225459
disobedient	225451
minnows	225442
seamstress	225433
giardia	225430
lilliput	225419
coffret	225410
relatedness	225392
immortals	225385
pinwheel	225356
transferability	225356
whiny	225341
euripides	225332
thaler	225332
uninitiated	225312
lalo	225293
bluffing	225289
ellipses	225289
ruck	225261
briskly	225219
hcb	225184
afflictions	225182
humoral	225164
drago	225112
huffy	225112
woodworker	225093
snazzy	225088
weariness	225078
covariant	225069
subplot	225009
ascendancy	225007
sephiroth	224988
kina	224955
prekindergarten	224954
ingrown	224942
bowker	224903
curtailment	224902
husker	224889
arthroplasty	224882
switchover	224870
bests	224868
affront	224833
memorization	224824
spectrophotometry	224819
baileys	224811
outturn	224805
matra	224804
spearmint	224797
tatoos	224778
telephoned	224771
treasuries	224732
energetically	224722
tinge	224709
vining	224679
fingal	224677
ripstop	224675
scuff	224673
airspeed	224672
moguls	224670
defection	224664
murmurs	224661
slog	224660
appeasement	224656
dispersing	224643
quips	224626
tractable	224596
randomizer	224584
electrophysiological	224576
gleaner	224576
arachne	224573
buri	224556
zink	224546
lapped	224543
erythropoietin	224496
necessitating	224495
normalcy	224489
bandanas	224447
syl	224437
backwash	224381
ridings	224352
petitioning	224349
enablement	224331
clawed	224327
contactor	224321
gyroscope	224299
chokers	224272
nona	224266
demeaning	224259
portrayals	224240
disorientation	224206
mna	224205
nabbed	224175
tanager	224141
telecomm	224127
winsome	224127
capsid	224126
mortgagor	224123
presuming	224120
englishmen	224097
banshees	224092
shor	224077
equaled	224054
waveguides	224029
gasses	224024
castelli	224007
wormhole	223995
flog	223990
peacemakers	223982
effectuate	223974
emerita	223933
longbow	223907
loran	223906
deferring	223889
quills	223866
topi	223864
beni	223860
sintered	223849
erases	223847
merv	223847
schreiner	223845
oud	223832
cruse	223824
scalper	223817
subduction	223807
hairline	223804
gatehouse	223803
practises	223793
pradeep	223765
evens	223759
tartans	223746
unattainable	223736
unremarkable	223724
lengthened	223709
rajeev	223708
proletarian	223686
dramatist	223679
grayish	223657
mineralogical	223640
haring	223617
uncharacterized	223609
hallucination	223597
logarithms	223594
werent	223593
workpiece	223566
arousing	223550
exhortation	223550
synthetics	223539
joubert	223523
ruffin	223523
avocados	223519
hypothesize	223514
taxicabs	223488
hippopotamus	223453
mongering	223434
ethane	223433
puffer	223429
wile	223391
homered	223347
forgeries	223326
iolite	223317
naim	223315
haemorrhage	223295
propagator	223270
recline	223240
maitre	223238
typefaces	223214
thermistor	223200
honeybee	223168
fluvial	223165
berryman	223151
remembrances	223151
saddleback	223138
muffs	223133
telos	223130
disturbs	223121
chums	223080
candela	223075
pedicures	223061
determinate	223054
waterline	223047
heeded	223046
liquidations	223045
telephoning	223027
sophocles	223023
shabbos	223021
jell	223013
whammy	222999
collard	222978
sachet	222944
lupe	222943
humiliate	222917
schoolyard	222916
drakes	222879
rouser	222833
vetted	222818
titers	222805
typists	222788
tomes	222783
luminaire	222771
ledgers	222770
chorionic	222751
accompaniments	222749
clairvoyant	222739
calcitonin	222733
footloose	222730
shriek	222723
posits	222720
faecal	222700
barrette	222670
nymphets	222661
oleander	222655
deicide	222648
yous	222646
bungle	222636
mesmerized	222624
probit	222594
kindergartens	222575
bentonite	222565
crozier	222560
ferocity	222548
soliton	222536
geir	222518
withering	222511
announcers	222503
underpins	222473
cordillera	222467
glengarry	222467
procreation	222467
reelected	222432
pokers	222421
globalized	222416
exasperated	222376
cropper	222371
groping	222356
brucellosis	222349
patricio	222343
exonerated	222317
pinnacles	222282
hyperglycemia	222270
cabanas	222229
miser	222219
rationales	222178
scaffolds	222169
clima	222162
tagger	222158
shoring	222118
reprisals	222110
culpable	222092
entryway	222052
wordplay	222046
tuy	222005
medians	221968
tarr	221946
enslavement	221943
mutate	221940
absolutes	221902
asunder	221892
destabilizing	221891
statist	221884
qualms	221869
treas	221867
cremated	221844
universalism	221844
fullback	221821
spokesmen	221805
counterintelligence	221798
slipcase	221782
nonsmoking	221762
collectives	221754
unharmed	221725
sheaves	221723
godmother	221687
impresses	221677
anatoly	221657
polemic	221653
wallabies	221646
lidia	221641
celebrant	221597
buttoned	221584
sprouted	221579
perfectionist	221548
percussionist	221546
orcinus	221513
sociocultural	221490
armoury	221465
lambskin	221464
marshalling	221456
backtrack	221446
duds	221438
distinctiveness	221435
colchicine	221408
longue	221402
omelette	221383
disintegrated	221372
forgetfulness	221367
glos	221323
capitalised	221268
phlox	221261
mesopotamian	221254
hubcaps	221220
stilts	221196
haptic	221185
samaritans	221165
knocker	221120
sequencers	221113
straddling	221102
underfoot	221099
roofed	221098
unhinged	221088
jinn	221073
nunc	221071
primeval	221070
interned	221048
operetta	221044
sakes	221028
horsemanship	221027
gur	221008
pensionable	221008
storeys	221008
aviators	221007
transcribers	221004
destinies	220994
jure	220984
sherbet	220980
normalisation	220944
safekeeping	220940
departement	220925
thyroxine	220924
instal	220910
vernier	220905
nutritive	220870
unconsolidated	220855
tlr	220851
berserker	220828
cahiers	220820
polyphony	220806
hurrying	220749
chehalis	220724
dissociative	220706
hotbed	220701
tepid	220695
inessential	220691
breaded	220686
overestimated	220662
gusher	220655
muscarinic	220649
sledgehammer	220622
opportune	220621
hyperthermia	220616
intuitions	220613
sinhalese	220608
blowouts	220599
dissuade	220587
gatherers	220572
slurs	220561
conformations	220554
hemmed	220531
revegetation	220514
malate	220491
diskless	220474
pomfret	220472
microelectronic	220435
personified	220396
nibbles	220385
cornice	220372
smock	220361
overpopulation	220358
pliocene	220348
coeff	220346
cardo	220331
musket	220316
bunton	220288
sired	220280
novation	220270
whisperer	220256
beautify	220247
sooty	220245
tannery	220245
buckled	220229
purveyor	220201
obfuscation	220178
ciphertext	220141
kindled	220137
needlecraft	220136
cubby	220112
provencal	220111
daedalus	220110
chemotaxis	220087
premised	220080
pentathlon	220073
thallium	220051
failsafe	220043
porky	220042
stairways	220042
barbiturates	220026
methodists	220022
henchmen	220000
cuddling	219984
attenuators	219983
lapp	219970
bourg	219928
spinoff	219921
naloxone	219913
pretence	219902
questioner	219899
fuelling	219873
repute	219852
inta	219844
nakedness	219842
scabbard	219841
faeces	219830
oos	219813
covet	219812
prospero	219801
debe	219786
generalisation	219771
rippling	219769
mony	219737
gabi	219725
dietician	219707
handrail	219704
signposts	219702
rationalism	219689
rimless	219688
wistful	219671
knickerbocker	219664
lifeblood	219647
autonomously	219640
admires	219638
moronic	219631
hissed	219599
overpowered	219570
acidification	219559
pervades	219556
mele	219554
multicasting	219549
tirade	219531
regurgitation	219525
alfresco	219524
laureates	219515
sellout	219473
psychoactive	219471
elucidation	219461
elohim	219444
relevent	219443
inpatients	219427
charlies	219426
kemal	219413
prongs	219408
fumbled	219406
confided	219369
soh	219358
umist	219355
raters	219350
escalators	219341
mumbling	219329
redbirds	219313
abstaining	219291
accademia	219277
lancers	219258
gyros	219254
infectivity	219254
upwelling	219243
confederates	219234
paladins	219231
medellin	219226
tib	219214
marsala	219183
spillover	219152
continuations	219142
stretchers	219122
contractile	219076
toenails	219070
terminators	219026
upsurge	219004
peewee	219000
inequitable	218981
minty	218953
reptilian	218941
devonian	218925
infinitum	218909
misnomer	218880
braiding	218858
justo	218839
faroese	218823
ointments	218798
knorr	218787
limericks	218778
organometallic	218773
conger	218768
tugging	218763
odorless	218762
fissile	218743
heckler	218743
opulence	218727
garuda	218709
xenium	218706
appomattox	218695
guardsmen	218669
organelles	218660
gastronomic	218654
dictatorships	218653
unease	218653
centigrade	218648
barret	218624
dismissals	218615
woodpeckers	218610
parkers	218591
coursing	218580
truong	218542
ornithological	218475
roemer	218458
patrician	218456
assistantship	218452
tourniquet	218452
loons	218446
windshields	218441
operandi	218437
whippet	218392
melodramatic	218390
moonlighting	218358
effet	218343
felis	218336
inexperience	218319
chicane	218312
palabras	218301
rime	218262
feedlot	218258
casement	218243
gamelan	218209
cuddy	218200
nonsteroidal	218190
foursomes	218186
jcl	218114
ccitt	218105
serially	218096
dispersive	218024
earplugs	217996
apprised	217995
prosecutorial	217951
cored	217931
thoughtless	217903
comparer	217902
goad	217883
rehabilitating	217862
cyrano	217853
munchies	217853
parle	217836
satori	217822
upturn	217814
misalignment	217793
muddle	217792
gau	217780
geer	217772
mauser	217761
personalisation	217749
racketeering	217724
generalizing	217661
sheared	217649
blasphemous	217636
statutorily	217623
unaided	217618
candidature	217594
bladed	217581
bailed	217579
curried	217574
clapped	217546
evolutionists	217543
progestin	217543
squishy	217490
maximizer	217398
blockages	217389
boggle	217376
fatherland	217375
evergreens	217345
exudes	217341
myasthenia	217341
minoan	217338
recede	217329
buzzards	217308
torsional	217293
orpington	217287
dears	217282
shamans	217266
swanky	217254
pantothenic	217251
marxists	217215
sterol	217208
smocked	217203
masterfully	217166
penumbra	217155
backyards	217153
spry	217147
faulted	217142
mastic	217140
spermatozoa	217135
maggots	217122
bongos	217120
antitumor	217101
calor	217100
dain	217079
hominem	217075
genitourinary	217072
tints	217070
waver	217064
handkerchiefs	217052
caning	217036
pathnames	217017
snagged	217005
punishes	217003
incisions	217000
trifecta	217000
proach	216983
carboxylase	216977
xenos	216975
decennial	216967
docent	216956
disciplining	216948
herbalist	216944
sharky	216935
acquiescence	216902
subrogation	216902
disaffected	216881
anticoagulants	216855
peroxidation	216852
mitochondrion	216838
forename	216835
conic	216832
charlatans	216831
bares	216791
manors	216789
chronicled	216774
lapidary	216756
laure	216746
strum	216746
inundation	216738
resistances	216734
caraway	216706
curatorial	216673
earshot	216665
omens	216634
physiologically	216602
sublicense	216601
sailer	216587
rheum	216585
vanes	216576
batsmen	216530
appaloosa	216523
multiverse	216498
turbos	216479
smoot	216470
brule	216438
eights	216431
effervescent	216424
sappy	216405
transfiguration	216369
givin	216353
skimmers	216332
ferritin	216330
bluestone	216325
punctured	216312
coughed	216304
investigatory	216303
reductive	216278
leftmost	216256
reassembly	216256
repaying	216249
filial	216234
pavlov	216216
heliport	216201
dail	216176
carillon	216170
hydrants	216165
streaking	216160
mocks	216156
niggers	216128
thiamin	216106
pronouncement	216098
refrained	216096
tugboat	216091
borage	216034
slewing	216029
deanery	216020
kibbutz	216011
equalized	215999
shallower	215998
cortisone	215994
patriarchs	215961
polycyclic	215947
subspaces	215939
regnum	215912
midrash	215882
natty	215845
contemp	215843
contralateral	215816
respectability	215811
commode	215790
posers	215764
radiometric	215738
sneaks	215712
overeating	215706
overbearing	215700
aspidistra	215690
lir	215674
townspeople	215672
adoring	215653
trodden	215645
atherosclerotic	215642
cowgirls	215627
administrated	215613
huskers	215598
decoupled	215596
referenda	215589
ventilators	215574
stockpiling	215573
debited	215564
diktat	215558
reaped	215554
bequeathed	215536
pinko	215529
grumbling	215523
elude	215496
flatulence	215496
popsicle	215477
decently	215474
airstream	215471
metaphorically	215453
tripe	215448
cicada	215440
saguaro	215436
deis	215434
chlorides	215430
glitters	215372
ahmet	215359
austerity	215350
spondylitis	215326
gault	215308
didgeridoo	215304
enjoin	215226
boyish	215198
dys	215189
coot	215187
haloperidol	215182
becks	215169
egotistical	215142
neared	215133
cobras	215114
claes	215104
reaming	215103
euphemism	215098
saran	215052
synchronizes	215051
diverging	215048
bantu	215030
bromo	215016
biphenyls	215015
megaphone	214989
uninvited	214986
cantaloupe	214978
neuroendocrine	214964
carburetors	214947
sumerian	214946
carvers	214941
comatose	214921
liven	214914
trappers	214912
aniline	214896
prednisolone	214892
hydrograph	214870
androgens	214852
inclusiveness	214829
noticable	214813
stabilise	214808
decodes	214797
misprints	214789
spilt	214786
forgetful	214785
conceding	214782
brightened	214764
dunks	214757
inconveniences	214751
tricyclic	214743
grater	214742
maun	214741
hydrogeology	214739
peyote	214736
oestrogen	214735
gyration	214733
alderney	214722
caesarean	214722
furosemide	214696
sdlc	214684
anorexic	214673
sindhi	214673
bushfire	214670
pathfinders	214627
rigour	214573
reshuffle	214549
trombones	214545
oxalate	214507
polonia	214504
evinced	214503
jabs	214494
aristo	214493
photogenic	214452
nonferrous	214449
riemannian	214406
uneasiness	214392
afresh	214382
confusingly	214382
sok	214330
freesia	214310
dockside	214309
taal	214293
condensers	214288
muskie	214282
rosser	214268
bunks	214252
manzanita	214252
ducked	214236
thalamus	214233
situate	214206
stra	214196
steppers	214193
vaccinia	214188
feria	214175
escapade	214143
loomed	214107
egbert	214086
spaceships	214084
throttling	214077
hungarians	214061
madrigal	214055
oink	214048
clamor	214037
devises	214035
biomedicine	214020
mfd	214019
speedster	213969
hond	213958
ditched	213957
homicidal	213955
mesenteric	213947
evapotranspiration	213941
signpost	213936
dyne	213934
saturate	213934
trenching	213926
unsecure	213920
pews	213867
reducers	213862
workhouse	213859
sensitively	213841
euskara	213839
reseda	213837
orchestre	213792
peeve	213790
deterring	213745
ume	213735
polyhedron	213733
conestoga	213714
discharger	213698
gutsy	213692
trillions	213656
unorganized	213589
discriminates	213587
ulu	213538
whalers	213530
predeceased	213495
wrester	213473
smuggle	213470
laboring	213455
anadromous	213444
nooks	213440
centralize	213418
accrues	213417
wud	213395
autocratic	213394
gallet	213366
teenaged	213345
hiccup	213341
selah	213338
titania	213319
tabriz	213316
pulsatile	213306
flavin	213302
interfaced	213291
overheat	213265
plasmon	213231
pascual	213228
optometric	213177
nickles	213173
shyly	213165
simulcast	213159
counterclaim	213148
pardo	213131
stewed	213127
hydrates	213124
fingernail	213104
ultrafast	213034
scone	213031
disguises	212993
angstroms	212986
stowed	212982
unmanageable	212981
pidgin	212948
denunciation	212943
squeal	212939
brae	212919
ducking	212902
throb	212889
scorch	212879
goodbyes	212840
mbd	212840
perusing	212836
ull	212828
arion	212819
duels	212809
pph	212808
villainous	212802
reexamination	212772
mesozoic	212766
sanitizing	212760
masc	212748
cellist	212738
pythagorean	212726
anarcho	212715
elderberry	212711
kil	212688
anglicans	212681
terrazzo	212674
traineeship	212670
steadfastly	212668
bookbinding	212654
interferences	212654
arche	212646
rusting	212635
slicker	212619
abstention	212609
bandwidths	212602
conservationist	212602
bolling	212598
gns	212594
reconvened	212563
radiates	212560
disjunction	212558
lifesaver	212555
genealogies	212548
hemmer	212536
ruthlessly	212534
internalization	212526
lovelock	212479
falsify	212477
ratifying	212463
kalam	212453
swagger	212443
flicked	212430
voltmeter	212417
windjammer	212417
emigrate	212408
alleluia	212391
arbour	212376
ksi	212357
syntactically	212320
accomplices	212317
marihuana	212312
hadrons	212303
backtrace	212302
hellcat	212298
shims	212293
glasser	212287
cheetahs	212255
goldin	212204
marketability	212186
deadlocked	212185
nonproprietary	212178
subtopics	212170
monocyte	212149
mandrel	212147
solidification	212107
valine	212102
rednecks	212093
biogeochemical	212079
actinic	212056
recompiled	212034
promethazine	212021
manipulators	211959
tellin	211953
toothless	211930
rabbinical	211890
offload	211879
frankincense	211877
creosote	211875
cloakroom	211868
commendations	211867
comprehended	211852
textural	211849
ponchos	211828
detours	211823
darkhaired	211799
peps	211789
bravest	211775
mumbo	211758
crevice	211751
miler	211732
waitlist	211732
gunpoint	211695
dimers	211676
biogenic	211650
skeins	211623
grownups	211610
telltale	211606
evict	211591
semple	211581
typewritten	211568
progenitors	211564
wolfman	211543
crips	211540
hummus	211521
foxtail	211519
azteca	211510
forges	211503
jots	211479
abonnement	211461
beachwear	211454
loosed	211447
madcap	211443
colonisation	211421
neigh	211412
casimir	211397
hypoxic	211395
persecute	211372
roxie	211370
couturier	211334
vishal	211327
impersonator	211296
negara	211287
dedicates	211274
unworkable	211272
crabby	211263
voracious	211249
foret	211226
cliffhanger	211187
burlap	211178
phagocytosis	211163
miscarriages	211155
rescuer	211155
massacred	211142
bookplate	211100
asynchronously	211086
propyl	211081
sequelae	211076
aqualung	211073
excrement	211069
skinhead	211069
amyotrophic	211063
signification	211056
quarrels	211045
remoteness	211042
togetherness	211032
dollhouses	211017
sanctus	211017
hematoma	210994
dition	210973
botticelli	210959
dominus	210959
luteinizing	210942
dihedral	210919
evidencing	210915
equips	210912
balmy	210906
hele	210904
splinters	210897
podiatrist	210894
gymnasiums	210890
internationalized	210888
resonators	210880
epithet	210839
senescence	210836
blonds	210818
paraprofessionals	210816
unimpressed	210810
ravenous	210785
contravene	210784
mandolins	210768
weve	210765
subpopulations	210758
overplay	210757
elution	210742
wreckers	210738
camphor	210728
mongols	210728
savagery	210725
navigated	210709
protectionist	210683
pretensions	210669
thunders	210665
munger	210660
pathan	210621
councilors	210611
ruddock	210604
diogenes	210595
koto	210589
remodelling	210584
harr	210578
bibby	210575
kiri	210566
ursa	210562
pern	210561
dozier	210542
comings	210531
danke	210504
pombo	210504
windproof	210478
timekeeper	210441
godspeed	210440
enforcers	210419
crinkle	210413
inversions	210412
causey	210409
farthing	210406
edibles	210404
crevices	210397
wringing	210392
superpowers	210380
kamala	210377
naturism	210357
understory	210342
collegian	210328
tearful	210307
evangelization	210305
betwixt	210303
florent	210302
molesting	210302
unmistakably	210300
postsynaptic	210292
purpura	210281
subpoenaed	210257
actuals	210245
interleaving	210245
psychotherapists	210236
ruminant	210225
heterologous	210215
massed	210210
toots	210204
dyspnea	210184
salicylic	210169
plucking	210167
iof	210142
zesty	210124
rickshaw	210114
formalization	210107
interpolate	210104
shires	210101
mantels	210098
slavonic	210079
stomper	210057
naphthalene	210051
notepads	210045
silencers	210036
reprimanded	210033
rebelled	210028
thunderous	210024
fabulously	210009
overblown	209986
vasopressin	209976
encloses	209965
sorties	209959
bridgeman	209956
claymore	209946
cantatas	209945
hyphenation	209930
revives	209924
blacksmithing	209916
suitors	209916
toleration	209916
forking	209903
wiggly	209887
plop	209870
genocidal	209869
minutiae	209867
dissipative	209862
calcification	209860
caseworker	209857
deviated	209854
intravascular	209845
cybernetic	209843
exerciser	209838
burman	209824
sleight	209824
spectrograph	209814
velveteen	209792
dagmar	209734
solitons	209715
murry	209712
fortin	209707
nonpayment	209702
tricot	209698
shutoff	209687
tph	209669
headlined	209656
balt	209649
skirted	209602
coachman	209594
kirkman	209594
bigots	209590
meccano	209581
daybook	209576
snowballs	209574
elucidated	209571
reappeared	209564
comprehending	209553
reckons	209552
inexhaustible	209547
manipulates	209539
puzzler	209514
canny	209480
fainted	209474
pianoforte	209426
concho	209371
rifts	209369
rosalyn	209368
fleshed	209343
urbanisation	209326
haywards	209324
winking	209323
mastodon	209320
clarinets	209315
telephonic	209299
wallaby	209288
racecourses	209276
exemplars	209273
straights	209270
thimerosal	209258
firmament	209248
vroom	209222
ribonuclease	209189
taiga	209181
cerulean	209177
hovers	209168
bilberry	209150
byelorussian	209122
grossed	209087
interrelationship	209079
cottons	209058
thoroughness	209053
nig	209045
articulates	209041
confessor	209040
gooseberry	209025
baguio	209020
aimlessly	208998
ligature	208990
endometrium	208987
sagittal	208985
pronouncing	208952
mulled	208941
dazzled	208930
inborn	208927
ripa	208887
consuls	208886
weeklong	208868
faulting	208859
eure	208854
doria	208839
thrusters	208837
bellwood	208830
newness	208815
ascetic	208813
bearable	208795
attesting	208794
uninspired	208789
blackfriars	208784
khalifa	208782
polarised	208778
russet	208769
pesach	208759
rumen	208759
specie	208752
defi	208739
arx	208734
reminiscing	208728
eligibles	208713
gilder	208663
hothouse	208654
krill	208654
milkweed	208648
incas	208640
patella	208631
skein	208604
tans	208599
reflow	208595
morphs	208579
slicers	208578
nonhuman	208557
eyewitnesses	208549
spanky	208534
mettle	208525
bodysuit	208515
moldy	208515
quantifiers	208513
relegation	208512
endeavored	208508
bulger	208505
placket	208483
inflorescence	208477
matin	208467
chipmunks	208462
halogenated	208434
demonstrative	208420
dione	208399
arthropod	208390
formate	208387
insets	208386
seis	208364
lysate	208305
bigoted	208294
rhd	208293
formers	208284
discordant	208281
lilacs	208266
uprights	208250
levying	208243
forearms	208229
misdiagnosis	208184
proteolysis	208152
copywriters	208146
mortician	208140
quickies	208133
oriel	208095
nines	208082
columbo	208078
ballparks	208069
nonempty	208061
buoyed	208050
slurping	208036
haida	208027
resorption	208017
malady	208016
baw	207959
inhibitions	207952
orpheum	207948
antimatter	207940
elissa	207883
electromagnetism	207878
brahmin	207872
grandsons	207864
taverna	207857
tempers	207853
prevost	207852
quinine	207834
pedophilia	207816
thirtieth	207805
illegality	207799
paraphrased	207795
olefin	207789
ascorbate	207773
calista	207726
parkas	207726
beanstalk	207707
grog	207689
radially	207644
signposted	207641
stigmata	207617
fester	207608
bushland	207584
pathologies	207576
permeated	207556
cadastral	207526
immunosuppression	207520
retards	207517
mandan	207505
convexity	207483
resentful	207476
headlands	207464
mell	207457
complementation	207453
saintly	207451
envisages	207445
auditioning	207427
picnicking	207414
essie	207368
aught	207367
adjuncts	207352
coronavirus	207351
entomol	207349
shorebirds	207348
jeweller	207341
cryptology	207333
scribbles	207323
individ	207319
gangland	207308
nonfat	207259
narco	207216
grubby	207166
danziger	207154
wooing	207146
conjunctions	207131
bluebell	207130
diethyl	207115
embellish	207110
nicolette	207107
hippos	207102
telepathic	207048
disinfect	207027
moonlit	207004
intercepting	207000
necro	206994
melange	206979
croissant	206949
denounces	206949
hoopla	206946
gules	206933
costumed	206929
trilateral	206928
watermarked	206925
vacuolar	206896
quarterfinal	206895
obstetrical	206889
perfecto	206888
operability	206881
prequalify	206864
dedications	206836
recurrences	206789
ulceration	206786
aftertaste	206774
dampened	206769
stalkers	206768
populus	206765
corks	206732
lithia	206715
obscuring	206709
methacrylate	206693
demoted	206682
nullify	206637
plows	206634
refines	206574
infarct	206563
tricking	206514
liquidating	206505
compacting	206503
corroborate	206499
horry	206484
acce	206467
aborts	206439
shuffles	206439
waker	206432
envied	206413
dirtiest	206405
chins	206390
kidnappings	206388
psychosomatic	206388
coring	206369
frictional	206348
avena	206340
runt	206329
benadryl	206324
rezone	206321
connex	206317
nursed	206293
squirm	206247
philately	206230
repairable	206226
prefectural	206225
loathsome	206216
disequilibrium	206177
springbok	206102
tiberian	206100
chita	206091
althea	206081
revolutionizing	206054
lote	206030
harmonizing	206012
twisters	206012
rance	206006
tula	205991
icebergs	205990
sacking	205985
skinless	205975
sauerkraut	205974
costuming	205971
clapper	205968
driest	205963
settee	205963
oncorhynchus	205929
juv	205924
substations	205920
beautician	205915
syntheses	205908
underpaid	205903
stealthy	205901
gentamicin	205890
upswing	205874
flaunt	205865
interrogators	205861
doubleheader	205848
mistaking	205841
hooligan	205840
packagers	205822
saxe	205816
dasher	205780
gunnery	205774
dyspepsia	205767
perms	205764
digestible	205755
reaver	205753
akan	205742
augments	205731
tryst	205722
unsweetened	205719
daydreams	205708
cede	205707
tash	205704
fluorite	205698
pyrolysis	205691
convenes	205677
sonography	205671
annihilate	205665
callus	205657
eqpt	205653
apologist	205637
gynecologist	205628
tartrate	205607
candidly	205594
honorably	205588
caliban	205583
shifty	205583
attentional	205558
orphanages	205540
fossa	205501
deceptions	205477
snorted	205453
upwind	205437
shivered	205427
teem	205420
overexposure	205403
replenished	205403
nymphos	205391
neutropenia	205384
massless	205382
assailants	205374
fitment	205367
degeneracy	205361
hostelling	205358
neanderthal	205354
lemming	205345
appends	205325
neurotoxicity	205317
consummated	205283
lipopolysaccharide	205280
morphisms	205221
cotes	205184
geostationary	205182
fertilisation	205177
insurable	205156
obstinate	205140
multiparty	205139
earthwork	205124
artesian	205119
jeopardized	205117
cassegrain	205095
pipelined	205085
retinoblastoma	205085
serology	205077
alphabetized	205070
disoriented	205070
buttock	205064
ergodic	205038
superseding	205036
retrace	205030
glasshouse	205012
revolvers	205004
broadcasted	204991
lurch	204983
sevastopol	204972
gregarious	204958
medallist	204958
inductees	204955
torrential	204954
superset	204945
bonk	204916
nightgown	204892
splurge	204888
bombard	204887
magpies	204885
stalingrad	204877
missus	204858
mystified	204856
matta	204847
hashed	204846
drooping	204835
quash	204823
adjudicate	204822
diable	204821
inconsiderate	204816
highchairs	204810
mousetrap	204797
hokey	204777
endocytosis	204773
swirled	204767
darted	204760
vag	204756
warlike	204756
participative	204737
preprinted	204734
colons	204720
duos	204711
wheatgrass	204703
supplication	204702
fretted	204701
begonia	204693
screamer	204679
declarant	204668
ruta	204630
rifampin	204617
gauged	204607
posthumously	204605
dieters	204593
suet	204581
overhanging	204576
tonto	204560
impropriety	204537
maligned	204502
repackaged	204476
schoharie	204435
roaches	204408
nought	204395
barbarous	204373
expressiveness	204369
taha	204322
sinker	204304
unpredictability	204260
lich	204208
dux	204200
eggnog	204199
pulsars	204152
zant	204150
cording	204138
scepter	204111
aphrodisiacs	204106
writhing	204090
scrapie	204079
malamute	204075
renate	204074
enticed	204071
luciana	204069
gluconate	204056
backhaul	204048
schmuck	204019
mufti	204002
ironclad	203983
gasps	203961
exclaim	203941
poliovirus	203941
rehash	203931
littering	203929
petaling	203923
galli	203918
enlace	203869
confucian	203866
vestiges	203863
rustling	203837
goel	203820
septa	203819
brainwave	203809
clavier	203805
purist	203788
recaptured	203780
freestone	203779
formulaic	203777
earthworm	203729
phonemes	203727
marauders	203725
delisting	203700
spars	203700
dished	203697
frise	203691
corned	203685
lifeguards	203653
antiserum	203641
howls	203629
seismicity	203624
answerable	203618
spink	203615
inky	203613
triplicate	203607
ock	203601
pectoral	203585
sneer	203583
stickiness	203580
cataclysmic	203547
curia	203518
hustlers	203512
leos	203507
allay	203474
derision	203463
unlogged	203452
parachuting	203448
dutifully	203446
resampling	203432
vitamine	203428
honoree	203394
octavo	203379
orangutan	203375
pisgah	203372
maddening	203363
nontoxic	203362
falconry	203352
lexicons	203347
backboard	203314
ischaemic	203309
bailout	203304
preconceptions	203302
middlemen	203291
plundered	203286
marchers	203283
reformatting	203268
bicolor	203247
credenza	203244
decry	203238
annulus	203227
newtons	203210
devant	203182
conspirator	203178
luring	203145
promiscuity	203125
transitioned	203114
gallantry	203113
hewn	203110
whisked	203086
outcrops	203063
interlocutory	203045
pericles	203044
desertion	203033
minow	203021
reemployment	203006
flirts	202987
alga	202974
acrobatics	202967
witted	202961
katakana	202952
arguable	202934
eclampsia	202933
rumania	202929
demotion	202922
yow	202916
wherewith	202893
siliceous	202885
sailfish	202870
mund	202838
circulates	202831
manatees	202824
coldly	202821
signore	202821
tradename	202815
unencrypted	202809
fenugreek	202803
nipissing	202795
envoys	202787
polyphone	202778
meteorologists	202774
restorer	202772
botulism	202756
pyridoxine	202751
staves	202728
vedanta	202724
coldness	202722
depolarization	202693
spellbinding	202677
grouchy	202666
valances	202657
sizer	202590
moca	202588
mobster	202575
riviere	202556
avowed	202530
gusty	202515
oodles	202506
bafta	202503
canales	202494
brazier	202480
castaways	202454
assamese	202452
archon	202427
internationalist	202420
godliness	202410
docile	202388
prostatectomy	202365
buttle	202348
maliciously	202345
showmanship	202329
clutched	202319
vole	202319
cantons	202309
enveloping	202298
wrights	202293
piedra	202279
subito	202277
tangles	202240
scrivener	202236
meanest	202221
aerobatic	202216
refutes	202204
subsequence	202196
sexier	202190
cardioid	202164
mpb	202152
hollows	202137
decile	202130
luckiest	202129
reprogramming	202126
slipstream	202103
officiate	202099
garg	202092
mumble	202090
maries	202037
minimax	202033
subspecialty	202032
biannual	202016
congeniality	202000
vasculitis	201997
substantiation	201992
capitation	201974
songbirds	201965
oppress	201953
ecce	201934
grandfathers	201928
weatherman	201916
torrens	201906
usury	201906
isadora	201884
lynchet	201871
redes	201864
endura	201860
coverup	201855
aldehydes	201850
greedily	201839
streptomycin	201832
reevaluate	201812
padlocks	201811
overberg	201808
vizier	201808
antebellum	201801
argonaut	201792
nostril	201758
impedes	201747
tombstones	201746
wavering	201735
dopaminergic	201725
barbarism	201713
staphylococcal	201707
gue	201687
autobiographies	201684
smalls	201676
hairstylists	201675
hooch	201647
razorback	201640
ands	201638
alway	201600
playboys	201600
surmise	201587
britany	201574
blanch	201559
rabi	201534
inscrutable	201526
campagne	201474
mugger	201472
syne	201469
underbelly	201451
crewed	201435
groomer	201433
saluted	201427
reducible	201402
protectorate	201397
caslon	201372
lbf	201372
evacuations	201362
hieroglyphics	201362
materialist	201349
landlady	201334
potentiation	201327
vertebra	201318
dartboard	201314
blameless	201296
democratisation	201277
newsagent	201259
polenta	201258
absurdly	201254
garnished	201199
probative	201193
scallions	201190
corporeal	201175
partiality	201169
passivity	201169
circumscribed	201160
anonym	201150
sabers	201133
circum	201103
steno	201103
octaves	201067
disposes	201062
emanate	201024
rummage	200967
objectivism	200965
legalities	200959
rigel	200948
headstrong	200946
championing	200925
plies	200925
synchronised	200905
bumbling	200901
politicos	200901
pickling	200887
refuting	200885
privatizing	200881
chrissie	200879
scantily	200863
waar	200862
makings	200837
slovakian	200797
befriended	200782
ductal	200747
tendonitis	200723
professing	200707
ringe	200666
nestling	200662
frt	200629
immortalized	200605
leper	200592
boh	200588
animus	200550
dimple	200542
starches	200529
handbrake	200524
noblest	200522
urologists	200517
levitation	200516
supine	200507
coto	200494
bloodthirsty	200425
derailleurs	200422
haemoglobin	200421
foram	200416
weightings	200414
suey	200407
squint	200402
jackrabbit	200400
mistyped	200365
vitals	200318
lysosomal	200283
oldie	200255
umpqua	200238
kha	200227
lamenting	200216
tater	200207
reaffirming	200194
khakis	200185
methylphenidate	200179
bobbins	200175
vindictive	200175
anniv	200161
megabits	200137
splenic	200097
overtook	200073
electrocardiography	200047
pyrimidine	200037
triptych	200022
rifleman	200021
triumphed	199997
scanty	199977
difficile	199961
overloads	199940
marmite	199931
vagaries	199920
undaunted	199885
lucan	199884
hemming	199863
defiled	199832
stillborn	199827
faltering	199825
saracens	199820
overrule	199818
betula	199791
humanists	199791
discounters	199772
eke	199770
constructivism	199767
vannet	199764
triceps	199763
obstetrician	199754
conceited	199751
rull	199725
naissance	199717
neonate	199712
rainmaker	199681
laymen	199674
arya	199672
shopkeepers	199658
mortification	199639
gemeinschaft	199625
monogamy	199590
roofers	199587
deadman	199556
combats	199547
indulgences	199527
aquaria	199506
fattening	199478
drench	199471
libr	199463
stupidest	199459
revisits	199432
legibly	199362
digesting	199346
undelivered	199324
benj	199285
cupola	199250
polythene	199245
uncontrollably	199241
puna	199240
hund	199235
impermissible	199235
crocheting	199220
canst	199219
flan	199218
idleness	199203
arbitrate	199202
muons	199181
redheaded	199140
peritonitis	199131
closers	199129
lunge	199129
entombed	199114
minuet	199114
fers	199099
diverged	199083
undergrads	199083
spouts	199060
pontifical	199038
nicene	199026
glided	199024
tetrachloride	199022
shuffleboard	199011
craziest	198997
sleeplessness	198993
iago	198988
swale	198985
axed	198982
overdone	198969
ripoff	198960
socratic	198960
reevaluation	198953
revulsion	198933
neth	198917
rosamond	198912
ferrier	198889
jags	198865
largos	198863
overheated	198862
demobilization	198821
goldenseal	198815
deflectors	198805
fishhooks	198789
cleanses	198768
secondment	198765
criticising	198750
porpoise	198747
backless	198724
oligarchy	198695
inguinal	198685
herbivores	198673
clothings	198657
spammed	198651
hosed	198644
elitists	198632
soleus	198628
psychical	198607
doormat	198594
rives	198588
mycology	198579
ryegrass	198571
heartedly	198522
areolas	198511
dribbling	198504
celadon	198496
mouthwash	198480
mize	198479
liquefaction	198458
troglodytes	198454
timpani	198449
fanned	198426
wagging	198396
jayhawk	198392
germinate	198370
fastback	198364
chrysanthemums	198360
wrens	198351
volcanism	198349
misdeeds	198343
ruminants	198343
maat	198335
farrier	198307
earnestness	198290
tenon	198272
wetted	198272
shockers	198267
teheran	198240
monolingual	198221
uighur	198221
undercurrent	198210
allocable	198201
mumm	198166
steerage	198145
quip	198143
pacesetter	198140
taxonomies	198131
novae	198124
calenders	198123
ballers	198121
denatured	198118
tedesco	198112
intraperitoneal	198103
yager	198064
subjectively	198062
disrepair	198035
filamentous	197991
polyp	197981
incompressible	197971
granary	197962
ecliptic	197931
befitting	197920
bolsheviks	197902
microsomal	197877
statuses	197860
expandability	197842
whitish	197836
melanin	197833
irreconcilable	197831
authentically	197822
giveth	197784
divorcing	197780
concocted	197778
schnapps	197761
bharti	197760
gargantuan	197760
essayist	197734
wallop	197728
carports	197719
epicurean	197701
supranational	197701
leaver	197700
misrepresenting	197684
blacked	197675
pollster	197672
colloids	197654
minesweeper	197626
subprogram	197624
irian	197570
dowsing	197567
refit	197564
dosed	197560
boite	197551
headpiece	197531
bookies	197528
terrains	197524
unwashed	197494
detaining	197491
oaf	197487
virtuosity	197486
interscholastic	197484
exmoor	197471
radiofrequency	197445
shod	197441
magnolias	197435
precompiled	197432
oratorio	197424
befall	197417
camillus	197390
appurtenances	197388
accessable	197383
figment	197373
harb	197372
anodes	197361
wearily	197359
northernmost	197354
tapu	197333
enchanter	197317
glazier	197297
theistic	197293
unscientific	197286
withstood	197283
permeation	197262
playpen	197242
anchovy	197241
heaviness	197240
pucks	197236
statehouse	197230
knapsack	197222
mallee	197221
earings	197177
brachial	197148
eroticism	197146
consciences	197128
tourneys	197124
hotshot	197123
extinctions	197106
tenderers	197095
remodels	197087
sunland	197084
prototypical	197079
inflected	197076
kerns	197073
linseed	197058
jeopardizing	197056
caisse	197036
staccato	197033
isoniazid	197022
polyhedral	197011
dels	196970
waistline	196962
agamemnon	196956
trogon	196954
dodged	196951
nonimmigrant	196946
refusals	196922
politicized	196904
glb	196859
refuelling	196843
mutational	196827
impermeable	196826
cacophony	196816
outrages	196815
cuneiform	196789
footstool	196787
mitzvahs	196777
lectern	196773
trapt	196767
backscatter	196751
romancing	196751
uncircumcised	196749
anticoagulation	196747
emblazoned	196728
duplicative	196686
gravitate	196680
wrangling	196679
finned	196662
themis	196647
dorcas	196624
looses	196618
confiscate	196608
catfight	196599
tablelands	196591
bloods	196575
odours	196553
hadassah	196544
restorers	196542
mongrel	196536
vaccinate	196520
forewarned	196505
afterhours	196502
degenerated	196489
eventide	196472
hashish	196464
disodium	196432
lymphoblastic	196430
glomerulonephritis	196429
iffy	196420
amma	196403
inhalers	196398
impairing	196396
dispossessed	196370
meagre	196347
uncommitted	196347
locomotor	196317
mopping	196302
fantastical	196272
giftwrap	196258
reconnecting	196253
intervarsity	196236
chintz	196209
nebulous	196206
ouija	196199
slink	196197
kiva	196139
lineal	196130
gainful	196122
misspelling	196122
aldrin	196105
orthodontists	196098
droll	196087
nondiscriminatory	196082
copia	196052
benzoate	196038
lessees	196038
honouring	196007
grenadier	195998
turco	195996
anachronism	195990
methodically	195988
fluctuates	195985
stiffened	195982
athenians	195979
duplications	195977
shyam	195973
sustainment	195966
aleppo	195943
temporomandibular	195926
whimper	195901
whomsoever	195878
viciously	195876
spinel	195869
fiddlers	195864
callout	195850
endow	195844
paua	195844
monogamous	195824
patentable	195784
incised	195777
hypersonic	195767
indistinct	195751
counterbalance	195748
razed	195746
elicits	195743
redemptions	195663
chlorination	195645
invents	195639
loungers	195637
initialise	195634
flicking	195606
presynaptic	195599
spectrophotometer	195577
deductibility	195573
spaniels	195570
squeegee	195556
shatters	195547
wantage	195525
panjabi	195521
manus	195513
tasker	195511
tenfold	195510
bluefin	195505
neurosurgical	195503
arcturus	195490
jammers	195490
concertina	195483
scoured	195477
pretax	195474
ronco	195471
desiccant	195470
schule	195464
bushido	195463
layaway	195456
gelder	195446
knotty	195433
pilsner	195433
salmonids	195428
stewardess	195388
assi	195381
daydreaming	195380
phytophthora	195366
cajuns	195365
furthered	195333
limnology	195313
intercoms	195259
chancel	195252
advantaged	195248
klutz	195206
finkel	195199
bloodbath	195189
lamprey	195186
eliminations	195184
inexorably	195183
diverter	195123
waka	195118
merchandisers	195112
washout	195075
worships	195075
ironed	195063
bluesy	195060
sheetfed	195034
inhabits	195017
darshan	195007
geb	195006
pigskin	194996
domestication	194975
amazonian	194947
counterculture	194942
retold	194917
olof	194911
photog	194909
embeds	194889
oppositional	194861
appendage	194843
crustacean	194829
monotonicity	194828
geographer	194824
divestitures	194823
volant	194823
airwave	194803
dendrobium	194803
recycles	194756
fusions	194750
joist	194739
tapper	194724
cornett	194723
upcard	194706
naphtha	194695
clairvoyance	194691
treetops	194682
debunked	194680
trin	194680
sasa	194675
ductwork	194673
orthographic	194670
activations	194667
saki	194667
oversea	194656
mosquitos	194646
aeneas	194594
knick	194588
vidya	194560
ranjit	194549
girdles	194548
narrates	194548
fizzy	194519
gympie	194512
heartbroken	194502
coulthard	194487
mongo	194449
lameness	194431
offal	194416
smithy	194407
stockist	194392
cementitious	194377
nastiest	194377
dawns	194371
bannock	194356
mungo	194356
staid	194345
cryst	194333
encircling	194328
crating	194323
ferrule	194321
tightrope	194317
ignites	194315
wove	194314
repainted	194311
pithy	194285
caressed	194258
infinitive	194254
natriuretic	194249
redoute	194245
hysterically	194237
windsurf	194218
enrolls	194213
shortbread	194212
incantation	194203
blissfully	194197
shirk	194196
gratin	194174
kairos	194135
pangs	194132
monsignor	194124
fulness	194107
croutons	194099
wapp	194099
savile	194089
subproject	194087
domestics	194072
unpretentious	194069
bodo	194057
poachers	194056
sounders	194035
galvanic	194013
malaysians	193979
narr	193933
oof	193930
cornflower	193916
parlance	193893
lethargic	193870
drunkard	193858
monopole	193814
ribosomes	193812
conveyances	193777
anticompetitive	193773
majored	193766
cowper	193763
catalyze	193762
nosocomial	193711
calkins	193701
bronzes	193674
knell	193672
profited	193665
flavia	193650
enchiladas	193645
alen	193627
amplifies	193624
baywood	193611
startle	193590
snowbirds	193586
algernon	193570
micrometers	193549
multistate	193547
smashes	193543
exterminate	193539
buckshot	193530
erector	193530
drumsticks	193528
electrodynamics	193528
exalt	193526
gobi	193497
nein	193483
interludes	193432
paratrooper	193422
chalcedony	193417
caucasians	193405
erasable	193375
bide	193344
suitor	193343
traditionalist	193340
intermissions	193336
cichlid	193324
juxtaposed	193321
awardee	193320
cruciate	193316
buckhorn	193283
rooming	193240
russe	193236
smallholder	193236
spiller	193234
bevy	193230
lithosphere	193225
gravelly	193194
forgings	193186
flowmeter	193184
bearcat	193183
inconspicuous	193175
creche	193174
elric	193165
reconvene	193121
nori	193117
dismissive	193113
cashews	193108
toxoplasmosis	193088
soapstone	193080
psychopath	193047
liana	193039
sandblasting	193038
wisps	193038
opossum	193023
greenstone	192998
stockbrokers	192997
ghibli	192992
autoroute	192969
tickles	192967
outdraw	192935
interregional	192927
urbane	192915
powerboats	192868
kickbacks	192852
lurkers	192843
pipelining	192809
crampons	192807
sardine	192796
nebuchadnezzar	192789
civilisations	192762
meshing	192755
diffusing	192752
meniscus	192752
resubmitted	192750
interstates	192748
stupor	192738
sexing	192729
gratuitously	192704
colmar	192697
sagamore	192692
unfiled	192688
aimless	192672
renegotiation	192638
parfait	192636
theorizing	192630
scavengers	192629
flit	192601
quietness	192590
oaten	192579
pleats	192575
accede	192573
cosponsor	192570
massaged	192541
measly	192537
folkways	192526
subdivide	192516
catharsis	192500
overshadow	192495
assignor	192471
cuddles	192458
sorters	192443
amortizing	192426
sangria	192384
turnips	192357
raceways	192339
statuette	192325
burbs	192323
waterbed	192317
theobald	192313
zingy	192302
disburse	192296
laker	192269
toho	192238
dwindled	192231
elaborates	192223
dispenses	192216
bahadur	192211
fertilizing	192206
ower	192195
blackbody	192189
narcissist	192189
sextant	192186
stomped	192179
falsehoods	192167
pinal	192156
swampy	192143
toko	192140
orienting	192128
wast	192122
headstones	192116
buz	192097
donning	192083
catecholamines	192052
cecily	192047
durum	192040
sappho	192039
planers	192032
estancia	192026
longworth	191983
viburnum	191982
mealtime	191970
fama	191946
biblically	191938
lustful	191933
irrelevance	191925
guano	191918
presbyterians	191915
doms	191910
mollusks	191891
compar	191884
worshiped	191879
poz	191876
grandad	191866
autem	191862
rebuked	191859
elance	191834
nonmember	191815
necrotic	191804
buyouts	191799
cloisters	191794
everyplace	191792
luella	191781
presumptuous	191769
toothache	191760
misstatement	191748
papilloma	191740
phenols	191717
presage	191709
anasazi	191702
boars	191697
afore	191691
dour	191669
moistened	191655
kegs	191654
unadulterated	191644
hegemonic	191622
reciprocate	191622
exploitative	191618
urticaria	191596
neonatology	191594
verdun	191581
nosy	191580
unacceptably	191572
holography	191545
quia	191519
rosales	191509
camisa	191507
psychomotor	191490
reinvest	191477
salmonid	191450
afforestation	191428
soli	191428
disincentive	191421
serenata	191402
turbocharger	191385
tidying	191374
smokies	191367
maypole	191320
birdseye	191317
begat	191296
liftoff	191295
keir	191288
roadworks	191282
subseries	191232
sorbitol	191229
datura	191228
ule	191226
salamanders	191215
maneuverability	191205
stably	191204
propelling	191201
ripen	191197
rekindle	191164
piglets	191137
suffocating	191135
litigated	191111
sweatshops	191066
lifers	191062
mongers	191059
gibsons	191057
igniting	191047
antonella	191039
brawn	191036
frowning	191026
gaius	191025
snacking	191021
cafeterias	191009
whiskies	190996
praetorian	190995
wyn	190988
annuitant	190980
periodontics	190972
ouster	190969
greases	190961
matchless	190939
refinish	190932
aether	190931
prohibitively	190930
broilers	190906
pacts	190899
cholinesterase	190893
deformable	190873
porr	190803
fortier	190796
boatman	190748
eigenvector	190730
sardar	190718
unconcerned	190716
newlywed	190665
existant	190658
brindisi	190639
heritability	190626
negates	190595
auster	190567
dolittle	190558
metastable	190554
orthography	190527
putts	190514
manoir	190484
semiotic	190482
manton	190481
exterminator	190454
backbones	190449
misbehavior	190418
conjured	190396
assyrians	190394
acrylate	190383
alls	190374
holotype	190356
vaulting	190341
garnering	190318
bowtie	190283
syncope	190277
nuisances	190272
gossiping	190267
freshen	190253
tugged	190233
retrievals	190227
licencing	190225
cheerios	190214
gog	190201
outdone	190191
instrumentalist	190182
sternum	190180
phosphorylase	190173
vibraphone	190139
iguanas	190133
detest	190119
hamming	190093
phobos	190079
overwrites	190068
viscoelastic	190063
recirculating	190057
paraded	190039
desensitization	190036
trifling	190034
undergrowth	190027
enamored	190024
iteratively	189986
hardcovers	189967
stipe	189957
vigilantes	189942
toothpicks	189931
ulterior	189928
hardtail	189901
cryptologic	189899
downplay	189896
coconino	189895
asbestosis	189877
scapes	189877
inbuilt	189871
recharger	189859
nipper	189790
whirled	189771
inventoried	189770
enthused	189765
reclame	189748
dabs	189741
lenticular	189716
passim	189712
symbology	189711
enlists	189701
cyberculture	189697
cavitation	189691
posy	189674
artisanal	189669
scintilla	189667
lakeport	189665
teardown	189656
jovial	189613
scoundrel	189612
pleurisy	189581
kuba	189566
romany	189564
totoro	189546
bagger	189540
nailers	189519
graveside	189466
majolica	189449
cumulatively	189445
accursed	189430
detrital	189417
blaring	189416
engined	189386
duplicity	189373
meddle	189363
rejuvenated	189363
irrefutable	189360
tomboy	189348
exaltation	189336
retardants	189332
handiwork	189322
toru	189315
metabolized	189306
aliyah	189298
reappointed	189297
joyously	189295
spooler	189285
cancion	189256
heaping	189251
inone	189240
dendrites	189222
beaune	189220
strident	189220
oration	189199
grunted	189198
riche	189194
destabilize	189169
internationalism	189156
smokehouse	189143
summarising	189137
simula	189092
benzoyl	189090
kurd	189082
batts	189079
wampum	189071
hairpieces	189065
dreading	189063
sutras	189060
beltline	189050
redemptive	189050
longitudinally	189049
endangers	189016
humorist	189006
canard	188969
nourishes	188954
vite	188952
batched	188939
stylishly	188926
parallelization	188921
cun	188912
intelligentsia	188903
combative	188901
sunna	188874
brucella	188841
eris	188837
posited	188828
mandamus	188821
winked	188798
briarwood	188782
ditching	188782
otherworld	188736
unhappily	188733
rube	188724
chronometer	188720
flyby	188696
carn	188687
detonate	188662
thunderstone	188660
squaring	188638
pennine	188627
leishmaniasis	188589
wring	188579
apparitions	188577
fiestas	188568
shrieking	188562
bogue	188533
unwinding	188520
erst	188515
scurvy	188500
comodo	188486
lehr	188451
antisemitism	188448
peacocks	188426
ophir	188402
wouldst	188397
stilt	188393
lenten	188382
pocketed	188360
enormity	188341
cuna	188327
potentiometers	188319
saluda	188314
coarser	188295
synchrony	188294
molester	188293
overfishing	188282
pavan	188282
markups	188281
ghee	188266
hypnotism	188254
bryon	188252
industrialisation	188252
sereno	188246
cytosine	188237
dissociated	188234
exclaims	188223
pattie	188218
gramps	188199
shimmy	188186
ceaseless	188179
reconnected	188173
emblematic	188161
mosel	188136
carboxy	188134
fertilize	188121
challis	188112
sooke	188108
raws	188106
disengage	188093
seeps	188076
aliquot	188075
guzzlers	188044
digitalis	188036
bisson	188031
commonest	188031
outsell	188006
regains	187989
unreserved	187980
monotonically	187977
counterattack	187976
electrocardiogram	187930
azimuthal	187927
slims	187926
lessens	187911
judicially	187892
vend	187884
cobblers	187883
warners	187837
smattering	187834
cloudiness	187819
taunts	187804
backache	187793
gumby	187785
lunchroom	187769
stealthily	187769
dumpty	187762
ripened	187719
madrona	187710
cleverness	187708
roped	187674
sorcerers	187660
bani	187653
clang	187651
adaption	187647
nephritis	187630
pivots	187625
bandsaw	187597
toenail	187584
subtopic	187572
aubin	187571
domiciliary	187568
immunogen	187548
sardinian	187547
selectman	187543
glowed	187534
waltzes	187505
undirected	187495
sunlit	187476
rediscovery	187454
attests	187446
parched	187436
peaceable	187434
refacing	187433
overdrafts	187413
hedgehogs	187378
stanzas	187374
rigger	187373
posttraumatic	187369
anopheles	187332
tonsils	187310
infuriated	187308
djinn	187307
asexual	187294
tubman	187274
gaggle	187271
coble	187245
mwa	187242
dismounted	187241
orgia	187239
crestline	187213
anesthesiologist	187208
fluctuated	187170
saris	187170
dormancy	187162
exacerbation	187153
heredia	187140
griffins	187135
incongruous	187134
caseloads	187125
kindest	187118
preconstruction	187111
stam	187107
rheingold	187099
cosponsored	187096
intervenes	187083
yuletide	187068
pipework	187059
lakin	187040
terrorized	187039
rephrase	186989
bonnets	186967
paneled	186963
jungian	186947
soundscape	186945
bared	186940
sciatic	186936
frenchmen	186933
multiphase	186922
silkworm	186909
flavorings	186902
militancy	186881
anta	186861
kiswahili	186845
cathodic	186844
sheaths	186841
palmistry	186828
callow	186826
contd	186821
chloroquine	186819
underfloor	186803
muth	186795
edicts	186791
lemuel	186776
demolitions	186771
jugular	186760
pimple	186745
picketing	186738
humus	186734
inattentive	186733
precession	186723
transmutation	186715
prosciutto	186706
evaporates	186696
sectioning	186695
bemused	186694
cressida	186694
uninfected	186688
allograft	186685
hacksaw	186683
interexchange	186681
coonhound	186679
unexpended	186666
bashed	186652
confide	186636
sweeten	186636
voiceless	186626
uncluttered	186625
interrogator	186622
sombrero	186622
macaque	186614
isidore	186591
headdress	186590
abut	186583
tannin	186567
motorcyclist	186541
lauds	186539
tornados	186538
palmers	186521
footboard	186478
chilies	186460
boughs	186455
spender	186438
familiarise	186420
educations	186391
anastomosis	186335
naturel	186324
dermis	186285
overseers	186276
insureds	186260
presentment	186255
hierarchically	186254
sprigs	186253
animes	186234
eons	186229
suzette	186228
imposter	186216
authoritarianism	186210
summoner	186197
coverall	186177
contravenes	186162
nookie	186149
dimensioning	186107
perfumery	186098
farmlands	186095
woden	186087
prudently	186062
foresees	186040
paratroopers	186033
luff	186032
stymie	186030
hilariously	186022
virago	186018
chicory	186015
antietam	186006
subsoil	185994
automorphism	185976
thresh	185965
patronizing	185959
presentable	185950
ladin	185937
chablis	185934
pajero	185923
pales	185911
unifies	185911
shortens	185908
teat	185890
dais	185879
fruitcake	185872
snooty	185869
elitism	185857
foetal	185854
sultanate	185854
helicon	185850
adornment	185836
zep	185820
prematurity	185806
hepatocyte	185797
precipitating	185797
serta	185792
entomologist	185791
carwash	185785
hearken	185784
carpathian	185783
blain	185777
collegium	185773
tachyon	185770
pinole	185710
insolence	185708
wessel	185698
blockhead	185685
felts	185685
braless	185684
inoculum	185681
patting	185657
irritants	185640
hippocrates	185622
tykes	185622
anemometer	185609
congas	185608
theosophical	185600
elaborately	185589
transversal	185589
trackside	185576
gaslight	185573
niobium	185566
presides	185564
divested	185548
handicappers	185534
pith	185526
eaux	185513
transvaal	185509
solus	185496
gaff	185486
disintegrating	185420
folie	185419
traumas	185406
frock	185379
victorias	185362
disseminates	185347
watermelons	185344
flambeau	185342
doilies	185329
robbin	185324
dusters	185314
railbirds	185311
silicones	185308
psyched	185303
starstruck	185297
fuming	185296
tangents	185280
coppin	185275
chattel	185270
channelled	185268
wrest	185267
forgives	185255
hypnotherapist	185245
waterless	185245
gnosis	185242
powwow	185239
runic	185207
skewness	185206
functionals	185187
authenticates	185186
butlers	185183
schoolteacher	185165
transmissible	185165
perforations	185159
conj	185143
effectual	185115
framer	185115
unstyled	185114
polishers	185100
diluting	185099
unimproved	185094
afterburner	185091
arteriovenous	185091
deaminase	185086
paddled	185074
trisomy	185064
inkling	185057
floaters	185055
vigils	185029
dented	185024
footbridge	185023
garcons	185016
abies	185002
gauntlets	185000
patria	184992
blacksmiths	184988
oregonians	184968
grandaddy	184941
sugg	184941
orwellian	184922
ploughing	184902
strummer	184899
shute	184885
timon	184883
mola	184879
parsimony	184877
clothesline	184868
typified	184868
arbutus	184865
pardee	184803
congreso	184800
polyhedra	184800
darting	184791
copes	184788
tripper	184766
banus	184761
cmdr	184760
recto	184754
ashen	184747
pseudonyms	184742
chug	184716
overshoot	184696
ankylosing	184672
blunted	184671
pushers	184656
murph	184655
maddock	184648
thiol	184641
snarl	184639
unlinked	184623
comptoir	184615
conjoint	184613
esthetics	184611
silvester	184603
echt	184592
skewer	184586
pained	184584
liaising	184568
inexcusable	184565
looker	184565
ramjet	184565
laud	184546
buts	184535
provable	184506
jere	184473
heterocyclic	184469
caryl	184430
precipice	184430
recalcitrant	184400
wos	184398
nub	184392
outmoded	184389
thoughtfulness	184389
downgrading	184386
harshness	184383
peddle	184369
yellowfin	184367
goer	184361
markdown	184306
fixup	184304
enthralling	184275
limping	184268
refereeing	184232
spyglass	184215
empathize	184208
uru	184200
utters	184186
panned	184179
jann	184177
processions	184158
roxburgh	184146
foodstuff	184141
gluttony	184127
kneading	184117
etwas	184102
panna	184094
utiliser	184092
ohare	184088
prostatitis	184073
windowed	184056
calabrese	184052
commercialism	184051
womenswear	184031
crumbles	184026
unpatriotic	184013
templars	184012
chemung	183993
wranglers	183980
peed	183966
bandstand	183957
frameless	183954
anionic	183950
faders	183919
digestibility	183900
enquired	183895
cascaded	183890
aphorisms	183889
compleat	183864
forages	183858
riffle	183850
syllabics	183849
chambered	183832
volante	183829
consumptive	183818
melancholic	183792
cathartic	183766
corticotropin	183764
noisily	183764
habilitation	183758
fluence	183756
spelman	183745
readjustment	183740
denaturation	183729
unaccountable	183711
trickling	183671
commoner	183624
udi	183620
reminiscence	183583
fiz	183547
nuclease	183526
photodiode	183520
woodblock	183520
aflatoxin	183518
descendent	183502
invalidation	183498
recreates	183482
fetishism	183466
waned	183450
assented	183439
punky	183430
hybridized	183409
overcharged	183400
flagstone	183396
sulu	183395
genealogist	183392
pucker	183384
inferential	183360
sanctify	183358
prerecorded	183348
razzle	183318
maisonette	183312
misbehaving	183298
wearers	183293
catharina	183280
kemps	183278
messrs	183269
insolent	183267
supremacist	183245
plexiglass	183241
dystonia	183231
dispositive	183223
orthonormal	183213
neuropathic	183206
homemaking	183205
kolmogorov	183198
finis	183173
globetrotter	183161
comprehensiveness	183157
beastly	183146
reclusive	183146
psst	183143
rishi	183120
fortresses	183109
sistani	183101
substantively	183096
alois	183079
letdown	183073
matrons	183071
symbolizing	183067
nonesuch	183064
boycotting	183049
pensione	183043
ghazal	183042
corridas	183035
solenoids	182977
gawain	182974
legibility	182951
guinevere	182945
cyclopedia	182943
heresies	182910
arcanum	182867
annihilated	182850
schooler	182844
bods	182840
tardiness	182791
benchmarked	182779
birdsong	182753
compatibilities	182741
mose	182703
specks	182699
leggy	182670
yardbirds	182661
linearization	182650
solanum	182635
adventists	182622
incredulous	182615
dere	182601
suntan	182600
shaheen	182575
calvinist	182571
morgana	182558
kaolin	182555
cera	182543
buckler	182540
flopping	182531
larus	182515
nathanael	182513
peal	182510
shazam	182501
abogados	182492
trawlers	182484
availabilities	182480
fincas	182480
champa	182463
uncooperative	182453
fishnets	182442
adroit	182395
dereferencing	182384
dilettante	182370
georgiana	182362
perfused	182360
stickman	182355
belies	182354
flyover	182331
astrodome	182315
highchair	182305
crustacea	182297
peasantry	182294
reactant	182284
letterpress	182253
duckie	182251
nulls	182242
oppressors	182241
lorimer	182216
baas	182208
washcloth	182201
caved	182199
corns	182185
faring	182183
dama	182178
racehorse	182168
melding	182166
lubricate	182165
pinkish	182141
blurted	182137
electromagnetics	182124
tutelage	182105
balaclava	182099
merited	182097
stitcher	182075
spirituals	182066
beatnik	182052
oolong	182052
modernised	182047
repack	182046
concretely	182038
casson	182037
playhouses	182037
allopurinol	182031
bursitis	182008
lamm	182008
operatively	181998
prefectures	181996
stockhouse	181990
shellac	181983
furthers	181970
superfine	181961
datums	181958
berri	181948
jambalaya	181935
helluva	181921
epidemiologist	181920
peculiarity	181887
dados	181878
decrepit	181870
writeable	181859
encroaching	181852
cathepsin	181850
flintstone	181847
solemnity	181832
equivocal	181808
bocce	181807
stumbler	181788
stoplight	181776
amass	181774
driveline	181739
reconciliations	181700
alw	181684
crucifixes	181675
preconfigured	181654
disengaged	181638
distilling	181614
bottlenose	181605
effigy	181596
sheva	181594
miri	181585
showerhead	181551
unofficially	181531
assailed	181503
saloons	181503
meiotic	181495
dithering	181489
incensed	181480
shaves	181468
zachariah	181467
veneration	181463
aristotelian	181444
broach	181442
miseries	181437
hypochlorite	181396
personification	181369
partes	181356
scuttle	181331
damier	181308
iliac	181298
ansar	181287
bihari	181277
scintillating	181261
magnetite	181249
arete	181243
rougher	181233
aliased	181204
corkscrews	181199
shamir	181194
supplanted	181188
techy	181185
madelon	181183
sardonic	181169
confectionary	181167
aghast	181144
eventuality	181135
yas	181119
raiment	181107
spiky	181090
isolators	181088
disused	181083
detoxify	181077
striders	181064
stooped	181062
carbons	181056
bogan	181052
sumac	181045
farenheit	181033
chol	181028
dower	181025
ricin	181022
dysfunctions	180977
andalusian	180958
wordy	180947
schedulers	180939
reheat	180925
kif	180922
feudalism	180921
starlite	180915
molt	180871
coir	180860
minuscule	180850
multifocal	180846
landscaper	180834
watchdogs	180833
magister	180822
unlocker	180817
crotchet	180815
microorganism	180815
bolting	180812
lumbering	180811
fixated	180805
skelter	180786
counterweight	180785
fourfold	180782
regia	180777
bracketing	180772
reeks	180768
forgave	180759
jovian	180759
disintegrate	180747
unconjugated	180727
biosynthetic	180708
euphorbia	180702
populism	180690
spoilage	180667
adorno	180642
refrigerating	180595
recessions	180594
rfb	180588
seafoods	180586
replenishing	180558
abutment	180554
minibuses	180554
immemorial	180530
prescient	180503
instilling	180497
bogie	180493
roading	180479
indwelling	180475
parlours	180471
deforest	180461
biomes	180453
jaunt	180434
pilotage	180431
injective	180408
ipso	180398
documentations	180363
wallow	180353
anally	180344
unabashed	180341
haf	180335
agers	180316
pushtu	180290
circuses	180281
guanosine	180277
patentability	180229
marlena	180226
diagonals	180217
formalised	180202
grammatically	180202
cereus	180201
sidenote	180198
homeric	180188
spanners	180181
subconsciously	180180
atma	180157
photochemistry	180112
haitians	180107
circumflex	180104
biplane	180085
specificities	180073
freeborn	180072
brunet	180059
spier	180057
overpower	180043
barrens	180036
jitterbug	180035
diphenhydramine	180032
lifeway	180012
receptionists	180012
expounded	179991
downpour	179976
domestications	179968
functors	179965
subcontracted	179954
dumbfounded	179931
cubits	179927
outlast	179907
tortious	179907
frothy	179872
omnidirectional	179864
kook	179854
thalassemia	179831
spearheading	179821
housemate	179786
macedonians	179773
easygoing	179771
soundproof	179759
vanille	179757
labouring	179751
bigg	179743
geckos	179731
amphotericin	179721
aliquots	179648
twitty	179621
unbleached	179610
splattered	179606
fathering	179601
nothings	179596
unevenly	179572
dangles	179559
biller	179554
irena	179540
helicity	179527
colonist	179493
sorbonne	179492
philos	179458
mendelian	179454
colla	179453
bagh	179421
adduced	179408
guzzling	179396
oleic	179394
flagpoles	179360
escapement	179346
nobs	179343
earthbound	179335
ladybugs	179332
unrequited	179329
utilitarianism	179326
sunspots	179310
mangle	179307
alludes	179288
theseus	179282
youd	179268
commuted	179252
sequitur	179218
teco	179211
denominators	179210
legis	179197
footie	179193
silversmiths	179184
immunoreactive	179142
gingivitis	179141
shined	179120
precis	179117
ingesting	179084
weightless	179076
plexiglas	179063
realign	179060
vibrancy	179042
beek	179035
saracen	179031
annulled	179030
barangay	179020
covertly	179018
nucleoplasm	179004
dalle	178986
medullary	178982
rapped	178981
nigella	178980
foreboding	178962
octyl	178952
macaca	178950
favoritism	178926
thimbles	178924
tailing	178923
stoichiometry	178917
ombudsmen	178915
feedings	178913
fortuitous	178893
imipramine	178893
jainism	178888
imams	178887
autumnal	178877
walkout	178876
hurray	178854
peddlers	178853
caliphate	178845
sepulchre	178819
tensors	178811
freon	178783
visualizer	178774
despotic	178773
adoptable	178768
intermolecular	178763
aubergine	178731
dicky	178722
militaristic	178719
beholden	178716
aminopeptidase	178706
rollbacks	178694
amoral	178691
apostate	178663
hoppy	178655
temptress	178651
blacktop	178648
faltered	178646
pharynx	178645
plf	178628
migrates	178621
smallish	178621
attractors	178599
diffusive	178598
osteosarcoma	178590
disablement	178579
limbic	178571
oedema	178570
dishing	178563
gorse	178549
louse	178544
wilfully	178531
burro	178515
tricycles	178514
paralysed	178491
organelle	178479
majlis	178461
distanced	178454
fons	178451
scylla	178450
vespers	178450
ihp	178436
lobelia	178436
ozs	178428
belleek	178422
vats	178420
outscored	178416
urchins	178416
kinesis	178393
sailings	178391
pharyngeal	178376
reactants	178375
flexed	178374
cameleon	178369
extrasolar	178364
argonauts	178358
ileum	178356
flugelhorn	178354
safflower	178324
bassi	178307
hypercholesterolemia	178294
resurface	178290
implore	178285
fracturing	178238
nosebleed	178227
kindle	178220
pricks	178211
roker	178208
deviousness	178204
saddlebags	178190
tenements	178189
emption	178186
viator	178181
tithes	178175
dragnet	178136
thinnest	178135
sipped	178126
ineligibility	178109
anthropomorphic	178108
hedonic	178108
minimizer	178089
delineating	178079
alea	178076
mnemonics	178050
trod	178038
coff	178026
pulsation	178020
hitching	178019
crankcase	178017
rodeos	177996
extremal	177958
predates	177949
wans	177949
agrobacterium	177941
herniated	177933
obediently	177930
calvinism	177922
ordo	177916
rima	177889
marinate	177875
vivace	177865
ruthenium	177851
milked	177843
skyrocketed	177832
earthworms	177793
vesuvius	177793
doucet	177791
ferroelectric	177788
disembodied	177779
playwriting	177763
hippodrome	177745
scoff	177728
paleolithic	177722
confidant	177717
nape	177716
disparaging	177711
impolite	177692
stater	177675
discographies	177657
fishpond	177630
domine	177626
hitchhiking	177623
enchilada	177620
terrie	177589
revivals	177580
heterosexuals	177577
sluice	177575
kriss	177574
rundle	177570
forfar	177569
maser	177541
completers	177538
irrigate	177532
musky	177529
mangoes	177518
runnable	177513
whistled	177510
pinson	177505
furor	177433
aggregations	177431
lancing	177427
matthieu	177407
austrians	177385
craves	177364
gladwin	177359
teleportation	177359
arbitrations	177354
soiree	177346
bhavan	177340
enslave	177289
mannitol	177289
pekingese	177270
unnerving	177265
josey	177255
farouk	177239
patmos	177234
grimly	177227
pyrophosphate	177221
espouse	177210
oomph	177199
watchable	177178
deteriorates	177177
tortellini	177169
subheadings	177168
casks	177165
cogito	177151
conjoined	177148
cabled	177147
ticketed	177132
lightened	177130
spongy	177129
albus	177125
rhe	177125
galvanizing	177113
abracadabra	177100
monger	177097
storer	177096
specious	177095
threshing	177077
zoll	177058
infliction	177043
disenchanted	177019
ricker	177019
screwball	177015
frederica	177008
nameplates	177002
belk	176997
intervenor	176975
stranglehold	176973
entranced	176939
diplomate	176931
librairie	176928
endangerment	176919
embolization	176915
medicago	176909
adenomas	176905
bushfires	176895
sumpter	176894
nominates	176876
pinder	176859
deprives	176857
wader	176850
litigant	176825
scimitar	176825
beaujolais	176824
hols	176817
uninterested	176766
sixes	176765
letterheads	176763
conceptualize	176747
cavalcade	176742
hematocrit	176728
improvisations	176728
adulation	176700
chamorro	176694
loitering	176692
subarea	176688
dastardly	176685
fishbone	176681
bitters	176664
dirhams	176664
unwitting	176649
expiratory	176638
concerti	176618
avarice	176609
towner	176585
butchered	176584
pointedly	176575
apocrypha	176571
nong	176568
hanuman	176532
rustle	176503
excitable	176497
interceptors	176485
exciter	176455
audiologist	176421
flexo	176393
thrips	176331
ecumenism	176329
alluding	176314
personhood	176314
autoimmunity	176306
slugging	176304
semaphores	176285
sunrises	176284
carnet	176283
frere	176281
fugit	176280
boreholes	176277
ranchero	176275
subfields	176271
chauffeured	176264
pilcher	176256
bezels	176231
insipid	176224
biasing	176218
sortable	176216
distrito	176200
reservist	176200
dewberry	176197
reh	176194
unfathomable	176192
mannerisms	176185
commonalities	176167
holiest	176158
empiricism	176129
effeminate	176100
claustrophobic	176091
vainly	176085
compote	176079
straying	176052
lodgepole	176051
venereal	176044
occultation	176042
goddamned	176039
mercifully	176038
tikka	176038
matriculated	176033
nonsmokers	176033
ula	176024
melaleuca	176015
cardmaking	176008
pansies	176007
acceded	176005
dregs	175993
obscures	175975
schoolcraft	175954
millage	175950
magnificat	175937
annapurna	175935
kookaburra	175933
monofilament	175881
processus	175869
foresaw	175866
beekeepers	175856
fluidized	175854
befriend	175832
anker	175826
malign	175821
romantically	175821
turndown	175807
newscasts	175805
coherently	175798
tfr	175798
abortive	175796
portail	175781
embarkation	175778
varnished	175776
cronyism	175775
udder	175766
valent	175763
initiators	175758
anemones	175735
knoweth	175735
sacre	175733
oer	175701
escalates	175692
hunched	175656
buzzed	175653
telecon	175651
pickets	175642
astringent	175631
doldrums	175618
rectifying	175611
soothed	175609
finfish	175595
tolerates	175587
angstrom	175584
premeditated	175578
vins	175578
decompositions	175577
topically	175569
candide	175523
neomycin	175475
floured	175469
upwardly	175452
poliomyelitis	175446
aru	175441
homelife	175434
cetacean	175388
herders	175374
pinner	175353
lof	175351
pueblos	175351
barnacle	175347
snead	175337
discotheque	175301
dianetics	175289
proteinuria	175289
sentimentality	175256
tenable	175251
asana	175243
jumbled	175236
spex	175226
dingbats	175220
pembina	175208
triumphantly	175208
leva	175180
deionized	175175
scolded	175152
fetters	175123
tokamak	175116
vulgarity	175116
magasin	175095
perpetuation	175091
indole	175083
dolph	175058
pliny	175058
carissa	175021
sewed	175012
succulents	175009
jubilant	174997
tup	174992
sangamon	174977
continuo	174969
eluted	174968
calorimetry	174956
impoundments	174955
cashel	174953
samadhi	174937
crofts	174922
mutagenicity	174910
readymade	174910
penalised	174899
silesia	174895
uncorked	174893
auditoriums	174870
tipster	174859
discernable	174838
amputated	174834
aloysius	174828
reappears	174826
herbalism	174816
tercel	174792
hydrogenation	174786
enquiring	174747
sectioned	174741
diluent	174738
masha	174738
redden	174735
pinatas	174732
fizzle	174728
kreis	174706
gae	174695
simplifications	174692
sobbed	174690
omnium	174671
syphon	174667
grimoire	174628
forfeitures	174614
snuggled	174613
surest	174605
bribed	174593
bopper	174590
suppressants	174580
abstr	174560
softeners	174555
diddle	174549
alarmingly	174526
matchstick	174526
malts	174495
brights	174494
transpersonal	174489
bloodless	174480
sigurd	174472
weft	174467
tute	174457
obliterate	174440
definitional	174425
sabra	174408
amba	174398
khrushchev	174396
dort	174378
phon	174374
dern	174370
perron	174359
pestle	174357
falsity	174355
sapling	174341
rumblings	174340
elapse	174321
faunal	174295
conditionality	174291
biome	174268
hiragana	174265
nightmarish	174255
goring	174248
unbeknownst	174240
plinth	174224
echos	174213
peppercorn	174202
teds	174198
suppressive	174189
kampuchea	174178
tadpoles	174166
baboons	174164
enamelled	174147
transmittance	174119
scull	174118
albe	174116
nepotism	174108
icbm	174079
industrialist	174053
torments	174052
rereading	174016
propels	174006
tortuous	173997
buccal	173992
flume	173970
indonesians	173970
polycrystalline	173958
learnings	173951
galahad	173937
disinfecting	173927
kapp	173922
seafaring	173912
mooted	173876
manas	173858
ecclesia	173852
jittery	173845
concha	173835
enemas	173818
bakes	173816
repented	173811
amarantine	173800
infirmity	173799
corydon	173796
bowe	173795
selfishly	173794
windowmaker	173786
spaceman	173770
drudgery	173762
pacha	173750
androids	173743
smarties	173743
renumbering	173727
parabola	173724
aedes	173718
shrubbery	173715
lase	173707
navies	173707
impartially	173694
stevan	173682
imperfectly	173649
ultramarine	173634
hafiz	173633
atman	173626
slanderous	173620
interminable	173614
socialising	173599
sridhar	173599
ancien	173596
anesthetized	173589
goos	173581
izzard	173581
pinker	173576
introverted	173574
indomitable	173571
centrifuged	173568
validations	173567
roadmaster	173565
anchovies	173544
unseemly	173519
rungs	173503
ngai	173482
lytic	173474
ptg	173446
godlike	173441
prosodic	173432
khalsa	173402
seely	173389
gers	173378
resurfaced	173368
thermography	173364
frequentation	173363
meadowlark	173346
edger	173335
radek	173328
evacuating	173327
scrambles	173312
merriment	173265
randell	173257
retinitis	173254
disappoints	173237
nonvolatile	173237
rotted	173236
thetis	173231
tightest	173200
ringmaster	173175
naik	173151
hallucinogens	173137
eclipsing	173135
boogeyman	173129
repulsed	173121
unblock	173106
analogously	173094
elvish	173086
garni	173084
replayed	173073
brickwork	173069
littles	173063
huntress	173048
calibrators	173046
soulless	173045
dumpling	173041
presumptions	173040
gins	173039
abbots	173035
redeye	173029
mamba	173027
frontispiece	173020
vivacious	173001
bloodshot	172992
abrasions	172990
salutations	172989
remainders	172971
signum	172956
paulie	172943
moir	172942
gnosticism	172926
dogmas	172922
forsooth	172921
geordie	172915
orestes	172906
preheated	172871
bailing	172868
babbage	172859
goldfinch	172815
accessorize	172805
renames	172794
deathbed	172788
tricolor	172783
modernise	172780
boogaloo	172778
indefensible	172768
quantile	172765
brutish	172755
divergences	172746
trill	172713
cele	172707
rebalancing	172706
extrema	172702
masterminds	172696
bsh	172693
flailing	172679
reallocated	172669
computerization	172642
photoreceptor	172637
amputees	172622
waddle	172611
bunning	172610
gridded	172600
sulfates	172598
stampers	172569
rodentia	172568
lxx	172567
ramparts	172554
disband	172544
bitterroot	172508
borax	172497
symmetrically	172488
debunk	172459
reek	172458
wets	172457
amyloidosis	172453
manholes	172438
joyride	172436
kier	172430
megabit	172429
hearers	172424
yearlong	172422
frigates	172415
availed	172402
cementing	172401
repatriated	172393
kame	172387
externals	172383
reconsidering	172341
pendency	172308
damsels	172302
sashimi	172297
monotheism	172274
basketry	172270
psychopathic	172269
menelaus	172266
flexural	172260
crummy	172255
phantasm	172251
morsels	172247
smorgasbord	172240
hatte	172233
skirmishes	172226
congratulatory	172225
snicker	172224
overstate	172208
ghettos	172198
hypericum	172172
barras	172164
optimists	172155
preparers	172149
honiton	172136
rangelands	172131
pipestone	172103
goatee	172102
extrajudicial	172101
shorting	172085
weaselfish	172069
melodious	172065
baited	172052
capsaicin	172040
ady	172037
rhodopsin	172028
dolomites	172016
sterilizer	172001
livraison	171999
enlargers	171998
veined	171986
coped	171985
kens	171956
aspirated	171940
pacifiers	171935
organismal	171931
replications	171891
bellarmine	171884
expensed	171883
natu	171874
indiv	171867
religiosity	171851
incidentals	171849
hydrolyzed	171838
lingle	171835
maximums	171825
platformer	171811
norwegians	171805
aerated	171776
imitates	171771
conjugal	171770
boldest	171764
monograms	171753
bilaterally	171748
underclass	171747
flaubert	171744
enunciated	171743
impound	171737
strictures	171737
flinging	171727
ferme	171725
discouragement	171720
seve	171677
vesper	171654
unsaved	171645
ethnomusicology	171641
chiao	171626
parapet	171598
dogfish	171593
prodding	171593
duelist	171591
gether	171590
filles	171572
ferrum	171564
tolerability	171553
rightmost	171543
chillies	171508
lowed	171464
usurp	171456
hoey	171450
recheck	171445
reusability	171412
staph	171410
chubs	171399
galax	171399
stimulatory	171391
acetonitrile	171379
carty	171372
immaculately	171371
peremptory	171369
unmetered	171359
apatite	171357
aggro	171343
mortis	171328
morphogenetic	171315
proofed	171310
unrecorded	171293
seiner	171282
crematory	171273
cardona	171272
glosses	171267
undiluted	171266
hayne	171264
fronds	171251
guttering	171251
interposed	171233
feely	171227
linebackers	171227
laplacian	171199
biochemist	171190
jugglers	171182
swapper	171178
beeping	171157
acoustically	171156
perp	171143
gilly	171141
pomo	171136
airless	171134
ballgame	171122
sleeving	171118
dcb	171114
lipa	171109
fletch	171107
veri	171105
methylated	171093
powerlessness	171087
isfahan	171060
sharpshooter	171036
nieves	171024
cyborgs	171016
aboriginals	171008
weet	170992
naively	170990
nominative	170985
reallocate	170969
litigate	170952
foxing	170946
cleaves	170928
enamels	170923
fillies	170922
boma	170919
floorboards	170905
kapok	170880
consol	170868
avenging	170859
huss	170858
linemen	170842
seps	170829
unquoted	170817
ploughed	170814
sprinting	170808
severing	170802
ety	170795
hallmarked	170783
alchemical	170771
oporto	170765
tranquilizers	170748
pilger	170738
steeler	170733
cremona	170732
martyred	170694
afflict	170683
ceilidh	170674
thusly	170647
pasteurized	170640
adducts	170627
shutterbug	170607
forgettable	170591
crags	170586
bodes	170580
unrepentant	170572
brack	170564
stints	170549
sicker	170541
axminster	170534
supe	170527
doubler	170522
ragnar	170490
mimicry	170487
hums	170471
pullovers	170459
intersected	170445
exfoliation	170444
exhaustively	170442
homed	170394
vacating	170393
breakouts	170388
granuloma	170363
carper	170352
birdcage	170328
reenactment	170310
viridian	170303
loggerhead	170299
winced	170289
studia	170255
peacekeeper	170253
watercress	170244
ludo	170239
literati	170234
gaffer	170229
perigee	170224
tates	170224
erupting	170221
hungrily	170213
trotted	170213
scold	170208
shutouts	170197
amrita	170194
chirping	170184
immaturity	170181
dewan	170178
tress	170140
designees	170133
vaunted	170125
astride	170109
alcazar	170104
bondholders	170096
dichotomous	170075
skillets	170070
glitzy	170067
dermatologic	170022
autoregressive	170004
bung	170001
tensioner	170001
delphinium	169997
emancipated	169979
suzan	169973
ordain	169969
uhuru	169967
pika	169966
chinois	169962
spencers	169951
isoleucine	169945
occlusive	169939
rapt	169929
conjunctive	169926
apophis	169920
folia	169908
subcultures	169898
sawed	169894
receded	169882
nore	169878
emboldened	169875
thematically	169871
halters	169858
expectorant	169849
pessimist	169848
fack	169817
sedate	169814
mahayana	169812
suborder	169804
depositional	169784
cockatiel	169782
eggshell	169768
franking	169768
drow	169755
consignor	169749
mung	169740
stammered	169734
monaural	169729
supposes	169714
liberalized	169696
impinge	169680
serio	169675
showgirls	169671
genteel	169665
runabout	169665
coombe	169664
engulf	169646
cytogenetics	169644
quintiles	169644
huguenot	169641
secondarily	169636
keplerian	169628
desperados	169600
concatenate	169597
chauffeurs	169561
rapeseed	169516
hankering	169499
hypercube	169496
intramolecular	169495
enumerating	169489
normans	169489
speeder	169468
orchestrate	169462
unipolar	169455
frilly	169453
unicycle	169446
theists	169419
homeroom	169406
toiling	169395
abscesses	169367
embryogenesis	169366
footrest	169322
spiteful	169302
leninist	169299
defame	169287
airhead	169272
governess	169263
stadia	169253
alternated	169249
gobo	169238
colander	169209
croak	169181
intracoastal	169171
abhor	169167
earmarks	169165
roadrunners	169160
voiding	169142
serigraph	169134
spurts	169129
cubist	169125
peart	169113
collies	169080
uds	169064
reman	169056
stabiliser	169053
headspace	169052
dopey	169040
eppy	169032
ornamented	169024
smothers	169024
deviously	169018
inexorable	169017
harmoniously	168999
bijoux	168971
worshiping	168960
aymara	168939
cornwallis	168926
laundered	168918
microforms	168918
improvising	168880
bikram	168826
coolly	168822
porthole	168817
triads	168799
accompli	168790
strumming	168770
tweet	168757
cannula	168742
cottonseed	168738
terrorize	168726
gramma	168722
reformulation	168718
osteomyelitis	168711
leery	168700
grooving	168695
bish	168667
beekeeper	168644
asse	168642
betaine	168642
gravure	168637
archivers	168626
procrastinating	168618
nonresidents	168617
overgrowth	168603
prosody	168580
verry	168580
rowed	168567
stylings	168539
committal	168538
theremin	168529
elfin	168528
expletive	168528
impressionists	168523
punchy	168498
emote	168497
nais	168497
grabbers	168496
ingots	168494
mouthing	168482
ridding	168462
skunks	168456
nhan	168448
stanislaw	168442
hampering	168428
bolstering	168424
deferrals	168394
evidential	168387
troppo	168383
pinhead	168370
meads	168366
exhaled	168362
incubating	168352
otic	168347
colonize	168321
demolishing	168289
spasticity	168273
undertow	168268
loupe	168244
madhouse	168244
influent	168243
snipped	168232
pratique	168229
calabash	168225
sextile	168222
tongan	168213
brigantine	168210
vinegars	168208
jumpy	168187
jiggle	168185
neurospora	168175
rioters	168140
persecutions	168119
duffels	168113
cramming	168105
chuckling	168102
disfigured	168094
reassembled	168082
articulations	168067
amperes	168057
margaux	168054
poons	168046
citable	168041
girders	167998
motorboat	167980
rubia	167974
empathetic	167972
wasters	167966
vulgare	167962
headpieces	167960
arabica	167929
crunches	167925
pylons	167925
sphagnum	167924
infighting	167912
hotelier	167893
transcended	167877
barat	167865
leet	167864
intermezzo	167831
cuerpo	167817
reassemble	167803
auberges	167780
legislating	167776
dextran	167762
bidets	167737
hitoshi	167717
bricker	167712
cookout	167711
bordello	167700
faintest	167691
videotaping	167691
managements	167681
ideo	167678
subarachnoid	167676
adela	167668
strongman	167666
genitive	167663
disallowance	167662
digitised	167661
uncapped	167652
civile	167649
noggin	167642
shutdowns	167641
sharers	167632
frags	167627
mediastinal	167587
labeler	167576
manifestos	167557
dipoles	167546
cuteness	167536
guarana	167528
dispersions	167510
skated	167502
testy	167487
swingman	167477
physiologist	167433
imprison	167427
berets	167414
repelled	167409
abend	167377
marquess	167372
precipitates	167346
mortise	167338
unconvincing	167332
quem	167329
fibra	167312
pees	167310
tallis	167309
reordered	167307
icebox	167291
scouter	167272
chemotherapeutic	167271
gaggers	167268
disbursing	167258
sleuths	167253
brulee	167250
methicillin	167241
plundering	167239
abhorrent	167235
belatedly	167222
dimerization	167221
gonadal	167207
usw	167206
cotillion	167198
stymied	167178
rebellions	167172
sympathizers	167170
scribbling	167158
phineas	167156
melanesia	167155
emissary	167139
paleozoic	167135
muskrat	167121
communis	167119
inhumanity	167072
southpaw	167070
wem	167047
belittle	167035
repudiated	167020
caiman	166982
impeccably	166958
mononucleosis	166957
mumbles	166947
nitrocellulose	166928
agawam	166927
recommender	166915
specialism	166913
brained	166905
pyr	166903
conceptualized	166900
pasts	166896
tuneup	166896
abseiling	166892
sympathetically	166891
tempura	166884
emptor	166822
floatation	166810
composes	166804
peonies	166802
kersey	166778
overleaf	166771
taxman	166762
digitisation	166757
rasp	166753
seeders	166733
bobsleigh	166731
steptoe	166702
petersham	166692
whacking	166659
infielder	166648
kashi	166616
interlinked	166611
interlace	166586
stealer	166562
humanoids	166558
loach	166557
preppy	166548
cobourg	166545
rollicking	166541
telethon	166538
paramagnetic	166525
memorise	166523
preconditioning	166523
consulta	166521
offhand	166521
geraniums	166502
farmstead	166492
meridians	166487
transpiration	166477
protrusion	166441
bashful	166436
albacore	166430
evocation	166425
underflow	166425
bartram	166416
cognitively	166410
doze	166407
monomeric	166403
streptococci	166403
currants	166396
infix	166395
enumerations	166390
steepest	166383
czechoslovakian	166352
sailers	166349
heartening	166323
afterword	166306
jat	166284
absolve	166260
lampshade	166259
conjectured	166238
moyle	166237
grandest	166232
barkers	166211
geopotential	166193
opportunism	166191
purples	166180
clallam	166171
chowk	166142
absorptive	166133
kinsmen	166133
lier	166127
taw	166123
webbed	166113
serologic	166107
wonk	166107
acetaldehyde	166089
morello	166084
tats	166084
liras	166076
geode	166060
neurones	166054
grenadine	166053
slitting	166048
slavin	166021
acetylation	165992
isoelectric	165991
gingko	165974
welk	165970
pimping	165964
shipwrecked	165943
uracil	165939
tanh	165934
raku	165926
welterweight	165916
posteriori	165915
tacitly	165894
shul	165885
dint	165880
magnetized	165865
newburg	165862
salience	165859
reverberation	165855
sawfish	165811
quickening	165783
reshaped	165776
meq	165772
arri	165728
mistook	165720
zipping	165703
gerberas	165695
apprehensions	165691
meshed	165691
exhumed	165673
minim	165667
tapia	165662
inkster	165652
imperialists	165645
celestine	165644
nicked	165643
schoolmaster	165634
divisors	165623
citronella	165620
throwaway	165606
caramelized	165602
straightway	165602
infante	165598
womble	165591
impressionable	165577
gingerly	165571
apologised	165570
intersex	165556
puls	165539
expulsions	165534
riven	165533
taketh	165528
cornfield	165526
fretting	165521
subzero	165510
pamlico	165502
mone	165498
yob	165494
fetter	165490
jeers	165473
manufactory	165472
soaks	165469
jarred	165456
delimitation	165441
megatron	165440
bewilderment	165410
loveliness	165384
surficial	165371
kingfish	165366
fireballs	165349
acanthus	165330
nextdoor	165305
refrigerants	165303
precambrian	165302
bluebirds	165301
baloney	165285
ministered	165285
intelligibility	165274
idiomatic	165256
footings	165244
wawa	165242
scalping	165238
lidded	165237
reintroduce	165230
evalue	165225
subtrees	165223
autoharp	165194
adar	165190
slav	165182
attics	165166
instrumentalists	165155
greenback	165149
wilhelmina	165139
omelets	165123
kurta	165096
lightship	165086
herbalists	165074
infuriating	165055
hala	165041
bouw	165039
hermits	165029
obscenities	165026
renwick	165021
tck	165005
prestressed	165004
gullies	165003
unshielded	164988
precalculus	164972
pangaea	164968
prerogatives	164930
falafel	164929
weatherstrip	164929
whopper	164928
foreclose	164915
histologically	164897
kamik	164880
banishment	164856
tempering	164851
pothole	164839
fallacious	164834
vestments	164822
bulkheads	164814
quercetin	164806
profiteering	164801
morsel	164800
turvy	164779
curvilinear	164756
felines	164749
leniency	164745
chandlers	164727
universals	164726
silicates	164716
pizzazz	164714
bowditch	164712
scrupulous	164710
thinners	164708
gaddis	164688
hegemon	164650
underpass	164636
ethinyl	164634
schematically	164628
appling	164612
snobs	164598
accelerations	164595
fountainhead	164589
deflator	164583
hardshell	164577
dermatological	164576
criterium	164545
subnetwork	164528
paddocks	164526
woodsman	164511
pressings	164487
bocca	164468
dicta	164449
guha	164425
coroners	164417
trapezoid	164417
repairman	164402
cavalieri	164391
croissants	164369
gambas	164359
lipsticks	164351
fice	164338
clumsily	164334
arrangers	164322
hermaphrodites	164312
thruway	164300
banksia	164292
enterococcus	164274
sterilizers	164268
millimetres	164263
turpentine	164256
ells	164255
borrelia	164239
cussed	164226
evaded	164225
harmonicas	164222
thickets	164195
clink	164177
emissivity	164174
personage	164158
actualization	164151
nectarine	164150
lenora	164141
discriminations	164136
reenact	164130
stereotactic	164121
vender	164079
esterase	164078
kab	164075
whitestone	164041
soundproofing	164030
bouche	164018
delinquents	164009
chlorpromazine	163999
benefitting	163997
critiqued	163988
furlough	163987
snarling	163980
creaking	163977
bequeath	163975
jetting	163970
salvadoran	163970
subjugation	163965
felting	163953
gape	163934
cliffside	163925
fabaceae	163921
deas	163918
newsreel	163906
injects	163899
wilkin	163876
nodular	163873
stillbirth	163869
internalize	163866
catalyzes	163860
unquestionable	163855
prendre	163854
conserves	163853
ethiopic	163851
chloroplasts	163833
irritates	163831
megalith	163808
reunites	163805
attenuate	163787
charmeuse	163778
juicing	163778
veloce	163746
morphologically	163724
weirs	163720
whigs	163720
shill	163716
vintners	163668
sunseeker	163667
marjoram	163655
despatches	163652
circulators	163620
isotonic	163613
concessional	163609
aplenty	163607
deeded	163603
titian	163589
bossy	163576
tilia	163573
collimator	163535
highball	163527
presuppositions	163525
neurosurgeon	163524
tracheostomy	163521
aetiology	163514
reiterating	163513
epitaxy	163502
cynics	163499
arras	163483
spineless	163477
dither	163451
fathoms	163442
kieffer	163423
reauthorize	163419
neuropsychiatric	163396
elysee	163389
opes	163389
physic	163375
nuptial	163369
shoveling	163368
minnehaha	163357
thickest	163335
externe	163330
daphnia	163323
bulbous	163322
thakur	163321
parasitism	163317
whist	163310
collateralized	163293
hwan	163285
storages	163284
marae	163277
expound	163271
biogeographic	163266
exhilaration	163249
nias	163249
nain	163247
neckwear	163236
lordships	163222
cott	163217
chanced	163208
stonework	163191
camouflaged	163190
wagener	163181
huerta	163168
lockbox	163166
fastenings	163154
comfrey	163151
sayid	163143
milkman	163134
pollsters	163131
inexact	163122
polder	163116
eidolon	163105
remodelers	163097
blam	163090
ketch	163062
dopa	163060
codify	163059
treeless	163053
adores	163046
sephardic	163039
samoyed	163037
resourcefulness	163030
stearic	163029
aground	163017
splendidly	162992
feuille	162983
dobie	162980
inattention	162958
integrally	162956
redwing	162919
discolored	162914
interdependencies	162911
redevelop	162891
sinning	162869
pronunciations	162865
untagged	162857
forestall	162847
moselle	162827
gnawing	162818
mucking	162818
gasser	162810
uncategorised	162801
malathion	162796
crudely	162784
prepping	162783
boucle	162772
testamentary	162770
ciliary	162765
saplings	162763
bayberry	162761
bicep	162754
otherworldly	162731
molesters	162726
despairing	162725
profuse	162721
dispelling	162714
attainments	162711
unselect	162710
vincristine	162703
gane	162702
couched	162681
maroons	162681
bestows	162676
interferometric	162665
rickets	162663
pullers	162662
costed	162661
honorarium	162654
traditionalists	162647
sone	162637
wows	162592
horology	162575
particularity	162566
asgard	162556
softs	162553
monopolist	162549
knighthood	162548
blesses	162547
stebbins	162539
dure	162535
lunes	162527
borderlands	162505
stooping	162502
globetrotters	162500
sickened	162500
requisitioning	162491
tali	162490
canteens	162488
thoroughfares	162463
elicitation	162453
dural	162445
penniless	162428
lapin	162426
thromboembolism	162419
abrogated	162405
vasa	162380
kingship	162367
squashing	162362
algol	162346
manes	162340
cetaceans	162335
retrenchment	162306
punctures	162305
relapsing	162275
arcadian	162274
bollards	162265
swart	162262
reconfiguring	162258
mobsters	162238
screed	162227
eschew	162226
kevan	162223
vanda	162215
amniocentesis	162206
vastness	162206
steakhouses	162196
burdock	162195
externality	162185
coit	162174
mccarthyism	162165
initiations	162161
precipitous	162159
oppositions	162152
detachments	162151
swifts	162146
scherzo	162138
sers	162133
chromate	162130
arsenals	162117
tramping	162094
thereabouts	162073
lida	162071
kalo	162055
weald	162053
kamel	162041
betrothed	162022
pourquoi	161997
overvalued	161991
bloomers	161989
iterating	161984
dispelled	161982
romaji	161978
unexploded	161975
dicey	161963
interruptible	161946
hocus	161938
prenuptial	161930
pierrot	161928
sameness	161871
disraeli	161853
coexisting	161849
scruples	161849
oker	161846
arapaho	161842
gloved	161839
bete	161820
fidelis	161813
dodges	161805
hotness	161805
rebuffed	161804
dowdy	161797
decadal	161785
tomographic	161776
clamoring	161773
wordsmith	161750
fiduciaries	161738
grouting	161734
cheviot	161732
visitations	161727
recklessness	161711
stirrups	161694
crosspoint	161682
intimated	161674
allspice	161670
dingwall	161663
squirming	161652
pleiades	161651
thunderstruck	161651
surreptitiously	161650
coranto	161644
finery	161631
clubbers	161617
rials	161604
geneticist	161582
dibble	161578
lindane	161558
procrastinate	161546
transiting	161543
horsetail	161528
upstarts	161528
brasher	161523
eugenie	161513
sequestered	161510
daybeds	161502
hipsters	161498
technicality	161495
protectant	161494
indentured	161474
yate	161473
dodecyl	161472
contraption	161461
physicochemical	161445
hesitating	161434
histopathological	161431
mishnah	161426
deadlocks	161412
tanners	161397
cenozoic	161396
stoops	161396
awm	161387
soka	161379
dungy	161356
knockdown	161342
nuthatch	161330
subparts	161297
stiffening	161288
hazelnuts	161268
spurge	161263
dilly	161256
scrutinizing	161250
workup	161248
getid	161244
allude	161242
shaka	161238
interesse	161236
sprawled	161236
moly	161233
circumferential	161229
notational	161224
gamba	161217
netsuke	161201
biocides	161179
folky	161177
prost	161175
stripers	161171
reappraisal	161163
courted	161147
symposiums	161146
scuffs	161132
dobby	161122
condoned	161114
unsavory	161102
stuns	161099
parenthetical	161091
bluegill	161074
repackaging	161074
deservedly	161071
sation	161068
exacta	161059
sanjeev	161054
blackbirds	161053
vowing	161040
microbiologist	161029
uveitis	161024
krantz	161004
plying	161002
gangrene	160995
chipboard	160992
purplish	160983
earmark	160978
conker	160972
rhineland	160958
regattas	160943
compensator	160940
pineapples	160920
metallicity	160900
cuvee	160890
enliven	160888
volatiles	160879
sumi	160872
glycolysis	160870
hollowed	160848
graven	160845
craved	160836
formulates	160830
secreting	160819
submerge	160804
fracas	160789
envelop	160788
dustbin	160768
dismount	160764
myopathy	160762
jacketed	160744
grudgingly	160743
quae	160734
jetted	160725
murillo	160721
cheapo	160717
psia	160697
sikes	160692
bawdy	160667
hyperlipidemia	160663
bole	160649
pendulums	160648
heo	160637
believeth	160619
corvus	160582
unafraid	160575
stamens	160562
psoriatic	160544
launder	160535
quarles	160514
celled	160497
defroster	160493
facsimiles	160483
alcantara	160482
omnipotence	160477
irresponsibility	160467
guarantors	160465
pontificate	160424
weatherly	160424
seaports	160407
daylilies	160393
aerator	160391
multistage	160387
conscientiously	160385
boomed	160379
distancing	160362
transiently	160345
vulvar	160338
jussi	160332
beaut	160328
joust	160309
grander	160286
shackled	160265
lackland	160240
weedy	160228
fractionated	160216
metronomes	160196
saleable	160195
hittite	160190
linolenic	160182
hadnt	160178
sacra	160174
ultrasonics	160160
granulation	160150
hooter	160136
hool	160131
yantra	160124
shacks	160123
booed	160116
carcinoid	160110
craw	160103
recommit	160097
pimped	160095
airdate	160089
gastroenterologists	160082
abattoir	160074
ironwork	160069
extruder	160064
brightens	160039
palmitate	160020
georgians	159994
collis	159989
jailer	159969
foursquare	159956
victimisation	159951
solitaires	159942
chara	159940
tolerating	159909
backflip	159906
receptivity	159893
vibrates	159872
gladden	159866
agoraphobia	159864
sarcastically	159862
tuft	159856
ghast	159837
quickened	159837
reverent	159829
retrofitted	159826
braved	159821
emanates	159815
studium	159792
lucchese	159771
hoodoo	159767
geysers	159757
beckoned	159756
unquestioned	159753
migrator	159738
estrus	159732
scrawled	159728
afoul	159727
savagely	159699
crosswalks	159683
misstatements	159679
oklahoman	159670
labret	159643
gunfight	159629
meridional	159604
usurped	159601
hames	159559
micronutrient	159559
inkwell	159547
opalescent	159521
swappers	159519
monstrosity	159518
alstroemeria	159515
contemptuous	159512
reorientation	159506
bataan	159505
pocus	159497
recognizer	159495
corynebacterium	159487
prepend	159448
ersatz	159432
hance	159430
xylitol	159430
ravishing	159418
unissued	159416
deconvolution	159411
grumbled	159401
moribund	159393
killdeer	159388
tillers	159387
toft	159379
mahajan	159369
disheartening	159363
orignal	159359
hydronic	159339
plagioclase	159330
nobis	159308
uridine	159298
incorporations	159297
channelized	159267
prothrombin	159264
vermiculite	159261
kudo	159243
ology	159238
unavoidably	159233
altho	159231
tams	159228
blest	159216
mesas	159214
dele	159192
elian	159178
kori	159174
menial	159164
clayey	159159
gamecock	159150
morphologic	159131
synchronously	159129
amenorrhea	159127
consumo	159127
delighting	159125
padraig	159123
sures	159115
ineffectiveness	159092
homogenized	159087
conjuring	159072
nonexclusive	159050
picea	159045
caza	159041
disjunctive	159040
dutiful	159034
instigate	159028
nsec	159024
legitimize	159021
absurdities	159017
leaseback	159016
ony	159012
vehement	159012
gordian	159007
tainan	158996
edification	158992
causally	158987
leotards	158984
photoresist	158967
unquote	158947
karo	158946
filtre	158935
flinch	158928
vasodilator	158920
pasties	158919
stre	158911
theorized	158900
despot	158891
travelog	158884
salta	158864
intestate	158862
buggers	158859
affaire	158856
excavate	158855
insincere	158845
plasters	158842
kou	158820
koalas	158801
aventurine	158800
inger	158785
iou	158777
privet	158777
carretera	158762
beckoning	158747
uncompensated	158746
retooling	158735
planed	158702
latrines	158697
vivant	158695
flam	158679
warplanes	158676
rupiahs	158672
kapur	158659
flexor	158647
acculturation	158627
eldritch	158609
raffia	158608
kipper	158581
caravanning	158580
numerics	158573
ignis	158549
trusteeship	158541
positivism	158535
begone	158519
lucidity	158490
feuds	158477
dilantin	158468
chlor	158462
nibs	158456
videophone	158435
coprocessor	158430
counterfactual	158420
toque	158397
gauchos	158385
martes	158383
distill	158380
warbird	158350
leptons	158344
randomize	158342
arctan	158317
primi	158292
milks	158281
hiver	158244
invitees	158241
lateness	158205
synchronise	158194
mero	158190
irani	158176
wey	158167
radiata	158164
tains	158156
extrapolating	158153
allegretto	158145
dier	158142
confectioners	158137
changeling	158134
bigwig	158102
nunnery	158084
forefinger	158078
supers	158078
paren	158052
rudiments	158046
epoxies	158044
vali	158032
diverticulitis	158024
celibate	158022
heathens	158022
chinaberry	158004
simul	158003
jiffies	157998
schistosomiasis	157997
relaxers	157993
throwers	157992
disturbingly	157989
clatter	157981
corroded	157941
faultless	157912
awkwardness	157906
nonfinancial	157901
transaminase	157900
praiseworthy	157890
seigneur	157879
gorgonzola	157872
wolfhound	157862
anaesthetics	157855
funerary	157850
sunstar	157844
symphonia	157842
potteries	157836
chihuahuas	157832
tributed	157816
peppercorns	157797
tensioning	157788
ails	157786
spironolactone	157780
beamish	157769
trefoil	157758
riptide	157756
theologically	157748
rorschach	157746
detracts	157742
trapezoidal	157731
sey	157715
cilia	157701
southwood	157678
vapours	157676
buna	157626
personalizing	157625
nonwoven	157624
salar	157614
develope	157613
quinte	157594
minette	157582
jaycees	157575
sundowner	157570
mashpee	157558
inhalants	157556
firings	157544
perversions	157543
quipped	157540
delphine	157536
renumber	157525
tucano	157518
pinon	157507
speckle	157495
interpolating	157488
snotty	157481
remiss	157475
languishing	157473
pontius	157470
anchoress	157465
copperhead	157462
entrails	157440
avera	157436
slinging	157429
relishes	157427
uprisings	157426
subsonic	157393
cossack	157383
hox	157380
strabismus	157366
garnishes	157359
rupa	157358
diffusivity	157351
genny	157335
gossard	157334
sultana	157333
atheistic	157331
oilily	157320
unforgivable	157319
adventuring	157318
torte	157289
thrashed	157288
topsail	157270
moneymaker	157269
catamarans	157263
thermoplastics	157252
regenerator	157250
backlighting	157237
cued	157219
orderings	157211
masseuse	157195
modicum	157191
midseason	157189
slob	157183
mutuel	157155
appropriates	157146
ethiopians	157138
manasseh	157115
ureter	157112
stabilising	157098
propellants	157090
rajah	157089
persuasions	157079
steppes	157074
sheathed	157072
oscillate	157070
derided	157058
birder	157057
felted	157048
vocally	157048
retrial	157041
seeping	157041
encroach	157029
flotsam	157013
calli	157010
centaurs	157007
correlative	156997
fritters	156984
maire	156974
outed	156963
diametrically	156962
hangovers	156957
fasted	156941
hummers	156920
neutering	156917
astrocytoma	156894
freakish	156862
comal	156852
readied	156847
equidistant	156838
hypoglycemic	156835
puy	156812
dicker	156805
homoeopathy	156797
gazes	156793
dipstick	156784
pallbearers	156779
virginians	156771
raindrop	156765
antacid	156763
vaporizer	156757
twats	156751
expt	156748
showboat	156738
negligently	156736
sistine	156705
jefe	156693
peppy	156692
irritations	156652
amperage	156647
studentship	156646
stashed	156641
ansa	156638
descript	156601
costar	156576
hadden	156555
asem	156554
yugoslavian	156545
unmoved	156544
endodontics	156538
stunner	156537
pyrotechnic	156512
fancier	156511
glum	156511
roomie	156501
gumtree	156487
psychodynamic	156485
aldine	156472
talismans	156460
hemostasis	156454
bunnell	156442
palliser	156441
perplexity	156441
areola	156437
sabe	156418
loess	156409
potlatch	156396
harish	156395
humic	156383
formalisms	156362
sulky	156355
giantess	156349
chocolatier	156326
dieticians	156320
hangars	156311
skyward	156306
woeful	156304
downsized	156296
shafter	156276
malfeasance	156275
dation	156257
clowning	156254
vandalized	156250
polluter	156241
heroics	156239
egger	156232
acupuncturist	156228
westerner	156228
sylva	156204
droop	156194
speedwell	156181
overdoses	156164
dislodge	156158
voyageur	156145
tithing	156128
recd	156117
waded	156095
indict	156085
divalent	156041
groomers	156029
unacknowledged	156028
revisionism	156026
harmonise	156016
quietest	156010
carven	156002
aptitudes	155989
caci	155982
bonnes	155973
confusions	155969
maniacal	155962
alimentary	155958
wus	155955
gerbils	155948
speeded	155947
slicks	155938
slovaks	155935
tuberculin	155933
nester	155912
nurtures	155901
outgrow	155882
declarer	155876
encroachments	155876
guidecraft	155875
ineffable	155869
maintainable	155869
hearer	155868
rancheria	155860
awakes	155842
levering	155805
copps	155790
cuppa	155780
generis	155771
sadomasochism	155771
senegalese	155763
acceding	155750
tamas	155749
zit	155748
flaking	155716
probity	155711
liane	155704
grubs	155690
unflinching	155681
bergh	155674
murmuring	155674
nonlocal	155661
gentrification	155644
kop	155643
triumphal	155633
wildebeest	155625
issuances	155616
affable	155590
resurgent	155586
determinative	155581
renegotiate	155581
schnabel	155557
sommelier	155524
stepney	155511
pimpernel	155508
affy	155504
helpfully	155504
worshipers	155498
teardrops	155496
pinnock	155491
pericardial	155480
ultime	155467
thrombolytic	155465
gingival	155430
involution	155425
underinsured	155415
countermeasure	155413
novela	155400
bisexuality	155393
windel	155390
flail	155382
sumption	155361
molars	155360
disqualifying	155359
eland	155343
semigroup	155316
discriminator	155291
disaggregation	155278
pook	155273
adulterated	155265
nicodemus	155259
ardor	155258
proofreader	155232
sterols	155214
missive	155213
scooping	155211
tinny	155192
ascends	155183
splintered	155179
sexed	155161
transacting	155154
oesophageal	155144
recompiling	155138
annoyingly	155136
stanly	155131
nomine	155128
cabochons	155104
satisfiable	155100
windswept	155097
loafing	155087
beeman	155085
roosting	155081
talus	155055
republicanism	155053
aeron	155041
foibles	155013
cose	155006
fantasize	155004
dures	155000
occluded	154991
choses	154990
squatter	154989
colourless	154977
shibboleth	154962
salespersons	154960
cise	154943
jobber	154934
limiters	154923
unyielding	154923
flabby	154911
toxoplasma	154908
slurred	154890
enlarges	154887
somatosensory	154878
apace	154873
loral	154870
mobilising	154857
stepson	154845
sideboards	154844
anorak	154835
harbored	154826
carob	154818
bulwark	154812
sheltie	154810
holgate	154799
mangold	154797
choise	154773
beefed	154769
simplicial	154769
speculates	154755
clipboards	154745
stringy	154732
misusing	154729
befriends	154682
sonorous	154672
cohabiting	154651
breastplate	154648
draughts	154636
auxin	154606
resupply	154606
heaved	154596
individualist	154588
intercompany	154587
fashioning	154581
bushwalking	154563
churned	154553
pistachios	154548
ironies	154533
boric	154527
reliving	154499
constitutively	154498
acrobats	154489
endorphin	154477
dappled	154476
gallic	154472
phobic	154464
tubule	154450
turkic	154450
kayo	154447
alai	154446
azaleas	154434
patriarchate	154433
waltzing	154418
thermonuclear	154413
tacking	154404
polemics	154385
feigned	154380
esophagitis	154365
armrests	154348
dross	154345
solidity	154323
doge	154318
campagna	154317
dockyard	154302
lill	154286
indecisive	154278
opportunist	154278
biotechnological	154277
yucky	154277
recurs	154276
dripped	154273
floridians	154259
refuel	154235
redeveloped	154231
epicure	154227
spiers	154201
sorbent	154192
remediate	154189
cinnabar	154180
photoelectron	154172
levity	154149
regularities	154148
adjudicating	154135
serotypes	154134
journeying	154129
speller	154122
oppressor	154097
metrical	154092
sierras	154089
tamales	154085
hauls	154079
novum	154066
imperia	154051
immeasurably	154042
hygrometer	154033
haggling	154032
homebuilding	154027
tussle	154015
urologist	154012
toughened	154011
unp	154005
fiendish	153995
diaphragms	153978
glorification	153972
mothership	153970
wayfarer	153962
passeriformes	153949
forebrain	153939
arabians	153931
reamer	153931
expanses	153929
rle	153913
lunas	153893
satsuma	153888
hypothetically	153886
superceded	153881
hems	153874
dervish	153858
irrepressible	153844
takao	153842
interrogating	153832
monadnock	153822
generalizes	153820
readying	153815
baler	153800
kaon	153800
tempos	153785
wilted	153782
monongahela	153781
emoluments	153778
egal	153768
modellers	153768
conned	153760
tangram	153749
czechoslovak	153744
tinfoil	153732
hoodlum	153729
hypergeometric	153722
chelate	153715
typhoons	153714
mutes	153707
accompanist	153694
midyear	153676
outwit	153676
unmediated	153673
sidetracked	153669
magnesia	153659
patronize	153653
impassable	153633
ipsilateral	153626
serf	153620
subtask	153618
buries	153598
vobis	153590
boozer	153589
gaels	153588
revamps	153586
nicotiana	153583
phlegm	153580
signor	153580
connectionless	153572
subatomic	153556
paddler	153552
scruff	153549
flanker	153548
freedmen	153544
giglio	153528
obliging	153517
hermetically	153509
gravestones	153506
decrypting	153495
uncommonly	153489
nudged	153475
decidable	153466
inhospitable	153464
dissension	153459
hallucinogenic	153451
looseleaf	153441
playfield	153418
coleslaw	153416
intermingled	153401
calander	153396
dwarfed	153380
kooky	153380
absentia	153362
overproduction	153356
bact	153344
asters	153326
stanze	153304
necropolis	153299
quinones	153298
disregards	153297
boxy	153294
grosgrain	153291
ritualistic	153283
surmounted	153275
dissector	153271
verbiage	153263
moonset	153256
bundt	153250
impelled	153246
nondisclosure	153246
salutary	153239
deform	153220
chemistries	153184
postpones	153178
frosts	153163
ipecac	153160
ached	153141
capitalistic	153132
defile	153123
coleen	153118
xylem	153110
draftsman	153100
debrief	153096
reales	153096
rotatable	153090
infanticide	153087
ribbing	153080
bradycardia	153078
foxglove	153046
porphyria	153034
recip	153029
effectually	153026
friendlies	152999
unprovoked	152986
apocryphal	152976
senso	152976
pallid	152974
successional	152973
checkouts	152956
sulphuric	152943
antipathy	152936
borzoi	152926
skinheads	152922
cumbrian	152912
mian	152905
atone	152901
valse	152885
douce	152874
deoxyribonucleic	152873
individualised	152852
storeroom	152838
cornel	152815
theodora	152812
glabrous	152804
cesses	152793
islamism	152778
bleacher	152773
conquistador	152772
paler	152772
wastebasket	152771
arrowsmith	152769
cuter	152750
overcurrent	152748
unknowable	152743
lozenge	152717
formwork	152713
woks	152707
polyimide	152705
scarier	152677
jerald	152671
steelman	152670
vav	152644
topside	152631
stockpiled	152623
displayable	152622
offing	152619
honeypot	152613
upheavals	152606
recharges	152571
plaguing	152565
plasterers	152561
infest	152559
wallflowers	152556
touristy	152534
crikey	152531
herat	152529
hardens	152522
alister	152512
frisk	152512
separatism	152508
oiler	152495
paroled	152492
covalently	152484
ideation	152466
tonics	152466
expelling	152444
uinta	152430
uniques	152425
rodd	152400
terrorizing	152400
booger	152380
milage	152370
obliges	152360
pertained	152354
beneficent	152313
occultism	152296
luxuriant	152295
mulatto	152291
plausibly	152274
honcho	152263
stapling	152260
recuperation	152243
concubine	152241
edwina	152239
cella	152229
unfocused	152204
complimenting	152197
emeriti	152190
courtly	152172
dampness	152156
circulator	152154
flourescent	152144
lightheadedness	152133
downsize	152120
rax	152108
kampong	152082
pumas	152053
empt	152038
internists	152034
silversmith	152031
peterman	152007
phallic	152004
platitudes	151997
pois	151967
pigweed	151954
porphyry	151948
deviating	151939
breakneck	151920
catamounts	151917
shofar	151916
mesenchymal	151908
taunted	151906
ernestine	151885
hued	151863
flon	151850
tela	151850
hindustani	151829
goldilocks	151826
chelating	151817
catapulted	151808
bubbled	151802
tinctures	151802
oromo	151786
mementos	151779
soloing	151776
caseworkers	151772
teratology	151769
semicolons	151764
ushering	151759
mortified	151758
wallsend	151758
curation	151752
upturned	151749
mechanization	151743
sieves	151738
pressly	151736
underappreciated	151730
sunrooms	151711
cordage	151707
hobbled	151704
loath	151677
goaltending	151675
nibbling	151674
moun	151664
unsophisticated	151662
gestured	151660
nightie	151653
meatless	151652
chutneys	151610
institutionally	151606
remap	151596
vexing	151593
antisera	151591
longa	151573
digression	151569
astonish	151568
dynastic	151559
neves	151558
topline	151554
cognizance	151547
savoring	151546
woodburning	151543
harlequins	151540
crossbows	151532
piquet	151531
bindi	151524
loveliest	151520
casbah	151516
vaginitis	151504
nearness	151493
arcos	151492
jesters	151488
tutored	151444
landform	151435
procurator	151433
leftism	151432
plaintive	151426
exult	151420
misting	151420
claps	151414
disreputable	151406
strikeout	151390
seraph	151382
sarongs	151364
kebabs	151363
thymic	151351
dressmaker	151348
marchetti	151330
reaffirmation	151330
noradrenaline	151312
ramiro	151307
publican	151295
boycotted	151255
smokescreen	151252
hoar	151247
afterimage	151238
precluding	151237
circumventing	151235
arrowheads	151219
preceeding	151215
refl	151215
debutante	151214
aileron	151178
hedonistic	151178
reanalysis	151156
rebuffs	151141
refractories	151127
handmaid	151116
toltec	151095
pipet	151087
chemises	151065
sputter	151052
yellowtail	151050
pimentel	151037
obsessively	151034
handily	151026
tav	151025
judgemental	151020
jiao	151005
impostor	150991
nomen	150990
sharan	150964
mycorrhizal	150952
ponderous	150948
agnus	150944
mishandling	150943
evaporating	150932
shoppes	150932
banister	150927
scrupulously	150907
checkups	150886
floodgates	150884
intruding	150878
rationalist	150865
blat	150861
culturing	150860
baptize	150859
wab	150852
immigrate	150848
carbonaceous	150836
quixotic	150828
panicum	150822
scampi	150813
athleticism	150805
construing	150780
misreading	150772
nasopharyngeal	150743
goebbels	150714
fatigues	150711
asaph	150704
relaxer	150702
princesse	150699
nother	150697
unequaled	150689
delisted	150686
swazi	150686
paiute	150681
plucky	150671
occupancies	150668
horning	150661
loggia	150659
untidy	150659
feh	150650
baobab	150643
tribesmen	150600
subsist	150579
subfamilies	150575
militaries	150569
nutters	150540
augen	150534
beholding	150520
multicellular	150514
duan	150509
leve	150496
scarfs	150496
shallows	150483
huma	150473
cedarwood	150471
gunsmith	150466
tablas	150463
adjuvants	150446
beagles	150433
phlebotomy	150429
ordovician	150419
debugged	150414
glycosides	150394
rubus	150384
gomer	150383
unjustifiable	150362
cloverleaf	150358
growls	150348
saucier	150326
sported	150321
quaking	150320
frothing	150311
spews	150306
galas	150294
commingled	150291
refraining	150291
approvers	150286
nuclide	150281
vetch	150281
coasting	150273
minish	150265
throughly	150258
riskier	150257
pdn	150256
rivieres	150233
fiqh	150229
carrs	150212
goiter	150198
befallen	150193
electrocution	150185
alleviates	150149
microscopically	150141
defibrillation	150139
animism	150110
conciliatory	150100
stiffen	150096
credibly	150092
schemata	150082
toxicities	150063
bure	150058
siltation	150057
louvers	150056
logbooks	150045
showman	150032
officiated	150013
harmer	150000
witchy	149982
distemper	149975
subterfuge	149971
syncytial	149965
oiling	149956
psalmist	149954
nonrecurring	149935
bismark	149929
compositor	149914
aspired	149900
runnels	149896
hemerocallis	149892
plantae	149837
hillfort	149807
skelly	149793
noma	149777
donat	149771
saluki	149771
penitent	149760
stour	149756
toyed	149746
anglaise	149736
lamentation	149735
monteith	149723
doormats	149718
extol	149713
apportion	149703
basswood	149698
patrimony	149697
lectureship	149691
downtrodden	149657
craftspeople	149647
seawall	149640
curlers	149629
bisley	149623
strix	149610
belgians	149589
lambeau	149588
sanitize	149588
papuan	149587
externship	149577
tari	149575
promulgating	149569
vectis	149557
demerol	149552
spewed	149547
amanita	149544
jamb	149543
knave	149542
functionaries	149536
solider	149535
snowpack	149504
concessionary	149500
croup	149483
multisystem	149472
gusting	149441
harewood	149431
quintin	149431
broadcloth	149426
disuse	149425
leveler	149419
reeled	149417
balling	149413
layover	149403
ineptitude	149387
quire	149380
pleasuring	149362
classless	149359
slacking	149351
alkaloid	149347
glittery	149337
vicariously	149332
amendatory	149329
handedness	149291
brags	149273
unmount	149269
appalachians	149264
tetrahedral	149259
fascinate	149252
unhandled	149242
desdemona	149238
constricted	149224
appealable	149215
garish	149208
waw	149208
campana	149207
gim	149180
jara	149166
baronet	149150
sheth	149150
atresia	149139
oxidizer	149134
bombastic	149121
bails	149105
turnoff	149097
airlock	149042
moats	149042
scoffed	149026
mallards	149025
thieving	149024
combiner	148999
cosmonaut	148983
multicore	148979
electrotechnical	148973
blowback	148972
dirks	148968
snarled	148961
hagrid	148951
circumpolar	148944
unearthly	148942
bacteremia	148938
predestination	148934
fiducial	148927
foreshadowing	148918
foun	148915
rads	148911
knowhow	148908
regulus	148901
whys	148895
extramarital	148888
radiograph	148886
premade	148857
dreamscape	148832
stroma	148831
oligopoly	148827
trichloroethylene	148812
prospectors	148802
languid	148753
histones	148748
reviled	148744
coverlet	148732
papermaking	148732
anachronistic	148730
smoothes	148720
puno	148704
starkly	148700
spann	148689
ratty	148678
fearfully	148673
fingerless	148665
intermix	148661
secretariats	148653
impersonating	148631
outdoorsman	148630
smoothest	148629
phalaenopsis	148605
lwo	148548
musketeer	148547
unhindered	148543
meanders	148534
fiddles	148530
retrofits	148527
furlongs	148520
homogenization	148515
fens	148513
pilaf	148512
kerrie	148508
neurofibromatosis	148501
arraigned	148498
criticises	148492
fogging	148479
tabulate	148479
whitewashed	148466
fumarate	148462
gilding	148460
twining	148441
sickest	148421
explication	148411
violette	148405
formated	148403
scree	148396
outlawing	148393
humanely	148390
breakable	148368
rainstorm	148350
uncoordinated	148329
casal	148318
lamer	148317
outland	148316
teletype	148316
incompletely	148309
phrasal	148306
kilowatts	148280
sigmoid	148267
defectors	148262
gaiety	148256
acolyte	148254
gadolinium	148254
azonic	148241
bioaccumulation	148233
nondeterministic	148202
cads	148201
cerise	148200
frangipani	148189
uttermost	148188
woodcarving	148186
letitia	148179
imperator	148168
overthrew	148166
aeolian	148156
acy	148143
gunny	148136
lave	148131
dielectrics	148123
headstock	148112
crabgrass	148107
frowns	148086
candlebox	148074
realists	148055
phoney	148042
sheepish	148021
sedated	148017
alphas	148005
bunce	147990
encephalomyelitis	147988
objectivist	147947
upholsterers	147947
aftershocks	147942
incestuous	147937
antic	147936
abed	147933
edifying	147931
kennet	147927
nubile	147922
dreadfully	147917
sadder	147911
expressionist	147910
hirer	147904
ravage	147903
uncool	147892
contemptible	147876
mugged	147875
crosstown	147869
dentin	147869
unfailing	147866
fowls	147855
acetylcholinesterase	147849
untoward	147830
gaskin	147818
invigorate	147816
aisling	147786
resizer	147752
acrylonitrile	147742
berms	147739
clergymen	147734
chlorite	147708
fiel	147671
endeavouring	147669
nudie	147669
patentee	147644
troublemaker	147640
dislodged	147631
fister	147631
cush	147624
institutionalised	147619
casse	147609
decompile	147605
maro	147587
filmographies	147585
overcharging	147585
peeked	147575
synonymy	147570
bellwether	147569
obviate	147559
zakat	147546
juster	147544
leman	147542
gaging	147527
defloration	147520
representativeness	147517
getters	147514
genom	147512
puntos	147502
primero	147484
saluting	147480
labile	147473
beguiling	147471
bayonets	147470
cushy	147465
backslashes	147451
trompe	147425
racetracks	147424
flavius	147423
gie	147404
indeterminacy	147402
mobilised	147397
playfulness	147396
irrationality	147394
bandanna	147375
photometer	147375
whodunit	147372
confluent	147367
brid	147338
mistrial	147323
wilding	147320
unpleasurable	147304
anthracene	147296
lally	147296
mollusca	147295
husks	147291
impingement	147268
habsburg	147264
redecorating	147264
beckon	147231
raved	147221
grappa	147203
redrawn	147193
trailblazing	147193
jewelled	147190
ilocano	147182
mediations	147182
noncommutative	147178
tensioned	147177
conglomeration	147168
chay	147152
reaps	147148
interlocked	147106
lanolin	147085
cees	147054
stringers	147040
tourn	147038
premonition	147035
autoradiography	147030
quadriceps	147017
bulbophyllum	147008
turnarounds	147003
recut	146984
jur	146980
sureties	146976
dabble	146962
cesta	146961
montre	146937
grunting	146936
remodeler	146935
tonner	146923
overzealous	146921
shat	146920
baubles	146918
personages	146910
biogeochemistry	146909
dows	146889
exigencies	146887
sanitarium	146877
scrim	146877
egyptology	146873
heightens	146844
bacilli	146838
marveled	146823
gilts	146810
swallowtail	146810
grf	146808
peloponnesian	146791
buttes	146778
gotha	146743
alginate	146733
kep	146721
incommunicado	146712
fossilized	146704
unheated	146701
chitin	146693
cultivator	146685
crimper	146681
nihil	146679
abernethy	146667
ovine	146663
quintus	146657
crucify	146650
falsifying	146640
unsaid	146625
julienne	146601
downplayed	146598
gazetted	146591
mirador	146591
boulanger	146585
cassino	146576
untie	146576
ferredoxin	146543
instigator	146537
fathered	146533
vizsla	146533
maleate	146531
sny	146529
incrementing	146528
girt	146514
interprocess	146511
annul	146490
lanky	146488
vises	146483
reaves	146482
samarkand	146482
committer	146471
blushes	146460
shewed	146448
pregame	146447
equivalences	146444
eavesdrop	146438
outdo	146433
globalism	146429
bodhi	146406
sycamores	146403
laz	146400
axially	146396
shrieked	146395
truant	146395
instrumentalities	146349
officiant	146335
endpapers	146334
familiarization	146333
derailment	146331
peroxides	146318
emirate	146303
ermine	146290
inventiveness	146281
shales	146277
corroboration	146269
backplate	146248
teetering	146246
gara	146241
bleeping	146238
swiped	146228
cottontail	146203
circe	146191
capitulation	146174
aspirant	146163
tunney	146149
airbrushed	146144
burdon	146132
germinal	146124
tunings	146115
biotechnologies	146064
parl	146062
pestis	146045
passageways	146029
vindicate	146028
stich	146019
underscoring	146016
channelling	146012
thyrotropin	146009
corresp	146004
remixing	146003
repelling	145993
slumping	145987
internode	145966
morbus	145964
echelons	145962
fallible	145918
pantheism	145915
prolongs	145906
jawbreaker	145885
strutting	145885
stenting	145864
succumbing	145861
klebsiella	145859
cagayan	145836
incalculable	145836
vagas	145828
pearlescent	145819
mammy	145805
soliloquy	145805
beaks	145800
ikebana	145797
organon	145793
bloodstock	145766
colorimetric	145760
caresses	145748
stenciling	145744
hexes	145736
infusing	145734
numismatics	145734
nuda	145713
veganism	145711
forb	145707
indolent	145693
ursus	145685
scintillator	145684
myelogenous	145674
stackers	145673
bittern	145663
quayside	145662
banns	145651
thistles	145635
orchestrating	145626
idiosyncrasies	145619
asparagine	145605
inducements	145600
ennui	145576
abetted	145570
daystar	145570
drome	145557
mcphail	145556
silvicultural	145531
halftone	145508
expending	145499
stranding	145481
intentionality	145473
devalued	145459
accusative	145450
sweltering	145446
outpace	145442
cohesiveness	145437
verdigris	145428
biocontrol	145423
bedfellows	145420
employable	145414
purer	145370
hedgerows	145358
hydrography	145357
productid	145355
equilibration	145349
narrowest	145339
revving	145329
exigent	145324
squids	145323
rebounder	145322
disapproving	145301
rld	145298
bactericidal	145277
premia	145248
interrogative	145239
deadpan	145228
spacings	145209
squealing	145196
drawable	145192
feverishly	145191
bradykinin	145184
zeroed	145184
sneaked	145176
codeword	145174
drowns	145168
discretely	145162
repurchased	145154
hatchbacks	145151
wagoneer	145122
trave	145105
porgy	145097
swales	145092
colas	145079
remapping	145078
persuasively	145065
urna	145042
mathematic	145041
munsters	145036
kempster	145032
walloon	145012
juri	145006
simson	145005
flours	145002
septicemia	144994
squalor	144986
reassessed	144983
hyperplane	144980
lyophilized	144963
quadrilateral	144960
panelled	144959
pretreated	144954
denitrification	144953
ossian	144951
gracilis	144942
peristaltic	144935
pygmalion	144929
bulking	144922
violative	144921
fabricant	144914
caddis	144907
chaplet	144906
clincher	144904
narrate	144896
painlessly	144890
peleus	144881
releasers	144880
legwork	144868
nullified	144865
layperson	144864
ebon	144863
radioisotope	144859
ferri	144858
montgomeryshire	144856
hominidae	144849
perse	144844
centrepiece	144835
treacher	144812
ascender	144809
bougainvillea	144806
paraplegia	144800
secy	144796
triticum	144794
bleat	144793
speedball	144791
nek	144783
coops	144776
glorifying	144765
bacteroides	144757
straddles	144747
locarno	144739
gleamed	144737
longshore	144723
valiantly	144723
steeds	144722
macrobiotic	144713
infallibility	144692
reroute	144691
airpark	144659
thins	144657
franciscans	144652
spor	144649
pedaling	144645
trickier	144639
exacerbating	144637
quashed	144629
comport	144624
trailering	144621
waster	144619
malheur	144616
overdo	144613
adamantly	144584
mythologies	144566
unscripted	144554
herbivore	144543
pappy	144540
suppository	144538
tailgater	144536
underestimating	144536
jenkin	144534
radishes	144529
neurotrophic	144519
circumvented	144512
tanka	144512
samburu	144485
pollinated	144482
deeming	144467
conformist	144455
frighteningly	144455
pacifico	144453
maslin	144441
flaccid	144435
devastate	144432
photodynamic	144432
driers	144423
aggressors	144399
putrid	144368
unguarded	144347
prodded	144338
collinear	144321
verges	144316
obliteration	144315
oligomers	144309
fasts	144307
sterner	144301
internist	144271
pochette	144264
downstate	144253
broadsheet	144247
womanly	144227
surmised	144216
accelerometers	144214
arround	144203
cooter	144191
northwards	144191
tiu	144187
mayest	144174
chorizo	144169
maney	144169
outwith	144163
judiciously	144154
sarabande	144139
pneumothorax	144131
hypersensitive	144128
photosensitive	144126
reuniting	144124
ridged	144115
worshipper	144102
fash	144092
ruts	144081
severable	144080
fibroid	144069
regretting	144069
rehydration	144068
kui	144061
scolding	144048
amputations	144028
distributorship	144022
dimpled	144016
massing	144009
moisturize	144007
leathery	143996
ulan	143996
caballos	143971
rajendra	143970
arvo	143969
snorkels	143965
auditioned	143958
packings	143945
endoscope	143942
palenque	143936
memorandums	143933
apostrophes	143923
rationalized	143919
electroencephalography	143911
grimace	143905
bribing	143901
comping	143891
adders	143890
guardsman	143881
miscommunication	143875
unbecoming	143851
boatbuilding	143849
bridles	143845
rinaldo	143836
dejected	143833
pannier	143817
virions	143808
parotid	143807
zeolites	143805
megaliths	143801
chuckie	143796
embargoed	143793
pilling	143780
comely	143779
prow	143778
sprig	143773
asci	143772
suss	143769
chiseled	143768
bistros	143753
empathic	143731
ovate	143727
iterates	143709
minimises	143709
bathhouse	143703
tinea	143689
squander	143687
blanked	143684
puking	143677
swarmed	143677
wields	143668
bonefish	143663
dragoons	143646
genotypic	143643
basketballs	143641
gazpacho	143633
liebig	143629
scad	143627
fiberboard	143626
danio	143619
tellus	143618
seismological	143616
shafted	143611
brune	143577
landholders	143575
dace	143563
lipodystrophy	143557
cradled	143553
comparably	143550
dreads	143549
spurring	143546
protractor	143541
plaything	143534
unoriginal	143525
trolled	143513
pander	143511
calfskin	143509
abominations	143498
underdevelopment	143491
campings	143485
hallman	143474
totems	143467
reestablished	143454
strangling	143445
cultivators	143436
basting	143414
insignificance	143403
miniaturization	143394
riyals	143388
maracaibo	143387
moderato	143378
deceiver	143370
scirocco	143367
sella	143359
mandingo	143355
cartographer	143353
radiations	143347
subsample	143342
nanticoke	143328
sputtered	143324
inducer	143301
merrier	143301
simples	143298
imaginatively	143294
subsides	143276
nobler	143270
michaelmas	143268
katha	143265
uncollected	143263
isoproterenol	143262
malabsorption	143242
edh	143226
acceptors	143217
howled	143213
composted	143186
gullet	143186
blanched	143185
silverback	143182
allemand	143168
sulfides	143166
vegetal	143158
ironside	143150
indirection	143143
chrism	143126
unequalled	143126
bedell	143120
cicely	143102
aubade	143096
cabbie	143093
mimetic	143090
acupuncturists	143088
hemochromatosis	143075
brum	143073
reincarnated	143073
chitra	143071
estrin	143062
vetoes	143060
menses	143058
liason	143041
visualiser	143026
peroxisome	143005
rubbery	142985
temperamental	142966
mirabilis	142964
dyskinesia	142959
dally	142954
collisional	142952
malays	142930
spooked	142926
nauseous	142924
mesoderm	142918
attractant	142911
brandishing	142910
crewman	142909
liquorice	142908
tailpipe	142904
wags	142899
pullback	142897
chronicler	142879
ribonucleic	142872
settlor	142868
paleontological	142864
kie	142862
aube	142842
diagramming	142841
potencies	142833
infiltrates	142829
disproved	142801
justinian	142792
photoalbum	142790
debutantes	142780
soler	142747
whitener	142733
stoichiometric	142722
dobbin	142688
henny	142676
maim	142672
redbird	142668
talmudic	142649
aldolase	142648
speedlight	142647
coquette	142646
ofer	142639
vermouth	142635
fraktur	142634
cochlea	142624
innards	142624
audiophiles	142614
remarking	142614
cobweb	142610
coliforms	142601
localizing	142577
dipl	142576
sati	142564
spica	142550
marita	142549
masterwork	142538
shoop	142537
punctually	142522
accuracies	142520
annotating	142509
unwillingly	142496
duces	142487
cadeau	142477
inflicts	142477
undoubted	142466
biotics	142465
metall	142440
tings	142437
datamation	142436
cholecystectomy	142420
linky	142416
formless	142415
clubhouses	142398
avocet	142385
shipmates	142371
cobbs	142352
barolo	142349
gassed	142328
atlantica	142325
marabou	142317
shorn	142311
doubtfully	142304
whoring	142295
adjustability	142281
acetal	142276
gona	142270
typhus	142268
gassing	142256
reticent	142247
dabbling	142245
welter	142242
lande	142236
daylighting	142229
leat	142229
depreciable	142197
negating	142187
lochaber	142179
exertions	142178
multilayered	142177
brushy	142147
hopscotch	142146
berean	142136
ployment	142135
wallboard	142114
haram	142104
clow	142094
jebel	142078
josip	142072
fth	142057
retentive	142050
sulfite	142043
embargoes	142031
relapses	142022
flexibilities	142015
spiralling	141997
plodding	141994
speedboat	141990
orals	141983
bookmobile	141975
pudsey	141967
sidewalls	141955
deserter	141952
exude	141931
rending	141924
realizable	141917
housatonic	141916
gaillard	141915
stomatitis	141906
concomitantly	141903
consign	141897
mantles	141888
neatness	141884
adornments	141881
dramatics	141878
valuer	141872
britannic	141869
grosbeak	141854
becher	141849
unbeliever	141848
kitchenettes	141844
parading	141835
crabmeat	141833
guerillas	141828
breccia	141823
relaunched	141819
curiouser	141818
showgirl	141809
backhouse	141800
biogen	141798
decomposes	141793
unconvinced	141784
supremo	141780
quantifies	141767
filibusters	141765
hyperparathyroidism	141765
fugu	141755
zapped	141745
honking	141742
experimenters	141729
crazies	141727
gamin	141727
confederated	141726
gali	141721
surfs	141721
axisymmetric	141718
gapping	141706
jiggy	141701
neurogenic	141669
pseudoscience	141669
cahoot	141653
zinger	141653
corder	141636
brainwash	141622
candids	141616
multiethnic	141607
theocratic	141601
drinkable	141597
cormorants	141594
amble	141586
overwhelms	141582
autopsies	141581
plummeting	141576
pejorative	141568
fiver	141567
imu	141562
halides	141549
embankments	141545
teel	141544
purges	141536
chunked	141530
callosum	141517
halving	141515
sowers	141502
aurum	141480
speculator	141472
impatiens	141463
panicking	141459
biphenyl	141458
confection	141454
groggy	141431
valvular	141425
dander	141419
listless	141408
madmen	141408
shelve	141404
wheaten	141394
courtside	141390
arugula	141382
remunerated	141380
copperas	141377
mru	141377
vadis	141371
deprecating	141341
lumberjacks	141341
equalisation	141328
faggots	141328
suff	141317
professorial	141288
mennonites	141282
ducal	141276
dyadic	141274
downcast	141268
bloodstone	141235
decapitation	141208
epoxide	141202
tedium	141188
bolden	141186
seamanship	141162
tribble	141156
baddest	141155
orthogonality	141141
signon	141140
pomegranates	141135
sooth	141125
bondsman	141123
reqd	141119
malling	141117
sportive	141102
harmonium	141095
maulana	141086
miffed	141073
ramped	141072
watchmaking	141070
lasagne	141055
sirdar	141055
stilton	141049
newsrooms	141047
rationalizing	141046
latrine	141031
flyback	141028
knifes	141010
undeserved	141006
unexplainable	141005
tweezer	140995
multiprocessors	140992
washrooms	140992
wod	140988
gulping	140981
audiotapes	140976
beeline	140973
implicates	140969
principalities	140960
aider	140957
excelling	140942
gametes	140935
misadventure	140921
subhead	140860
rond	140851
abovementioned	140842
dramatists	140840
militar	140838
carboxylate	140837
legionnaires	140819
servile	140819
pacifists	140814
pintail	140810
bloodied	140801
kudu	140797
benzoic	140792
weatherstripping	140792
aper	140786
homesites	140784
chickpea	140781
rickety	140776
enchantments	140769
globalizing	140750
secondo	140748
laggards	140728
marzipan	140726
figura	140720
rewriter	140718
unselected	140711
panzers	140707
castrated	140705
woodchuck	140672
prosaic	140662
nightstands	140658
kilter	140643
diadem	140642
pani	140641
tush	140632
anoxic	140618
infiltrator	140612
sincerest	140607
okey	140583
flory	140569
tittle	140564
obsess	140562
homeworks	140556
imprudent	140554
campi	140537
catapults	140537
nannie	140516
bimodal	140504
slee	140498
taxiway	140496
gesturing	140477
deliberated	140472
snubbed	140455
suffocate	140449
dehydrator	140446
humerus	140442
clatsop	140432
friesian	140430
obis	140430
applauding	140424
epithets	140420
toch	140417
poling	140400
sporulation	140390
floundering	140386
undersized	140386
preserver	140373
whse	140369
sniffers	140364
goliad	140358
revolts	140358
flatland	140342
espy	140341
macaques	140326
shuler	140312
rums	140303
benvenuto	140277
stepdaughter	140266
hallow	140253
wharves	140252
jeon	140251
tuxes	140219
canvassed	140203
chastisement	140201
quaternion	140197
standouts	140192
wrapup	140185
biosensor	140177
judicata	140177
unmitigated	140173
orientalism	140148
deke	140143
unplayed	140142
sashes	140135
whined	140135
abbreviate	140105
pictorials	140104
sabot	140101
perpetuates	140097
matriarch	140078
assail	140077
flirtation	140064
reconstitute	140063
tensed	140051
striatal	140045
maduros	140024
androscoggin	140021
courtiers	140016
collagenase	140006
carboniferous	139993
echuca	139975
bootle	139966
anabaena	139949
kerning	139939
bruiser	139932
auriga	139929
tipi	139893
equanimity	139892
trabuco	139891
posies	139890
ceiba	139880
resealable	139875
agitators	139871
venerated	139863
curs	139859
stowage	139854
subclinical	139845
grumbles	139843
binational	139840
frustrates	139839
yakutat	139834
neer	139826
merganser	139818
assimilating	139797
glamor	139797
proudest	139791
cofounder	139789
zits	139789
scram	139774
manhunter	139772
fanciers	139751
corrigendum	139737
dynamometer	139722
subjunctive	139718
airbrushing	139687
chon	139675
firefight	139675
perishing	139674
inaugurate	139672
nanosecond	139670
accumulators	139664
tartarus	139653
tmh	139646
underemployed	139640
wali	139636
stonefly	139622
slavs	139618
counterintuitive	139617
extensional	139614
noiseless	139614
vladislav	139605
worshipful	139600
amores	139584
warlocks	139576
trunked	139557
spurned	139546
percale	139544
jawed	139535
bottega	139504
hecatomb	139502
legalese	139499
abraxas	139490
midstream	139486
hallock	139483
curtailing	139480
immunogenicity	139476
chastised	139450
zealander	139441
musculature	139406
sparklers	139405
deportations	139399
ulnar	139384
controllability	139378
incrimination	139367
forethought	139365
palaeontology	139354
viscera	139343
kenyans	139328
bint	139321
lobed	139319
smirked	139315
crosshairs	139313
cooperators	139304
excitability	139300
subpopulation	139294
madder	139288
unscrew	139259
graveyards	139251
exterminated	139247
vagus	139242
bronzed	139226
basenji	139212
workbenches	139203
glaziers	139190
yogic	139187
pharmacogenetics	139178
markman	139171
grimy	139160
amantadine	139147
postpaid	139146
costumer	139144
proportioning	139130
musicales	139123
subtotals	139123
caca	139113
effectors	139109
lodgement	139094
lascivious	139088
gobbles	139079
panton	139079
karn	139048
asthmatics	139032
dumbing	139012
grapples	139004
dispassionate	138978
haman	138972
unionization	138968
vestas	138947
hld	138942
bringer	138928
aplastic	138915
casita	138909
scarecrows	138887
unrecoverable	138880
charmingly	138870
gunk	138861
oconnor	138853
drillers	138845
undergear	138837
wettest	138827
procrastinator	138817
glimpsed	138811
partaking	138803
childminder	138799
firebrand	138793
bathymetric	138780
newsboys	138773
neuroanatomy	138770
conners	138768
deprecation	138768
intimation	138765
pasi	138763
virion	138756
prehearing	138741
chequered	138735
glimmering	138733
floodlight	138730
alphonso	138728
falla	138716
odonata	138709
disbelieve	138705
debuting	138699
scientologist	138694
brevet	138689
newsmagazine	138676
ghosting	138674
goldfield	138669
corticosterone	138649
synergistically	138648
ursuline	138645
zain	138631
retracting	138610
predispose	138607
physicals	138606
charlesworth	138598
exterminating	138588
retransmissions	138585
revolted	138580
perv	138573
gynecomastia	138571
bunched	138569
besoin	138558
allez	138557
scrutinised	138557
predisposing	138556
tabella	138548
diagrammatic	138544
thalamic	138533
herded	138513
palaeolithic	138511
vies	138482
roti	138467
sectarianism	138464
litigating	138442
yair	138439
fusible	138437
anarchic	138429
deliberating	138423
presentational	138421
sele	138408
londoner	138405
aeschylus	138392
kimonos	138390
dereference	138386
donnybrook	138377
plantagenet	138370
episcopalian	138342
miniaturized	138341
showbread	138334
whare	138331
endive	138326
resubmission	138301
grint	138262
videocassettes	138247
underpayment	138242
soldat	138235
nisi	138225
baklava	138212
tapa	138209
diopter	138198
repudiate	138183
overlords	138180
destabilization	138178
advisability	138165
unspent	138165
lope	138163
tendinitis	138159
corniche	138137
prearranged	138137
festering	138136
heritable	138135
lemurs	138131
extradited	138126
burrs	138116
toros	138100
relinquishing	138098
woon	138076
noy	138068
halflife	138067
automat	138064
tictactoe	138063
dessa	138054
iowans	138053
severs	138048
garnets	138041
loamy	138014
furies	138007
errs	138002
haploid	137996
interleave	137974
formby	137971
piqued	137970
triumvirate	137969
jinks	137967
lysander	137960
walkable	137954
biddy	137910
unimpeded	137910
apolitical	137904
theophilus	137896
crony	137861
roup	137859
chickamauga	137856
sambo	137842
diatonic	137817
instar	137815
professes	137803
colposcopy	137799
stickler	137796
wherewithal	137770
triamcinolone	137764
paperboy	137756
shrieks	137755
sartorius	137732
backfired	137725
maccabees	137723
ominously	137723
swags	137708
valuta	137704
crosscutting	137700
rhizomes	137689
ablution	137649
balti	137642
hamada	137640
rickettsia	137640
brinks	137638
windbreaker	137633
duffs	137632
handcuff	137624
palmar	137593
demure	137587
cephalic	137583
birdbath	137580
vacuous	137569
coherency	137559
capper	137551
griddles	137551
ipse	137535
schimmel	137535
